date,bj920045,sh600206,sh601869,sh603986,sh688008,sh688012,sh688019,sh688037,sh688041,sh688072,sh688082,sh688120,sh688205,sh688249,sh688256,sh688268,sh688300,sh688347,sh688361,sh688409,sh688498,sh688535,sh688825,sz002281,sz002371,sz002409,sz300054,sz300223,sz300604,sz300666,sz300776
2023-01-03,0,0,0,0,0,0,0,0,0,0,0,0,0,0,0,0,0,0,0,0,0,0,0,0,0,0,0,0,0,0,0
2023-01-04,0,0,0,0,0,0,0,0,0,0,0,0,0,0,0,0,0,0,0,0,0,0,0,0,0,0,0,0,0,0,0
2023-01-05,0,0,0,0,0,0,0,0,0,0,0,0,0,0,0,0,0,0,0,0,0,0,0,0,0,0,0,0,0,0,0
2023-01-06,0,0,0,0,0,0,0,0,0,0,0,0,0,0,0,0,0,0,0,0,0,0,0,0,0,0,0,0,0,0,0
2023-01-09,0,0,0,0,0,0,0,0,0,0,0,0,0,0,0,0,0,0,0,0,0,0,0,0,0,0,0,0,0,0,0
2023-01-10,0,0,0,0,0,0,0,0,0,0,0,0,0,0,0,0,0,0,0,0,0,0,0,0,0,0,0,0,0,0,0
2023-01-11,0,0,0,0,0,0,0,0,0,0,0,0,0,0,0,0,0,0,0,0,0,0,0,0,0,0,0,0,0,0,0
2023-01-12,0,0,0,0,0,0,0,0,0,0,0,0,0,0,0,0,0,0,0,0,0,0,0,0,0,0,0,0,0,0,0
2023-01-13,0,0,0,0,0,0,0,0,0,0,0,0,0,0,0,0,0,0,0,0,0,0,0,0,0,0,0,0,0,0,0
2023-01-16,0,0,0,0,0,0,0,0,0,0,0,0,0,0,0,0,0,0,0,0,0,0,0,0,0,0,0,0,0,0,0
2023-01-17,0,0,0,0,0,0,0,0,0,0,0,0,0,0,0,0,0,0,0,0,0,0,0,0,0,0,0,0,0,0,0
2023-01-18,0,0,0,0,0,0,0,0,0,0,0,0,0,0,0,0,0,0,0,0,0,0,0,0,0,0,0,0,0,0,0
2023-01-19,0,0,0,0,0,-0.0065930180320927911,0.00024908310687292467,0,0,0,0,0,0,0,0,0,0,0,0,0,0,0,0,0,0,0,0,0,0,0,0
2023-01-20,0,0,0,0,0,0.0013185342447065702,0.0053317331647494363,0,0,0,0,0,0,0,0,0,0,0,0,0,0,0,0,0,0,0,0,0,0,0,0
2023-01-30,0,0,0,0,0,0.0033184340931276929,0.002365456112280776,0,0,0,0,0,0,0,0,0,0,0,0,0,0,0,0,0,0,0,0,0,0,0,0
2023-01-31,0,0,0,0.030367835406879685,0,0.010012125711947085,0.00039865633384464491,0,0,0,0,0,0,0,0,0,0,0,0,0,0,0,0,0,0,0,0,0,0,0,0
2023-02-01,0,0,0,-0.0021458381158760823,0,-0.0039622677763854353,0,0,0,0,0,0,0,0,0,0,0,0,0,0,0,0,0,0,0,0,0,0,0,0,0
2023-02-02,0,0,0,-0.0098198626340444562,0,-0.013619027742618953,0,0,0,0,0,0,0,0,0,0,0,0,0,0,0,0,0,0,0,0,0,0,0,0,0
2023-02-03,0,0,0,-0.0019979935931969954,0,0.0031321615803256834,0,0,0,0,0,0,0,0,0,0,0,0,0,0,0,0,0,0,0,0,0,0,0,0,0
2023-02-06,0,0,0,0.014686483684995793,0,0.0037697172694205871,0,0,0,0,0,0,0,0,0,0,0,0,0,0,0,0,0,0,0,0,0,0,0,0,0
2023-02-07,0,0,0,0.0042965886071384277,0,0.011815031091843084,0,0,0,0,0,0,0,0,0,0,0,0,0,0,0,0,0,0,0,0,0,0,0,0,0
2023-02-08,0,0,0,-0.0007679045476301652,0,0.0017787033897361209,0,0,0,0,0,0,0,0,0.0030204259612450109,0,0,0,0,0,0,0,0,0.00078806909997442345,0,0,0,0,0,0,0
2023-02-09,0,0,0,0,0,0,0,0,0,0,0,0,0,0,-0.0038761897897345819,0,0,0,0,0,0,0,0,-0.0013547450324257158,0,0,0,0,0,0,0
2023-02-10,0,0,0,0,0,0,0,0,0,0,0,0,0,0,-3.4898005752820126e-05,0,0,0,0,0,0,0,0,0.0057571693256497289,0,0,0,0,0,0,0
2023-02-13,0,0,0,0,0,0,0,0,0,0,0,0,0,0,-0.0069257399039495959,0,0,0,0,0,0,0,0,0.0032397882251362781,0,0,0,0,0,0,0
2023-02-14,0,0,0,0,0,0,0,0,0,0,0,0,0,0,0.001610013315931148,0,0,0,0,0,0,0,0,-0.00068687360668622573,0,0,0,0,0,0,0
2023-02-15,0,0,0,0,0,0,0,0,0,0,0,0,0,0,-0.0028612133308931441,0,0,0,0,0,0,0,0,0.0019199060710452485,0,0,0,0,0,0,0
2023-02-16,0,0,0,0,0,0,0,0,0,0,0,0,0,0,0.0069836532291078848,0,0,0,0,0,0,0,0,-0.0050260819475714952,0,0,0,0,0,0,0
2023-02-17,0,0,0,0,0,0,0,0,0,0,0,0,0,0,0.00042576730211510557,0,0,0,0,0,0,0,0,-0.0041651661747833836,0,0,0,0,0,0,0
2023-02-20,0,0,0,0,0,0,0,0,0,0,0,0,0,0,-0.0019720425555624071,0,0,0,0,0,0,0,0,-0.011424215129715195,0,0,0,0,0,0,0
2023-02-21,0,0,0,0,0,0,0,-0.0048040950440275164,0,0,0,0,0,0,-0.0021332846844817326,0,0,0,0,0,0,0,0,0.0054734329720740153,0,0,0,0,0,0,0
2023-02-22,0,0,0,0,0,0,0,0.0070418376909166143,0,0,0,0,0,0,0.00068480150539116866,0,0,0,0,0,0,0,0,-0.00058438513412357172,0,0,0,0,0,0,0
2023-02-23,0,0,0,0,0,0,0,-0.001270213605742133,0,0,0,0,0,0,0.00091068595609900341,0,0,0,0,0,0,0,0,-0.0039118635465393752,0,0,0,0,0,0,0
2023-02-24,0,0,0,0,0,0,0,-0.0022506849232873799,0,0,0,0,0,0,-0.003367444877228648,0,0,0,0,0,0,0,0,-0.0069294814470697418,0,0,0,0,0,0,0
2023-02-27,0,0,0,0,0,0,0,-0.0050225516410774187,0,0,0,0,0,0,0.0018782130734860212,0,0,0,0,0,0,0,0,0.0043956472125398615,0,0,0,0,0,0,0
2023-02-28,0,0,0,0,0,0,0,0.0044842661719501986,0,0,0,0,0,0,0.0008157191629638615,0,0,0,0,0,0,0,0,-0.0090683780994982345,0,0,0,0,0,0,0
2023-03-01,0,0,0,0,0,0,0,-0.00061373807299656795,0,0,0,0,0,0,-0.0040998262870534513,0,0,0,0,0,0,0,0,-0.0086578766363028005,0,0,0,0,0,0,0
2023-03-02,0,0,0,0,0,0,0,-0.0014505334483291951,0,0,0,0,0,0,-0.00049038354555768198,0,0,0,0,0,0,0,0,-0.0063961790672285778,0,0,0,0,0,0,0
2023-03-03,0,0,0,0,0,0,0,0.011540044014455591,0,0,0,0,0,0,-0.0012427851759243009,0,0,0,0,0,0,0,0,0.006703408802517589,0,0,0,0,0,0,0
2023-03-06,0,0,0,0,0,0,0,0.018010267360227747,0,0,0,0,0,0,0.0015673475384637078,0,0,0,0,0,0,0,0,-0.008874600531207472,0,0,0,0,0,0,0
2023-03-07,0,0,0,0,0,0,0,-0.015290464890777055,0,0,0,0,0,0,0.0023118600800932781,0,0,0,0,0,0,0,0,0.01943817359139214,0,0,0,0,0,0,0
2023-03-08,0,0,0,0,0,0,0,-0.00076145042012076543,0,0,0,0,0,0,-0.0012944024457137056,0,0,0,0,0,0,0,0,0.0039188358696764687,0,0,0,0,0,0,0
2023-03-09,0,0,0,0,0,0,0,0,0,0,0,0,0,0,0,0,0,0,0,0,0,0,0,0,0,0,0,0,0,0,0
2023-03-10,0,0,0,0,0,0,0,0,0,0,0,0,0,0,0,0,0,0,0,0,0,0,0,0,0,0,0,0,0,0,0
2023-03-13,0,0,0,0,0,0,0,0.00090323006634244335,0,0,0,0,0,0,-0.004882582490569316,0,0,0,0,0,0,0,0,0,0,0,0,0,0,0,0
2023-03-14,0,0,0,0,0,0,0,-0.00026965255847615031,0,0,0,0,0,0,-0.006385057509656315,0,0,0,0,0,0,0,0,0,0,0,0,0,0,0,0
2023-03-15,0,0,0,0,0,0,0,0.0035745217770150701,0,0,0,0,0,0,-0.0009688839793557634,0,0,0,0,0,0,0,0,0,0,0,0,0,0,0,0
2023-03-16,0,0,0,0,0,0,0,0.0098512220977735286,0,0,0,0,0,0,-0.00071699588195427155,0,0,0,0,0,0,0,0,0,0,0,0,0,0,0,0
2023-03-17,0,0,0,0,0,0,0,-0.00060658512907930744,0,0,0,0,0,0,-0.0026397756312103449,0,0,0,0,0,0,0,0,0,0,0,0,0,0,0,0
2023-03-20,0,0,0,0,0,0,0,-2.3478931256756145e-05,0,0,0,0,0,0,-0.0013054177050959709,0,0,0,0,0,0,0,0,0,0,0,0,0,0,0,0
2023-03-21,0,0,0,0,0,0,0,0.0061649409677843516,0,0,0,0,0,0,-0.00020816448236477339,0,0,0,0,0,0,0,0,0,0,0,0,0,0,0,0
2023-03-22,0,0,0,0,0,0,0,0.0052911236888755105,0,0,0,0,0,0,-0.0029912177301891357,0,0,0,0,0,0,0,0,0,0,0,0,0,0,0,0
2023-03-23,0,0,0,0,0,0,0,0.0032314165013483101,0,0,0,0,0,0,0.0027127383964028751,0,0,0,0,0,0,0,0,0,0,0,0,0,0,0,0
2023-03-24,0,0,0,0,0,0,0,0,0,0,0,0,0,0,0.0092886355834929588,0,0,0,0,0,0,0,0,0,0,0,0,0,0,0,0
2023-03-27,0,0,0,0,0,0,0,0,0,0,0,0,0,0,0.0018370907585999532,0,0,0,0,0,0,0,0,0,0,0,0,0,0,0,0
2023-03-28,0,0,0,0,0,0,0,0,0,0,0,0,0,0,-0.0081075166548065028,0,0,0,0,0,0,0,0,0,0,0,0,0,0,0,0
2023-03-29,0,0,0,0,0,0,0,0,0.013532722375459666,0,0,0,0,0,0,0,0,0,0,0,0,0,0,0,0,0,0,0,0,0,0
2023-03-30,0,0,0,0,0,0,0,0,0.0025639184410917665,0,0,0,0,0,0.002162377257558008,0,0,0,0,0,0,0,0,0,0,0,0,0,0,0,0
2023-03-31,0,0,0,0,0,0,0,0,0.00083532492611460387,0,0,0,0,0,0.0048883770658104744,0,0,0,0,0,0,0,0,0,0,0,0,0,0,0,0
2023-04-03,0,0,0,0,0,0,0,0,0.0088967144806830229,0,0,0,0,0,0.010658683706073813,0,0,0,0,0,0,0,0,0,0,0,0,0,0,0,0
2023-04-04,0,0,0,0,0,0,0,0,0.0011912468304698994,0,0,0,0,0,0.001670710713819341,0,0,0,0,0,0,0,0,0,0,0,0,0,0,0,0
2023-04-06,0,0,0,0,0,0,0,0,0.00029755276338108618,0,0,0,0,0,-0.0027971698473141932,0,0,0,0,0,0,0,0,0,0,0,0,0,0,0,0
2023-04-07,0,0,0,0,0,0,0,0,-0.00054525447860915579,0,0,0,0,0,0.0063439964428304366,0,0,0,0,0,0,0,0,0,0,0,0,0,0,0,0
2023-04-10,0,0,0,0,0,0,0,0,0.0089434530184091358,0,0,0,0,0,-0.013231416307814416,0,0,0,0,0,0,0,0,0,0,0,0,0,0,0,0
2023-04-11,0,0,0,0,0,0,0,0,-0.0016193425838445916,0,0,0,0,0,-0.0048521250864325821,0,0,0,0,0,0,0,0,0,0,0,0,0,0,0,0
2023-04-12,0,0,0,0,0,0,0,0,-0.0089136754991316815,0,0,0,0,0,0.0036480833596566949,0,0,0,0,0,0,0,0,0,0,0,0,0,0,0,0
2023-04-13,0,0,0,0,0,0,0,0,0.0087304915581424523,0,0,0,0,0,-0.015218701479938722,0,0,0,0,0,0,0,0,0,0,0,0,0,0,0,0
2023-04-14,0,0,0,0,0,0,0,0,-0.00074731397853411777,0,0,0,0,0,-0.00061493590891198782,0,0,0,0,0,0,0,0,0,0,0,0,0,0,0,0
2023-04-17,0,0,0,0,0,0,0,0,-0.0054404864401876359,0,0,0,0,0,-0.00064018681207397409,0,0,0,0,0,0,0,0,0,0,0,0,0,0,0,0
2023-04-18,0,0,0,0,0,0,0,0,-0.0043043984760671476,0,0,0,0,0,0.00034836989264714615,0,0,0,0,0,0,0,0,0,0,0,0,0,0,0,0
2023-04-19,0,0,0,0,0,0,0,0,-0.013177274002050071,0,0,0,0,0,-0.0077705228698373985,0,0,0,0,0,0,0,0,0,0,0,0,0,0,0,0
2023-04-20,0,0,0,0,0,0,0,0,-0.010021877621479255,0,0,0,0,0,-0.010120793776011591,0,0,0,0,0,0,0,0,0,0,0,0,0,0,0,0
2023-04-21,0,0,0,0,0,0,0,0,0.0073119183454348965,0,0,0,0,0,-0.0055989950749588749,0,0,0,0,0,0,0,0,0,0,0,0,0,0,0,0
2023-04-24,0,0,0,0,0,0,0,0,0.0024251749654373251,0,0,0,0,0,-0.0010356175051329103,0,0,0,0,0,0,0,0,0,0,0,0,0,0,0,0
2023-04-25,0,0,0,0,0,0,0,0,-0.010745395023651655,0,0,0,0,0,0.0010711888895863428,0,0,0,0,0,0,0,0,0,0,0,0,0,0,0,0
2023-04-26,0,0,0,0,0,0,0,0,0.0070971554311001607,0,0,0,0,0,-0.0021951290753710016,0,0,0,0,0,0,0,0,0,0,0,0,0,0,0,0
2023-04-27,0,0,0,0,0,0,0,0,0.0060599434941572159,0,0,0,0,0,-0.001562738842785032,0,0,0,0,0,0,0,0,0,0,0,0,0,0,0,0
2023-04-28,0,0,0,0,0,0,0,0,-0.0079027373818276164,0,0,0,0,0,0.0039815656769607646,0,0,0,0,0,0,0,0,0,0,0,0,0,0,0,0
2023-05-04,0,0,0,0,0,0,0,0,0.0022888884517209863,0,0,0,0,0,-0.0036131137217132459,0,0,0,0,0,0,0,0,0,0,0,0,0,0,0,0
2023-05-05,0,0,0,0,0,0,0,0,-0.0001070863587603983,0,0,0,0,0,-0.005787439813007618,0,0,0,0,0,0,0,0,0,0,0,0,0,0,0,0
2023-05-08,0,0,0,0,0,0,0,0,0.0043745044943275784,0,0,0,0,0,9.8833398980971627e-05,0,0,0,0,0,0,0,0,0,0,0,0,0,0,0,0
2023-05-09,0,0,0,0,0,0,0,0,-0.00029367093598648471,0,0,0,0,0,0.00070991154031423663,0,0,0,0,0,0,0,0,0,0,0,0,0,0,0,0
2023-05-10,0,0,0,0,0,0,0,0,0.007006073502150453,0,0,0,0,0,-0.0026160435170224719,0,0,0,0,0,0,0,0,0,0,0,0,0,0,0,0
2023-05-11,0,0,0,0,0,0,0,0,0.00087652946989661405,0,0,0,0,0,0.0049154058999912788,0,0,0,0,0,0,0,0,0,0,0,0,0,0,0,0
2023-05-12,0,0,0,0,0,0,0,0,9.6617936359923721e-05,0,0,0,0,0,1.7022951935704119e-05,0,0,0,0,0,0,0,0,0,0,0,0,0,0,0,0
2023-05-15,0,0,0,0,0,0,0,0,0,0,0,0,0,0,0.0066576823307130011,0,0,0,0,0,0,0,0,0,0,0,0,0,0,0,0
2023-05-16,0,0,0,0,0,0,0,0,0,0,0,0,0,0,-0.0019460572211240982,0,0,0,0,0,0,0,0,0,0,0,0,0,0,0,0
2023-05-17,0,0,0,0,0,0,0,0,0,-0.00028154897314401313,0,0,0,0,0,0,0,0,0,0,0,0,0,0,0,0,0,0,0,0,0
2023-05-18,0,0,0,0,0,0,0,0,0,0.00040974809538106327,0,0,0,0,0,0,0,0,0,0,0,0,0,0,0,0,0,0,0,0,0
2023-05-19,0,0,0,0,0,0,0,0,0,-0.00041076444809139178,0,0,0,0,0,0,0,0,0,0,-0.0049560935891920042,0,0,0,0,0,0,0,0,0,0
2023-05-22,0,0,0,0,0,0,0,0.00073580758488795285,0,0.0043921494147327331,0,0,0,0,0,0,0,0,0,0,-0.0045405164352542689,0,0,0,0,0,0,0,0,0,0
2023-05-23,0,0,0,0,0,0,0,0.0049294696543147193,0,0.0057232234915763668,0,0,0,0,0,0,0,0,0,0,-0.00013670973186506486,0,0,0,0,0,0,0,0,0,0
2023-05-24,0,0,0,0,0,0,0,-0.0038412714896373912,0,-0.0020001394691982833,0,0,0,0,0,0,0,0,0,0,0,0,0,0,0,0.0070908224932065417,0,0,0,0,0
2023-05-25,0,0,0,0,0,0,0,-0.0022606217693918974,0,-0.0033139220752167694,0,0,0,0,0,0,0,0,0,0,0,0,0,0,0,-0.0029472695111090424,0,0,0,0,0
2023-05-26,0,0,0,0,0,0,0,-0.0044894394782919516,0,-0.015747650817957301,0,0,0,0,0,0,0,0,0,0,0,0,0,0,0,0.0076885284830092012,0,0,0,0,0
2023-05-29,0,0,0,0,0,0,0,-0.0083124277886973859,0,-0.011330956714007223,0,0,0,0,0,0,0,0,0,0,0,0,0,0,0,0.0040801600611922745,0,0,0,0,0
2023-05-30,0,0,0,0,0,0,0,0.0023713505787573098,0,-0.0038669070549438066,0,0,0,0,0,0,0,0,0,0,0,0,0,0,0,0.0055073249669749325,0,0,0,0,0
2023-05-31,0,0,0,0,0,0,0,-0.0001943667642317123,0,0.010279639143090897,0,0,0,0,0,0,0,0,0,0,0,0,0,0,0,-0.0042071436441596362,0,0,0,0,0
2023-06-01,0,0,0,0,0,0,0,0.0076454902527859307,0,-0.00080502411252509547,0,0,0,0,0,0,0,0,0,0,0,0,0,0,0,-0.020387183560571332,0,0,0,0,0
2023-06-02,0,0,0,0,0,0,0,-0.0021394704003689017,0,-0.0060327176067131484,0,0,0,0,0,0,0,0,0,0,0,0,0,0,0,-0.0030486898212062049,0,0,0,0,0
2023-06-05,0,0,0,0,0,0,0,-0.013184980715730562,0,-0.019901882610864584,0,0,0,0,0,0,0,0,0,0,0,0,0,0,0,-0.0015375646437692937,0,0,0,0,0
2023-06-06,0,0,0,0,0,0,0,0.0023034707383737208,0,0.011332165827405039,0,0,0,0,0,0,0,0,0,0,0,0,0,0,0,-0.015298158151653975,0,0,0,0,0
2023-06-07,0,0,0,0,0,0,0,0.0057880356622889957,0,0.013316573870635222,0,0,0,0,0,0,0,0,0,0,0,0,0,0,0,0.0014396818048002052,0,0,0,0,0
2023-06-08,0,0,0,0,0,0,0,2.8237002565716703e-05,0,-0.0004016632741564905,0,0,0,0,0,0,0,0,0,0,0,0,0,0,0,0,0,0,0,0,0
2023-06-09,0,0,0,0,0,0,0,-0.0009743706265571226,0,-0.016214389215108257,0,0,0,0,0,0,0,0,0,0,0,0,0,0,0,0,0,0,0,0,0
2023-06-12,0,0,0,0,0,0,0,0.00076202363456548492,0,0.012086523026905559,0,0,0,0,0,0,0,0,0,0,0,0,0,0,0,0,0,0,0,0,0
2023-06-13,0,0,0,0,0,0,0,-0.00038328717778471268,0,-0.008336581733413095,0,0,0,0,0,0,0,0,0,0,0,0,0,0,0,0,0,0,0,0,0
2023-06-14,0,0,0,0,0,0,0,-0.00086949325877000872,0,-0.011426649218092503,0,0,0,0,0,0,0,0,0,0,0,0,0,0,0,0,0,0,0,0,0
2023-06-15,0,0,0,0,0,0,0,-0.021485588051146774,0,0.018627918534788773,0,0,0,0,0,0,0,0,0,0,0,0,0,0,0,0,0,0,0,0,0
2023-06-16,0,0,0,0,0,0,0,0.0038355730865027218,0,-0.0088014067156057703,0,0,0,0,0,0,0,0,0,0,0,0,0,0,0,0,0,0,0,0,0
2023-06-19,0,0,0,0,0,0,0,-0.0040183511659198402,0,0.010753807857137684,0,0,0,0,0,0,0,0,0,0,0,0,0,0,0,0,0,0,0,0,0
2023-06-20,0,0,0,0,0,0,0,-0.011717653113142821,0,0.0063385779730136841,0,0,0,0,-0.050298049059961006,0,0,0,0,0,0,0,0,0,0,0,0,0,0,0,0
2023-06-21,0,0,0,0,0,0,0,-0.006072354876084967,0,0.009549144174575799,0,0,0,0,0.081688806889104779,0,0,0,0,0,0,0,0,0,0,0,0,0,0,0,0
2023-06-26,0,0,0,0,0,0,0,0,0,0.0051542662731299174,0,0,0,0,0.025255165499404628,0,0,0,0,0,0,0,0,0,0,0,0,0,0,0,0
2023-06-27,0,0,0,0,0,0,0,0,0,0,0,0,0,0,0,0,0,0,0,0,0,0,0,0,0,0,0,0,0,0,0
2023-06-28,0,0,0,0,0,0,0,0,0,0,0,0,0,0,0,0,0,0,0,0,0,0,0,0,0,0,0,0,0,0,0
2023-06-29,0,0,0,0,0,0,0,0,0,0,0,0,0,0,0,0,0,0,0,0,0,0,0,0,0,0,0,0,0,0,0
2023-06-30,0,0,0,0,0,0,0,0,0,0,0,0,0,0,0,0,0,0,0,0,0,0,0,0,0,0,0,0,0,0,0
2023-07-03,0,0,0,0,0,0,0,0,0,0,0,0,0,0,0,0,0,0,0,0,0,0,0,0,0,0,0,0,0,0,0
2023-07-04,0,0,0,0,0,0,0,0,0,0,0,0,0,0,0,0,0,0,0,0,0,0,0,0,0,0,0,0,0,0,0
2023-07-05,0,0,0,0,0,0,0,0,0,0,0,0,0,0,0,0,0,0,0,0,0,0,0,0,0,0,0,0,0,0,0
2023-07-06,0,0,0,0,0,0,0,0,0,0,0,0,0,0,0,0,0,0,0,0,0,0,0,0,0,0,0,0,0,0,0
2023-07-07,0,0,0,0,0,0,0,0,0,0,0,0,0,0,0,0,0,0,0,0,0,0,0,0,0,0,0,0,0,0,0
2023-07-10,0,0,0,0,0,0,0,0,0,0,0,0,0,0,0,0,0,0,0,0,0,0,0,0,0,0,0,0,0,0,0
2023-07-11,0,0,0,0,0,0,0,0,0,0,0,0,0,0,0,0,0,0,0,0,0,0,0,0,0,0,0,0,0,0,0
2023-07-12,0,0,0,0,0,0,0,0,0,0,0,0,0,0,0,0,0,0,0,0,0,0,0,0,0,0,0,0,0,0,0
2023-07-13,0,0,0,0,0,0,0,0,0,0,0,0,0,0,0,0,0,0,0,0,0,0,0,0,0,0,0,0,0,0,0
2023-07-14,0,0,0,0,0,0,0,0,0,0,0,0,0,0,0,0,0,0,0,0,0,0,0,0,0,0,0,0,0,0,0
2023-07-17,0,0,0,0,0,0,0,0,0,0,0,0,0,0,0,0,0,0,0,0,0,0,0,0,0,0,0,0,0,0,0
2023-07-18,0,0,0,0,0,0,0,0,0,0,0,0,0,0,0,0,0,0,0,0,0,0,0,0,0,0,0,0,0,0,0
2023-07-19,0,0,0,0,0,0,0,0,0,0,0,0,0,0,0,0,0,0,0,0,0,0,0,0,0,0,0,0,0,0,0
2023-07-20,0,0,0,0,0,0,0,0,0,0,0,0,0,0,0,0,0,0,0,0,0,0,0,0,0,0,0,0,0,0,0
2023-07-21,0,0,0,0,0,0,0,0,0,0,0,0,0,0,0,0,0,0,0,0,0,0,0,0,0,0,0,0,0,0,0
2023-07-24,0,0,0,0,0,0,0,0,0,0,0,0,0,0,0,0,0,0,0,0,0,0,0,0,0,0,0,0,0,0,0
2023-07-25,0,0,0,0,0,0,0,0,0,0,0,0,0,0,0,0,0,0,0,0,0,0,0,0,0,0,0,0,0,0,0
2023-07-26,0,0,0,0,0,0,0,0,0,0,0,0,0,0,0,0,0,0,0,0,0,0,0,0,0,0,0,0,0,0,0
2023-07-27,0,0,0,0,0,0,0,0,0,0,0,0,0,0,0,0,0,0,0,0,0,0,0,0,0,0,0,0,0,0,0
2023-07-28,0,0,0,0,0,0,0,0,0,0,0,0,0,0,0,0,0,0,0,0,0,0,0,0,0,0,0,0,0,0,0
2023-07-31,0,0,0,0,0,0,0,0,0,0,0,0,0,0,0,0,0,0,0,0,0,0,0,0,0,0,0,0,0,0,0
2023-08-01,0,0,0,0,0,0,0,0,0,0,0,0,0,0,0,0,0,0,0,0,0,0,0,0,0,0,0,0,0,0,0
2023-08-02,0,0,0,0,0,0,0,0,0,0,0,0,0,0,0,0,0,0,0,0,0,0,0,0,0,0,0,0,0,0,0
2023-08-03,0,0,0,0,0,0,0,0,0,0,0,0,0,0,0,0,0,0,0,0,0,0,0,0,0,0,0,0,0,0,0
2023-08-04,0,0,0,0,0,0,0,0,0,0,0,0,0,0,0,0,0,0,0,0,0,0,0,0,0,0,0,0,0,0,0
2023-08-07,0,0,0,0,0,0,0,0,0,0,0,0,0,0,0,0,0,0,0,0,0,0,0,0,0,0,0,0,0,0,0
2023-08-08,0,0,0,0,0,0,0,0,0,0,0,0,0,0,0,0,0,0,0,0,0,0,0,0,0,0,0,0,0,0,0
2023-08-09,0,0,0,0,0,0,0,0,0,0,0,0,0,0,0,0,0,0,0,0,0,0,0,0,0,0,0,0,0,0,0
2023-08-10,0,0,0,0,0,0,0,0,0,0,0,0,0,0,0,0,0,0,0,0,0,0,0,0,0,0,0,0,0,0,0
2023-08-11,0,0,0,0,0,0,0,0,0,0,0,0,0,0,0,0,0,0,0,0,0,0,0,0,0,0,0,0,0,0,0
2023-08-14,0,0,0,0,0,0,0,0,0,0,0,0,0,0,0,0,0,0,0,0,0,0,0,0,0,0,0,0,0,0,0
2023-08-15,0,0,0,0,0,0,0,0,0,0,0,0,0,0,0,0,0,0,0,0,0,0,0,0,0,0,0,0,0,0,0
2023-08-16,0,0,0,0,0,0,0,0,0,0,0,0,0,0,0,0,0,0,0,0,0,0,0,0,0,0,0,0,0,0,0
2023-08-17,0,0,0,0,0,0,0,0,0,0,0,0,0,0,0,0,0,0,0,0,0,0,0,0,0,0,0,0,0,0,0
2023-08-18,0,0,0,0,0,0,0,0,0,0,0,0,0,0,0,0,0,0,0,0,0,0,0,0,0,0,0,0,0,0,0
2023-08-21,0,0,0,0,0,0,0,0,0,0,0,0,0,0,0,0,0,0,0,0,0,0,0,0,0,0,0,0,0,0,0
2023-08-22,0,0,0,0,0,0,0,0,0,0,0,0,0,0,0,0,0,0,0,0,0,0,0,0,0,0,0,0,0,0,0
2023-08-23,0,0,0,0,0,0,0,0,0,0,0,0,0,0,0,0,0,0,0,0,0,0,0,0,0,0,0,0,0,0,0
2023-08-24,0,0,0,0,0,0,0,0,0,0,0,0,0,0,0,0,0,0,0,0,0,0,0,0,0,0,0,0,0,0,0
2023-08-25,0,0,0,0,0,0,0,0,0,0,0,0,0,0,0,0,0,0,0,0,0,0,0,0,0,0,0,0,0,0,0
2023-08-28,0,0,0,0,0,0,0,0,0,0,0,0,0,0,0,0,0,0,0,0,0,0,0,0,0,0,0,0,0,0,0
2023-08-29,0,0,0,0,0,0,0,0,0,0,0,0,0,0,0,0,0,0,0,0,0,0,0,0,0,0,0,0,0,0,0
2023-08-30,0,0,0,0,0,0,0,0,0,0,0,0,0,0,0,0,0,0,0,0,0,0,0,0,0,0,0,0,0,0,0
2023-08-31,0,0,0,0,0,0,0,0,0,0,0,0,0,0,0,0,0,0,0,0,0,0,0,0,0,0,0,0,0,0,0
2023-09-01,0,0,0,0,0,0,0,0,0,0.0062056290600672678,0,0,0,0,0,0,0,0,0,0,0,0,0,0,0,0,0,0,0,0,0
2023-09-04,0,0,0,0,0,0,0,0,0,0.01631761684444466,0.0011382258006325315,0,0,0,0,0,0,0,-0.0017946384949111874,0,0,0,0,0,0,0,0,0,0,0,0
2023-09-05,0,0,0,0,0,0,0,0,0,-0.0044758423511329255,-0.0024589757380338454,0,0,0,0,0,0,0,-0.0052663983009236673,0,0,0,0,0,0,0,0,0,0,0,0
2023-09-06,0,0,0,0,0,0,0,0,0,-0.016569645566096372,-0.0006869462605630385,0,0,0,0,0,0,0,0.008913262651605974,0,0,0,0,0,0,0,0,0,0,0,0
2023-09-07,0,0,0,0,0,0,0,0,0,0.02344606321052782,-0.0074560851312446309,0,0,0,0,0,0,0,-0.0068137409422845182,0,0,0,0,0,0,0,0,0,0,0,0
2023-09-08,0,0,0,0,0,0,0,0,0,-0.0029559922185607899,-0.0029884103792940748,0,0,0,0,0,0,0,-0.00032166285700092873,0,0,0,0,0,0,0,0,0,0,0,0
2023-09-11,0,0,0,0,0,0,0,0,0,0.011273836899532303,0.0039134081966898989,0,0,0,0,0,0,0,-0.0020556370578145469,0,0,0,0,0,0,0,0,0,0,0,0
2023-09-12,0,0,0,0,0,0,0,0,0,0.013344313282921301,-0.0010771944927728621,0,0,0,0,0,0,0,-0.0026086596453861934,0,0,0,0,0,0,0,0,0,0,0,0
2023-09-13,0,0,0,0,0,0,0,0,0,-0.00075650570723892951,0.00054828395685955599,0,0,0,0,0,0,0,-0.00042969625762997912,0,0,0,0,0,0,0,0,0,0,0,0
2023-09-14,0,0,0,0,0,0,0,0,0,0.015618507118722657,-0.0065661175742771768,0,0,0,0,0,0,0,-0.0026336739976724698,0,0,0,0,0,0,0,0,0,0,0,0
2023-09-15,0,0,0,0,0,0,0,0,0,-0.0037764745040861848,0.0063675193335866248,0,0,0,0,0,0,0,0.0005057119736507548,0,0,0,0,0,0,0,0,0,0,0,0
2023-09-18,0,0,0,0,0,0,0,0,0,0,-0.0091665276256256093,0,0,0,0,0,0,0,-0.0053373579896371284,0,0,0,0,0,0,0,0,0,0,0,0
2023-09-19,0,0,0,0,0,0,0,0,0,0,-0.0021579105840971854,0,0,0,0,0,0,0,0.00034549910960886098,0,0,0,0,0,0,0,0,0,0,0,0
2023-09-20,0,0,0,0,0,0,0,0,0,0,-0.0011086582145588876,0,0,0,0,0,0,0,0,0,0,0,0,0,0,0,0,0,0,0,0
2023-09-21,0,0,0,0,0,0,0,0,0,0,0,0,-0.0028678610868957469,0,0,0,0,0,0,0,0,0,0,0,0,0,0,0,0,0,0
2023-09-22,0,0,0,0,0,0,0.012880181723239239,0,0,0,0,0,0.031471336629886756,0,0,0,0,0,0,0,0,0,0,0,0,0,0,0,0,0,0
2023-09-25,0,0,0,0,0,0,-0.0029669263864590357,0,0,0,0,0,-0.0080934743102929665,0,0,0,0,0,0,0,0,0,0,0,0,0,0,0,0,0,0
2023-09-26,0,0,0,0,0,0,-0.011054083093182353,0,0,0,0,0,-0.00056494171111860498,0,0,0,0,0,0,0,0,0,0,0,0,0,0,0,0,0,0
2023-09-27,0,0,0,0,0,0,-0.01096675396193827,0,0,0,0,0,0.00019043458112987861,0,0,0,0,0,0,0,0,0,0,0,0,0,0,0,0,0,0
2023-09-28,0,0,0,0,0,0,0.0079662348699653784,0,0,0,0,0,-0.0012796448040422598,0,0,0,0,0,0,0,0,0,0,0.00017341825259422529,0,0,0,0,0,0,0
2023-10-09,0,0,0,0,0,0,-7.8315680263496017e-05,0,0,0,0,0,-0.001081944437537544,0,0,0,0,0,0,0,0,0,0,-0.031097539527989829,0,0,0,0,0,0,0
2023-10-10,0,0,0,0,0,0,-0.0019707156744992317,0,0,0,0,0,0,0,0,0,0,0,0,0,0,0,0,0.0059546689571563383,0,0,0,0,0,0,0
2023-10-11,0,0,0,0,0,0,0.0044091180725092704,0,0,0,0,0,0.00024901484875173739,0,0,0,0,0,0,0,0,0,0,0.0054721555650914548,0,0,0,0,0,0,0
2023-10-12,0,0,0,0,0,0,0.038227119830507077,0,0,0,0,0,-0.0016146196767858455,0,0,0,0,0,0,0,0,0,0,0.0093407822406340376,0,0,0,0,0,0,0
2023-10-13,0,0,0,0,0,0,-0.0062233991121391774,0,0,0,0,0,-0.00059458169906064732,0,0,0,0,0,0,0,0,0,0,0.014806731933778834,0,0,0,0,0,0,0
2023-10-16,0,0,0,0,0,0,-0.018808823173941031,0,0,0,0,0,-0.00022826026407474958,0,0,0,0,0,0,0,0,0,0,-0.0056827676900067965,0,0,0,0,0,0,0
2023-10-17,0,0,0,0,0,0.022073525501734824,0.0099529769025993829,0,0,0,0,0,0,0,0,0,0,0,0,0,0,0,0,0.010689941649009277,0,0,0,0,0,0,0
2023-10-18,0,0,0,0,0,-0.009243682597261299,-0.011000772175657619,0,0,0,0,0,0,0,0,0,0,0,0,0,0,0,0,0.018256907823478982,0,0,0,0,0,0,0
2023-10-19,0,0,0,0,0,-0.0025503303380921272,0.00029960656471493525,0,0,0,0,0,0,0,0,0,0,0,0,0,0,0,0,0.013591142752704281,0,0,0,0,0,0,0
2023-10-20,0,0,0,0,0,-0.0039161455554214217,-0.017640550323554108,0,0,0,0,0,0,0,0,0,0,0,0,0,0,0,0,0.031052179312176045,0,0,0,0,0,0,0
2023-10-23,0,0,0,0,0,0.001197071629476726,-0.002251008908743904,0,0,0,0,0,0,0,0,0,0,0,0,0,0,0,0,0.0075990822136061988,0,0,0,0,0,0,0
2023-10-24,0,0,0,0,0,-0.0029548570543156509,0.033569270183909365,0,0,0,0,0,0,0,0,0,0,0,0,0,0,0,0,0,0,0,0,0,0,0,0
2023-10-25,0,0,0,0,0,0.00029811493339968256,-0.0059232534383903326,0,0,0,0,0,0,0,0,0,0,0,0,0,0,0,0,0,0,0,0,0,0,0,0
2023-10-26,0,0,0,0,0,0.00048354664282622851,0.005916518844113477,0,0,0,0,0,0,0,0,0,0,0,0,0,0,0,0,0,0,0,0,0,0,0,0
2023-10-27,0,0,0,0,0,-0.00028705547185736528,0.0085073735444318264,0,0,0,0,0,0,0,0,0,0,0,0,0,0,0,0,0,0,0,0,0,0,0,0
2023-10-30,0,0,0,0,0,-0.0015505482362997251,0.011569317345159537,0,0,0,0,0,0,0,0,0,0,0,0,0,0,0,0,0,0,0,0,0,0,0,0
2023-10-31,0,0,0,0,0,-0.00055293988403952183,-0.0045958686655203761,0,0,0,0,0,0,0,0,0,0,0,0,0,0,0,0,0,0,0,0,0,0,0,0
2023-11-01,0,0,0,0,0,0.001085410517013748,-0.0029076419809808476,0,0,0,0,0,0,0,0,0,0,0,0,0,0,0,0,0,0,0,0,0,0,0,0
2023-11-02,0,0,0,0,0,0.00075391650704400345,-0.0020555556178458549,0,0,0,0,0,0,0,0,0,0,0,0,0,0,0,0,0,0,0,0,0,0,0,0
2023-11-03,0,0,0,0,0,0.00030101704710434711,0.00078687888366700109,0,0,0,0,0,0,0,0,0,0,0,0,0,0,0,0,0,0,0,0,0,0,0,0
2023-11-06,0,0,0,0,0,0.00090374089969715975,-0.00049474328132044542,0,0,0,0,0,0,0,0,0,0,0,0,0,0,0,0,0,0,0,0,0,0,0,0
2023-11-07,0,0,0,0,0,-0.00083549048088446716,-0.0018498466677677478,0,0,0,0,0,0,0,0,0,0,0,0,0,0,0,0,0,0,0,0,0,0,0,0
2023-11-08,0,0,0,0,0,-0.0024978297640360185,0.0023139511079459385,0,0,0,0,0,0,0,0,0,0,0,0,0,0,0,0,0,0,0,0,0,0,0,0
2023-11-09,0,0,0,0,0,0.0013795306480842706,-0.00085927268586081466,0,0,0,0,0,0,0,0,0,0,0,0,0,0,0,0,0,0,0,0,0,0,0,0
2023-11-10,0,0,0,0,0,-0.00067103027085264194,0,0,0,0,0,0,0,0,0,0,0,0,0,0,0,0,0,0,0,0,0,0,0,0,0
2023-11-13,0,0,0,0,0,-0.00062462517370836992,0.0015863559966580419,0,0,0,0,0,0,0,0,0,0,0,0,0,0,0,0,0,0,0,0,0,0,0,0
2023-11-14,0,0,0,0,0,-0.00065077307016102749,-0.00039490462992712279,0,0,0,0,0,0,0,0,0,0,0,0,0,0,0,0,0,0,0,0,0,0,0,0
2023-11-15,0,0,0,0,0,0.0022435723959956209,-0.0016998722066316942,0,0,0,0,0,0,0,0,0,0,0,0,0,0,0,0,0,0,0,0,0,0,0,0
2023-11-16,0,0,0,0,0,-0.0015087476910064478,-0.0071983314030572999,0,0,0,0,0,0,0,0,0,0,0,0,0,0,0,0,0,0,0,0,0,0,0,0
2023-11-17,0,0,0,0,0,0.0035257256166047477,-0.0017424388728364234,0,0,0,0,0,0,0,0,0,0,0,0,0,0,-0.046583350339300493,0,0,0,0,0,0,0,0,0
2023-11-20,0,0,0,0,0,-0.0037793418048648643,0.00020270017374502357,0,0,0,0,0,0,0,0,0,0,0,0,0,0,-0.048097828959404877,0,0,0,0,0,0,0,0,0
2023-11-21,0,0,0,0,0,-0.0041641125617943066,0,0,0,0,0,0,0,0,0,0,0,0,0,0,0,0.017102795013531784,0,0,0,0,0,0,0,0,0
2023-11-22,0,0,0,0,0,0.0017848978446579713,0,0,0,0,0,0,0,0,0,0,0,0,0,0,0,-0.0015724361620428383,0,0,0,0,0,0,0,0,0
2023-11-23,0,0,0,0,0,0.0016315901192396401,0,0,0,0,0,0,0,0,0,0,-0.00015434742854152252,0,0,0,0,0.0043134996697005955,0,0,0,0,0,0,0,0,0
2023-11-24,0,0,0,0,0,0,0,0,0,0,0,0,0,0,0,0,-0.017955699979150103,0,0,0,0,0.002991189995568095,0,0,0,0,0,0,0,0,0
2023-11-27,0,0,0,0,0,0,0,0,0,0,0,0,0,0,0,0,0.004104730656533509,0,0,0,0,-0.0052379819732873518,0,0,0,0,0,0,0,0,0
2023-11-28,0,0,0,0,0,0,0,0,0.0071959724931036119,0,0,0,0,0,0,0,0.0074549961093080125,0,0,0,0,-0.0026460025509082059,0,0,0,0,0,0,0,0,0
2023-11-29,0,0,0,0,0,0,0,0,-0.0003074294356239048,0,0,0,0,0,0,0,-0.001311526972926606,0,0,0,0,0.0068350066075977605,0,0,0,0,0,0,0,0,0
2023-11-30,0,0,0,0,0,0,0,0,0.002572899468662937,0,0,0,0,0,0,0,-0.0038069544021628156,0,0,0,0,0.0107569442411274,0,0,0,0,0,0,0,0,0
2023-12-01,0,0,0,0,0,0,0,0,0.0002851165936824054,0.005616217985951715,0,0,0,0,0,0,0.0062774069348125539,0,0,0,0,-0.0074545973176863133,0,0,0,0,0,0,0,0,0
2023-12-04,0,0,0,0,0,0,0,0,0.0017695871779700848,-0.0011703897903315545,0,0,0,0,0,0,-0.00053579090698135153,0,0,0,0,-0.001132226535975833,0,0,0,0,0,0,0,0,0
2023-12-05,0,0,0,0,0,0,0,0,0.00030704178739870166,0.00072316191774811952,0,0,0,0,0,0,-0.009295670367323523,0,0,0,0,0.015869973552594719,0,0,0,0,0,0,0,0,0
2023-12-06,0,0,0,0,0,0,0,0,0.0060241921187985624,0.0014221993916407956,0,0,0,0,0,0,-0.0019982428778160437,0,0,0,0,0.0046824780879754641,0,0,0,0,0,0,0,0,0
2023-12-07,0,0,0,0,0,0,0,0,-0.0053492951913702196,0,0,0,0,0,0,0,-0.0011750368545585489,0,0,0,0,0,0,0,0,0,0,0,0,0,0
2023-12-08,0,0,0,0,0,0,0,0,0.015653238615344334,0,0,0,0,0,0,0,0.010209106876371148,0,0,0,0,0,0,0,0,0,0,0,0,0,0
2023-12-11,0,0,0,0,0,0,0,0,0.0040485179040576722,0,0,0,0,0,0,0,-0.0052565166837328448,0,0,0,0,0,0,0,0,0,0,0,0,0,0
2023-12-12,0,0,0,0,0,0,0,0,-0.0033514285668227715,0,0,0,0,0,0,0,-0.003549768281898652,0,0,0,0,0,0,0,0,0,0,0,0,0,0
2023-12-13,0,0,0,0,0,0,0,0,0.005240875934583846,0,0,0,0,0,0,0,0.00019468534016492292,0,0,0,0,0,0,0.0044138478045572284,0,0,0,0,0,0,0
2023-12-14,0,0,0,0,0,0,0,0,0.0026360400792397112,0,0,0,0,0,0,0,-0.0037958385234712548,0,0,0,0,0,0,0.0029869965072368892,0,0,0,0,0,0,0
2023-12-15,0,0,0,0,0,0,0,0,-0.0045049747478339824,0,0,0,0,0,0,0,-0.00045206087113615616,0,0,0,0,0,0,0.005039732900478924,0,0,0,0,0,0,0
2023-12-18,0,0,0,0,0,0,0,0,0.0030690196798730516,0,0,0,0,0,0,0,0,0,0,0,0,0,0,0.0055942053069857273,0,0,0,0,0,0,0
2023-12-19,0,0,0,0,0,0,0,0,0.0019161156644887573,0,0,0,0,0,0,0,0,0,0,0,0,0,0,0.0021249141209806598,0,0,0,0,0,0,0
2023-12-20,0,0,0,0,-0.0073098077435819067,0,0,0,-0.0034953263842600999,0,0,0,0,0,0,0,0,0,0,0,0,0,0,0.00014979554076673983,0,0,0,0,0,0,0
2023-12-21,0,0,0,0,0.010459057045735418,0,0,0,0.0058462781015204239,0,0,0,0,0,0,0,0,0,0,0,0,0,0,0,0,0,0,0,0,0,0
2023-12-22,0,0,0,0,-0.011870477107453523,0,0,0,-0.0041027458748602854,0,0,0,0,0,0,0,0,0,0,0,0,0,0,0,0,0,0,0,0,0,0
2023-12-25,0,0,0,0,-0.018749318362698417,0,0,0,-0.006078251694320972,0,0,0,0,0,0,0,0,0,0,0,0,0,0,0,0,0,0,0,0,0,0
2023-12-26,0,0,0,0,-0.001637443665511211,0,0,0,-0.0036795715124084204,0,0,0,0,0,0,0,0,0,0,0,0,0,0,0,0,0,0,0,0,0,0
2023-12-27,0,0,0,0,0,0,0,0,0.00028770020974890542,0,0,0,0,0,0,0,0,0,0,0,0,0,0,0,0,0,0,0,0,0,0
2023-12-28,0,0,0,0,0,0,0,0,0,0,0,0,0,0,0,0,0,0,0,0,0,0,0,0,0,0,0,0,0,0,0
2023-12-29,0,0,0,0,0,0,0,0,0,0,0,0,0,0,0,0,0,0,0,0,0,0,0,0,0,0,0,0,0,0,0
2024-01-02,0,0,0,0,0,0,0,0,0,0,0,0,0,0,0,0,0,0,0,0,0,0,0,0,0,0,0,0,0,0,0
2024-01-03,0,0,0,0,0,0,0,0,0,0,0,0,0,0,0,0,0,0,0,0,0,0,0,0,0,0,0,0,0,0,0
2024-01-04,0,0,0,0,0,0,0,0,0,0,0,0,0,0,0,0,0,0,0,0,0,0,0,0,0,0,0,0,0,0,0
2024-01-05,0,0,0,0,0,0,0,0,0,0,0,0,0,0,0,0,0,0,0,0,0,0,0,0,0,0,0,0,0,0,0
2024-01-08,0,0,0,0,0,0,0,0,0,0,0,0,0,0,0,0,0,0,0,0,0,0,0,0,0,0,0,0,0,0,0
2024-01-09,0,0,0,0,0,0,0,0,0,0,0,0,0,0,0,0,0,0,0,0,0,0,0,0,0,0,0,0,0,0,0
2024-01-10,0,0,0,0,0,0,0,0,0,0,0,0,0,0,0,0,0,0,0,0,0,0,0,0,0,0,0,0,0,0,0
2024-01-11,0,0,0,0,0,0,0,0,0,0,0,0,0,0,0,0,0,0,0,0,0,0,0,0,0,0,0,0,0,0,0
2024-01-12,0,0,0,0,0,0,0,0,0,0,0,0,0,0,0,0,0,0,0,0,0,0,0,0,0,0,0,0,0,0,0
2024-01-15,0,0,0,0,0,0,0,0,0,0,0,0,0,0,0,0,0,0,0,0,0,0,0,0,0,0,0,0,0,0,0
2024-01-16,0,0,0,0,0,0,0,0,0,0,0,0,0,0,0,0,0,0,0,0,0,0,0,0,0,0,0,0,0,0,0
2024-01-17,0,0,0,0,0,0,0,0,0,0,0,0,0,0,0,0,0,0,0,0,0,0,0,0,0,0,0,0,0,0,0
2024-01-18,0,0,0,0,0,0,0,0,0,0,0,0,0,0,0,0,0,0,0,0,0,0,0,0,0,0,0,0,0,0,0
2024-01-19,0,0,0,0,0,0,0,0,0,0,0,0,0,0,0,0,0,0,0,0,0,0,0,0,0,0,0,0,0,0,0
2024-01-22,0,0,0,0,0,0,0,0,0,0,0,0,0,0,0,0,0,0,0,0,0,0,0,0,0,0,0,0,0,0,0
2024-01-23,0,0,0,0,0,0,0,0,0,0,0,0,0,0,0,0,0,0,0,0,0,0,0,0,0,0,0,0,0,0,0
2024-01-24,0,0,0,0,0,0,0,0,0,0,0,0,0,0,0,0,0,0,0,0,0,0,0,0,0,0,0,0,0,0,0
2024-01-25,0,0,0,0,0,0,0,0,0,0,0,0,0,0,0,0,0,0,0,0,0,0,0,0,0,0,0,0,0,0,0
2024-01-26,0,0,0,0,0,0,0,0,0,0,0,0,0,0,0,0,0,0,0,0,0,0,0,0,0,0,0,0,0,0,0
2024-01-29,0,0,0,0,0,0,0,0,0,0,0,0,0,0,0,0,0,0,0,0,0,0,0,0,0,0,0,0,0,0,0
2024-01-30,0,0,0,0,0,0,0,0,0,0,0,0,0,0,0,0,0,0,0,0,0,0,0,0,0,0,0,0,0,0,0
2024-01-31,0,0,0,0,0,0,0,0,0,0,0,0,0,0,0,0,0,0,0,0,0,0,0,0,0,0,0,0,0,0,0
2024-02-01,0,0,0,0,0,0,0,0,0,0,0,0,0,0,0,0,0,0,0,0,0,0,0,0,0,0,0,0,0,0,0
2024-02-02,0,0,0,0,0,0,0,0,0,0,0,0,0,0,0,0,0,0,0,0,0,0,0,0,0,0,0,0,0,0,0
2024-02-05,0,0,0,0,0,0,0,0,0,0,0,0,0,0,0,0,0,0,0,0,0,0,0,0,0,0,0,0,0,0,0
2024-02-06,0,0,0,0,0,0,0,0,0,0,0,0,0,0,0,0,0,0,0,0,0,0,0,0,0,0,0,0,0,0,0
2024-02-07,0,0,0,0,0,0,0,0,0,0,0,0,0,0,0,0,0,0,0,0,0,0,0,0,0,0,0,0,0,0,0
2024-02-08,0,0,0,0,0,0,0,0,0,0,0,0,0,0,0,0,0,0,0,0,0,0,0,0,0,0,0,0,0,0,0
2024-02-19,0,0,0,0,0,0,0,0,0,0,0,0,0,0,0,0,0,0,0,0,0,0,0,0,0,0,0,0,0,0,0
2024-02-20,0,0,0,0,0,0,0,0,0,0,0,0,0,0,0,0,0,0,0,0,0,0,0,0,0,0,0,0,0,0,0
2024-02-21,0,0,0,0,0,0,0,0,0.0019355682984150257,0,0,0,0,0,0,0,0,0,0,0,0,0,0,0,0,0,0,0,0,0,0
2024-02-22,0,0,0,0,0,0,0,0,-0.010149765613168066,0,0,0,0,0,0,0,0,0,0,0,0,0,0,0,0.0013509724889593912,0,0,0,0,0,0
2024-02-23,0,0,0,0,0,0,0,0,0.0023321231230186293,0,0,0,0,0,0,0,0,0,0,0,0,0,0,0,-0.0010898239526539101,0,0,0,0,0,0
2024-02-26,0,0,0,0,0,0,0,0,-0.0076127091354777346,0,0,0,0,0,0,0,0,0,0,0,0,0,0,0,-0.0024584880834335079,0,0,0,0,0,0
2024-02-27,0,0,0,0,0,0,0,0,-0.028629974652289822,0,0,0,0,0,0,0,0,0,0,0,0,0,0,0,0.0075331708376758762,0,0,0,0,0,0
2024-02-28,0,0,0,0,0,0,0,0,0.010555533207293768,0,0,0,0,0,0,0,0,0,0,0,0,0,0,0,-0.0052956676884760084,0,0,0,0,0,0
2024-02-29,0,0,0,0,0,0,0,0,-0.0032632363390608151,0,0,0,0,0,0,0,0,0,0,0,0,0,0,0,0.017695457502442082,0,0,0,0,0,0
2024-03-01,0,0,0,0,0,0,0,0,-0.0042506458242533018,0,0,0,0,0,0,0,0,0,0,0,0,0,0,0,0.00828664759733614,0,0,0,0,0,0
2024-03-04,0,0,0,0,0,0,0,0,0.0021799151657917702,0,0,0,0,0,0,0,0,0,0,0,0,0,0,0,2.1160263540616343e-05,0,0,0,0,0,0
2024-03-05,0,0,0,0,0,0,0,0,0.0003712851117181695,0,0,0,0,0,0,0,0,0,0,0,0,-0.0029337436069796184,0,0,-0.0011784359646667927,0,0,0,0,0,0
2024-03-06,0,0,0,0,0,0,0,0,0.0028014945317972398,0,0,0,0,0,0,0,0,0,0,0,0,-0.021043182156335948,0,0,-0.00013567942111501936,0,0,0,0,0,0
2024-03-07,0,0,0,0,0,0,0,0,0.0054465628767749082,0,0,0,0,0,0,0,0,0,0,0,0,0.024452640335216276,0,0,0.00030891388149611201,0,0,0,0,0,0
2024-03-08,0,0,0,0,0,0,0,0,-0.0021450398858765003,0,0,0,0,0,0,0,0,0,0,0,0,-0.044351613454760346,0,0,0.012115676142284169,0,0,0,0,0,0
2024-03-11,0,0,0,0,0,0,0,0,-0.0020691096838765322,0,0,0,0,0,0,0,0,0,0,0,0,-0.012122351562995168,0,0,0.0040658745636826619,0,0,0,0,0,0
2024-03-12,0,0,0,0,0,0,0,0,0.0051587747444519008,0,0,0,0,0,0,0,0,0,0,0,0,0.0047758883915795637,0,0,-0.0084999651286812982,0,0,0,0,0,0
2024-03-13,0,0,0,0,0,0,0,0,0.00041544919371533894,0,0,0,0,0,0,0,0,0,0,0,0,0.00931381534827622,0,0,-0.0096987220139822979,0,0,0,0,0,0
2024-03-14,0,0,0,0,0,0,0,0,-0.001500483091660865,0,0,0,0,0,0,0,0,0,0,0,0,0.017523178226950559,0,0,-0.0044872804743983363,0,0,0,0,0,0
2024-03-15,0,0,0,0,0,0,0,0,7.3260493547092586e-05,0,0,0,0,0,0,0,0,0,0,0,0,0.00070360266369131155,0,0,-0.0012386373655458366,0,0,0,0,0,0
2024-03-18,0,0,0,0,0,0,0,0,-0.0035353568707542447,0,0,0,0,0,0,0,0,0,0,0,0,-0.019106910901042693,0,0,0.014712432144125097,0,0,0,0,0,0
2024-03-19,0,0,0,0,0,0,0,0,0.0031782994759042681,0,0,0,0,0,0,0,0,0,0,0,0,0.0068099737408058008,0,-0.00039511105057580214,-0.004830899291251264,0,0,0,0,0,0
2024-03-20,0,0,0,0,0,0,0,0,0.00056489750738423919,0,0,0,0,0,0,0,0,0,0,0,0,0,0,0.0059954553880908036,0.0018329703769732243,0,0,0,0,0,0
2024-03-21,0,0,0,0,0,0,0,0,0.0012772760104838212,0,0,0,0,0,0,0,0,0,0,0,0,0,0,0.011489719909048034,0.0080031577797877469,0,0,0,0,0,0
2024-03-22,0,0,0,0,0,0,0,0,-0.0079004020493985347,0,0,0,0,0,0,0,0,0,0,0,0,0,0,0.00079744722466350922,0.018459016983906232,0,0,0,0,0,0
2024-03-25,0,0,0,0,0,-0.0023638168641702947,0,0,-0.0023947477642532675,0,0,0,0,0,0,0,0,0,0,0,0,0,0,0.01051681578925919,0.0068692077797064249,0,0,0,0,0,0
2024-03-26,0,0,0,0,0,0.0012992288005326603,0,0,0.0034385704181615004,0,0,0,0,0,0,0,0,0,0,0,0,0,0,0.0091995051357770356,0.00023271896146636359,0,0,0,0,0,0
2024-03-27,0,0,0,0,0,0,0,0,0,0,0,0,0,0,0,0,0,0,0,0,0,0,0,0,0,0,0,0,0,0,0
2024-03-28,0,0,0,0,0,0,0,0,0,0,0,0,0,0,0,0,0,0,0,0,0,0,0,0,0,0,0,0,0,0,0
2024-03-29,0,0,0,0,0,0,0,0,0,0,0,0,0,0,0,0,0,0,0,0,0,0,0,0,0,0,0,0,0,0,0
2024-04-01,0,0,0,0,0,0,0,0,0,0,0,0,0,0,0,0,0,0,0,0,0,0,0,0,0,0,0,0,0,0,0
2024-04-02,0,0,0,0,0,0,0,0,0,0,0,0,0,0,0,0,0,0,0,0,0,0,0,0,0,0,0,0,0,0,0
2024-04-03,0,0,0,0,0,0,0,0,0,0,0,0,0,0,0,0,0,0,0,0,0,0,0,0,0,0,0,0,0,0,0
2024-04-08,0,0,0,0,0,0,0,0,0,0,0,0,0,0,0,0,0,0,0,0,0,0,0,0,0,0,0,0,0,0,0
2024-04-09,0,0,0,0,0,0,0,0,0,0,0,0,0,0,0,0,0,0,0,0,0,0,0,0,0,0,0,0,0,0,0
2024-04-10,0,0,0,0,0,0,0,0,0,0,0,0,0,0,0,0,0,0,0,0,0,0,0,0,0,0,0,0,0,0,0
2024-04-11,0,0,0,0,0,0,0,0,0,0,0,0,0,0,0,0,0,0,0,0,0,0,0,0,0,0,0,0,0,0,0
2024-04-12,0,0,0,0,0,0,0,0,0,0,0,0,0,0,0,0,0,0,0,0,0,0,0,0,0,0,0,0,0,0,0
2024-04-15,0,0,0,0,0,0,0,0,0,0,0,0,0,0,0,0,0,0,0,0,0,0,0,0,0,0,0,0,0,0,0
2024-04-16,0,0,0,0,0,0,0,0,0,0,0,0,0,0,0,0,0,0,0,0,0,0,0,0,0,0,0,0,0,0,0
2024-04-17,0,0,0,0,0,0,0,0,0,0,0,0,0,0,0,0,0,0,0,0,0,0,0,0,0,0,0,0,0,0,0
2024-04-18,0,0,0,0,0,0,0,0,0,0,0,0,0,0,0,0,0,0,0,0,0,0,0,0,0,0,0,0,0,0,0
2024-04-19,0,0,0,0,0,0,0,0,0,0,0,0,0,0,0,0,0,0,0,0,0,0,0,0,0,0,0,0,0,0,0
2024-04-22,0,0,0,0,0,0,0,0,0,0,0,0,0,0,0,0,0,0,0,0,0,0,0,0,0,0,0,0,0,0,0
2024-04-23,0,0,0,0,0,0,0,0,0,0,0,0,0,0,0,0,0,0,0,0,0,0,0,0,0,0,0,0,0,0,0
2024-04-24,0,0,0,0,0,0,0,0,0,0,0,0,0,0,0,0,0,0,0,0,0,0,0,0,0,0,0,0,0,0,0
2024-04-25,0,0,0,0,0,0,0,0,0,0,0,0,0,0,0,0,0,0,0,0,0,0,0,0,0,0,0,0,0,0,0
2024-04-26,0,0,0,0,0,0,0,0,0,0,0,0,0,0,0,0,0,0,0,0,0,0,0,0,0,0,0,0,0,0,0
2024-04-29,0,0,0,0,0,0,0,0,0,0,0,0,0,0,0,0,0,0,0,0,0,0,0,0,0.0016678024422808468,-0.0031495682940352755,0,0,0,0,0
2024-04-30,0,0,0,0,0,0,0,0,0,0,0,0,0,0,0,0,0,0,0,0,0,0,0,0,-0.00070713919178468608,5.2050845817518365e-05,0,0,0,0,0
2024-05-06,0,0,0,0,0,0,0,0,0,0,0,0,0,0,0,0,0,0,0,0,0,0,0,0,-3.7106053127590211e-05,0.0010984743755200754,0,0,0,0,0
2024-05-07,0,0,0,0,0,0,0,0,0,0,0,0,0,0,0,0,0,0,0,0,0,0,0,0,0.00057930799884183719,-0.0045755133004913955,-0.0011323419082391595,0,0,0,0
2024-05-08,0,0,0,0,0,0,0,0,0,0,0,0,0,0,0,0,0,0,0,0,0,0,0,0,0.0024185279284445185,-0.0020610467914011217,0.0076696929085572239,0,0,0,0
2024-05-09,0,0,0,0,0,0,0,0,0,0,0,0,0,0,0,0,0,0,0,0,0,0,0,0,-0.00069503195741231006,-0.00026198401369746595,-0.0018563733679277019,0,0,0,0
2024-05-10,0,0,0,0,0,0,0,0,0,0,0,0,0,0,0,0,0,0,0,0,0,0,0,0,0.0093304947764188233,-0.0034979505333331586,0.003327010722349498,0,0,0,0
2024-05-13,0,0,0,0,0,0,0,0,0,0,0,0,0,0,0,0,0,0,0,0,0,0,0,0,0.0026686382101992669,0.00044644981110157677,0.00029478680819465715,0,0,0,0
2024-05-14,0,0,0,0,0,0,0,0,0,0,0,0,0,0,0,0,0,0,0,0,0,0,0,0,0,-0.0027549360116398466,0.00012192868120103166,0,0,0,0
2024-05-15,0,0,0,0,0,0,0,0,0,0,0,0,0,0,0,0,0,0,0,0,0,0,0,0,0,0.00081146817558568594,2.164944750960451e-05,0,0,0,0
2024-05-16,0,0,0,0,0,0,0,0,0,0,0,0,0,0,0,0,0,0,0,0,0,0,0,0,0,0.00015037592250365884,0.00016376437094407521,0,0,0,0
2024-05-17,0,0,0,0,0,0,0,0,0,0,0,0,0,0,0,0,0,0,0,0,0,0,0,0,0,0.0017404351287050813,-0.00037461350826530852,0,0,0,0
2024-05-20,0,0,0,0,0,0,0,0,0,0,0,0,0,0,0,0,0,0,0,0,0,0,0,0,0,0.0068282087175546811,4.623447756145092e-05,0,0,0,0
2024-05-21,0,0,0,0,0,0,0,0,0,0,0,0,0,0,0.02187680458105265,0,0,0,0,0,0,0,0,0,0,-0.002238377066186984,0.0025822693839352689,0,0,0,0
2024-05-22,0,0,0,0,0,0,0,0,0,0,0,0,0,0,-0.0058258950069434816,0,0,0,0,0,0,0,0,0,0,-0.0056797964962256101,0,0,0,0,0
2024-05-23,0,0,0,0,0,0,0,0,0,0,0,0,0,0,0.015589994366266019,0,0,0,0,0,0,0,0,0,0,-0.0042625620942381573,0.00091976892354537327,0,0,0,0
2024-05-24,0,0,0,0,0,0,0,0,0,0,0,0,0,0,0.035853150923999558,0,0,0,0,0,0,0,0,0,0,-0.0036840415209177537,0.0022012983885272199,0,0,0,0
2024-05-27,0,0,0,0,0,0,0,0,0,0,0,0,0,0,-0.0029816590539655003,0,0,0,0,0,0,0,0,0,0,0.0012226417323764735,0.002898353196555627,0,0,0,0
2024-05-28,0,0,0,0,0,0,0,0,0,0,0,0,0,0,0.0058085013914913417,0,-0.00023154356446181503,0,0,0,0,0,0,0,0,0,-0.0020544650944615351,0,0,0,0
2024-05-29,0,0,0,0,0,0,0,0,0,0,0,0,0,0,0.00038976200989765657,0,-0.0082468165208704966,0,0,0,0,0,0,0,0,0,-0.001264680507228365,0,0,0,0
2024-05-30,0,0,0,0,0,0,0,0,0,0,0,0,0,0,-0.00083012842874602844,0,0.0096600483544531119,0,0,0,0,0,0,0,0,0,-6.0652278453815928e-05,0,0,0,0
2024-05-31,0,0,0,0,-0.0011693716248201936,0,0,0,0,0,0,0,0,0,-0.003539939491392649,0,-0.0052771251061047748,0,0,0,0,0,0,0,0,0,0,0,0,0,0
2024-06-03,0,0,0,0,0.011809563854515643,0,0,0,0,0,0,0,0,0,-0.0096459108934265209,0,0.00010326569541736297,0,0,0,0,0,0,0,0,0,0,0,0,0,0
2024-06-04,0,0,0,0,-0.0044293716671541432,0,0,0,0,0,0,0,0,0,0.0022031563673090876,0,-0.0031679769482856556,0,0,0,0,0,0,0,0,0,0,0,0,0,0
2024-06-05,0,0,0,0,-0.0065858164646298949,0,0,0,0,0,0,0,0,0,-0.00082725140875167279,0,0.003660161672035154,0,0,0,0,0,0,0,0,0,0,0,0,0,0
2024-06-06,0,0,0,0,-0.0064681917809207654,0,0,0,0,0,0,0,0,0,0.028168883620717514,0,0.0051359631258594465,0,0,0,0,0,0,0,0,0,0,0,0,0,0
2024-06-07,0,0,0,0,-0.0053943160107198171,0,0,0,0,0,0,0,0,0,-0.015304711351805772,0,-0.0067092251140460661,0,0,0,0,0,0,0,0,0,0,0,0,0,0
2024-06-11,0,0,0,0,0.0044678747003113759,0,0,0,0,0,0,0,0,0,-0.016542261899930619,0,0.020052176034401008,0,0,0,0,0,0,0,0,0,0,0,0,0,0
2024-06-12,0,0,0,0,0.0041548507755980848,0,0,0,0,0,0,0,0,0,0.0010530737483518317,0,0.017568931040704359,0,0,0,0,0,0,0,0,0,0,0,0,0,0
2024-06-13,0,0,0,0,0.0091624390191723214,0,0,0,0,0,0,0,0,0,-0.012531629506993845,0,0.0041750753044553354,0,0,0,0,0,0,0,0,0,0,0,0,0,0
2024-06-14,0,0,0,0,0.0024881498148432903,0,0,0,0,0,0,0,0,0,-0.012839958591484233,0,0.00024941487566837309,0,0,0,0,0,0,0,0,0,0,0,0,0,0
2024-06-17,0,0,0,0,0.006766649652279284,0,0,0,0,0,0,0,0,0,-0.03050661083480323,0,0.0057193608151124113,0,0,0,0,0,0,0,0,0,0,0,0,0,0
2024-06-18,0,0,0,0,0.0044313400858547198,0,0,0,0,0,0,0,0,0,0.0051590408556048614,0,-0.0027871072740163309,0,0,0,0,0,0,0,0,0,0,0,0,0,0
2024-06-19,0,0,0,0,0.0064010537920898567,0,0,0,0,0,0,0,0,0,-0.022411940661234565,0,-0.0026414503333735302,0,0,0,0,0,0,0,0,0,0,0,0,0,0
2024-06-20,0,0,0,0,0.0073405150029971803,0,0,0,0,0,0,0,0,0,0.00697522047670549,0,0.0014527606153931444,0,0,0,0,0,0,0,0,0,0,0,0,0,0
2024-06-21,0,0,0,0,0.005835015701344138,0,0,0,0,0,0,0,0,0,-0.001493326735884455,0,-0.00017821835272130849,0,0,0,0,0,0,0,0,0,0,0,0,0,0
2024-06-24,0,0,0,0,0.0025910379357779729,0,0,0,0,0,0,0,0,0,0.025003918165549983,0,-0.0077952923045733168,0,0,0,0,0,0,0,0,0,0,0,0,0,0
2024-06-25,0,0,0,0,-0.004383479377911996,0,0,0,0,0,0,0,0,0,0.0047000683057235731,0,-0.0099094437225234581,0,0,0,0,0,0,0,0,0,0,0,0,0,0
2024-06-26,0,0,0,0,0,0,0,0,0,0,0,0,0,0,0,0,0.0004394727597752026,0,0,0,0,0,0,0,0,0,0,0,0,0,0
2024-06-27,0,0,0,0,0,0,0,0,0,0,0,0,0,0,0,0,0,0,0,0,0,0,0,0,0,0,0,0,0,0,0
2024-06-28,0,0,0,0,0,0,0,0,0,0,0,0,0,0,0,0,0,0,0,0,0,0,0,0,0,0,0,0,0,0,0
2024-07-01,0,0,0,0,0,0,0,0,0,0,0,0,0,0,0,0,0,0,0,0,0,0,0,0,0,0,0,0,0,0,0
2024-07-02,0,0,0,0,0,0,0,0,0,0,0,0,0,0,0,0,0,0,0,0,0,0,0,0,0,0,0,0,0,0,0
2024-07-03,0,0,0,0,0,0,0,0,0,0,0,0,0,0,0,0,0,0,0,0,0,0,0,0,0,0,0,0,0,0,0
2024-07-04,0,0,0,0,0,0,0,0,0,0,0,0,0,0,0,0,0,0,0,0,0,0,0,0,0,0,0,0,0,0,0
2024-07-05,0,0,0,0,0,0,0,0,0,0,0,0,0,0,0,0,0,0,0,0,0,0,0,0,0,0,0,0,0,0,0
2024-07-08,0,0,0,0,0,0,0,0,0,0,0,0,0,0,0,0,0,0,0,0,0,0,0,0,0,0,0,0,0,0,0
2024-07-09,0,0,0,0,0,0,0,0,0,0,0,0,0,0,0,0,0,0,0,0,0,0,0,0,0,0,0,0,0,0,0
2024-07-10,0,0,0,0,0,0,0,0,0,0,0,0,0,0,0,0,0,0,0,0,0,0,0,0,0,0,0,0,0,0,0
2024-07-11,0,0,0,0,0,0,0,0,0,0,0,0,0,0,0,0,0,0,0,0,0,0,0,0,0,0,0,0,0,0,0
2024-07-12,0,0,0,0,-0.00065776454915170146,0,0,0,0,0,0,0,0,0,0,0,0,0,0,0,0,0,0,0.00053593093218032859,0,0,0,0,0,0,0
2024-07-15,0,0,0,0,-3.7209064689285899e-05,0,0,0,0,0,0,0,0,0,0,0,0,0,0,0,0,0,0,0.0012348707665085753,0,0,0,0,0,0,0
2024-07-16,0,0,0,0,0.00075924994554392444,0,0,0,0,0,0,0,0,0,0,0,0,0,0,0,0,0,0,-0.00037453479811083452,0,0,0,0,0,0,0
2024-07-17,0,0,0,0,-0.0018000813634558941,0,0,0,0,0,0,0,0,0,0,0,0,0,0,0,0,0,0,0.00026026083623072703,0.00025890595239103412,0,0,0,0,0,0
2024-07-18,0,0,0,0,-0.00022811586703222649,0,0,0,0,0,0,0,0,0,0,0,0,0,0,0,0,0,0,-0.0061031772886068055,-0.011904789749783757,0,0,0,0,0,0
2024-07-19,0,0,0,0,1.1667106634887832e-05,0,0,0,0,0,0,0,0,0,0,0,0,0,0,0,0,0,0,-0.0022299806232441424,0.00097038761693981972,0,0,0,0,0,0
2024-07-22,0,0,0,0,0.0010878216427625056,0,0,0,0,0,0,0,0,0,0,0,0,0,0,0,0,0,0,0,-0.0039037584719184564,0,0,0,0,0,0
2024-07-23,0,0,0,0,-0.0063748878698922928,0,0,0,0,0,0,0,0,0,0,0,0,0,0,0,0,0,0,0,0.0041633640313487284,0,0,0,0,0,0
2024-07-24,0,0,0,0,0.00096145867344347036,0,0,0,0,0,0,0,0,0,0,0,0,0,0,0,0,0,0,0,0.00027757292208289942,0,0,0,0,0,0
2024-07-25,0,0,0,0,0,0,0,0,0,0,0,0,0,0,0,0,0,0,0,0,0,0,0,0,0,0,0,0,0,0,0
2024-07-26,0,0,0,0,0,0,0,0,0,0,0,0,0,0,0,0,0,0,0,0,0,0,0,0,0,0,0,0,0,0,0
2024-07-29,0,0,0,0,0,0,0,0,0,0,0,0,0,0,0,0,0,0,0,0,0,0,0,0,0,0,0,0,0,0,0
2024-07-30,0,0,0,0,0,0,0,0,0,0,0,0,0,0,0,0,0,0,0,0,0,0,0,0,0,0,0,0,0,0,0
2024-07-31,0,0,0,0,0,0,0,0,0,0,0,0,0,0,0,0,0,0,0,0,0,0,0,0,0,0,0,0,0,0,0
2024-08-01,0,0,0,0,0,0,0,0,0,0,0,0,0,0,0,0,0,0,0,0,0,0,0,0,0,0,0,0,0,0,0
2024-08-02,0,0,0,0,0,0,0,0,0,0,0,0,0,0,0,0,0,0,0,0,0,0,0,0,0,0,0,0,0,0,0
2024-08-05,0,0,0,0,0,0,0,0,0,0,0,0,0,0,0,0,0,0,0,0,0,0,0,0,0,0,0,0,0,0,0
2024-08-06,0,0,0,0,0,0,0,0,0,0,0,0,0,0,0,0,0,0,0,0,0,0,0,0,0,0,0,0,0,0,0
2024-08-07,0,0,0,0,0,0,0,0,0,0,0,0,0,0,0,0,0,0,0,0,0,0,0,0,0,0,0,0,0,0,0
2024-08-08,0,0,0,0,0,0,0,0,0,0,0,0,0,0,0,0,0,0,0,0,0,0,0,0,0,0,0,0,0,0,0
2024-08-09,0,0,0,0,0,0,0,0,0,0,0,0,0,0,0,0,0,0,0,0,0,0,0,0,0,0,0,0,0,0,0
2024-08-12,0,0,0,0,0,0,0,0,0,0,0,0,0,0,0,0,0,0,0,0,0,0,0,0,0,0,0,0,0,0,0
2024-08-13,0,0,0,0,0,0,0,0,0,0,0,0,0,0,0,0,0,0,0,0,0,0,0,0,0,0,0,0,0,0,0
2024-08-14,0,0,0,0,0,0,0,0,0,0,0,0,0,0,0,0,0,0,0,0,0,0,0,0,0,0,0,0,0,0,0
2024-08-15,0,0,0,0,0,0,0,0,0,0,0,0,0,0,0,0,0,0,0,0,0,0,0,0,0,0,0,0,0,0,0
2024-08-16,0,0,0,0,0,0,0,0,0,0,0,0,0,0,0,0,0,0,0,0,0,0,0,0,0,0,0,0,0,0,0
2024-08-19,0,0,0,0,0,0,0,0,0,0,0,0,0,0,0,0,0,0,0,0,0,0,0,0,0,0,0,0,0,0,0
2024-08-20,0,0,0,0,0,0,0,0,0,0,0,0,0,0,0,0,0,0,0,0,0,0,0,0,0,0,0,0,0,0,0
2024-08-21,0,0,0,0,0,0,0,0,0,0,0,0,0,0,0,0,0,0,0,0,0,0,0,0,0,0,0,0,0,0,0
2024-08-22,0,0,0,0,0,0,0,0,0,0,0,0,0,0,0,0,0,0,0,0,0,0,0,0,0,0,0,0,0,0,0
2024-08-23,0,0,0,0,0,0,0,0,0,0,0,0,0,0,0,0,0,0,0,0,0,0,0,0,0,0,0,0,0,0,0
2024-08-26,0,0,0,0,0,0,0,0,0,0,0,0,0,0,0,0,0,0,0,0,0,0,0,0,0,0,0,0,0,0,0
2024-08-27,0,0,0,0,0,0,0,0,0,0,0,0,0,0,0,0,0,0,0,0,0,0,0,0,0,0,0,0,0,0,0
2024-08-28,0,0,0,0,0,0,0,0,0,0,0,0,0,0,0,0,0,0,0,0,0,0,0,0,0,0,0,0,0,0,0
2024-08-29,0,0,0,0,0,0,0,0,0,0,0,0,0,0,0,0,0,0,0,0,0,0,0,0,0,0,0,0,0,0,0
2024-08-30,0,0,0,0,0,0,0,0,0,0,0,0,0,0,0,0,0,0,0,0,0,0,0,0,0,0,0,0,0,0,0
2024-09-02,0,0,0,0,0,0,0,0,0,0,0,0,0,0,0,0,0,0,0,0,0,0,0,0,0,0,0,0,0,0,0
2024-09-03,0,0,0,0,0,0,0,0,0,0,0,0,0,0,0,0,0,0,0,0,0,0,0,0,0,0,0,0,0,0,0
2024-09-04,0,0,0,0,0,0,0,0,0,0,0,0,0,0,0,0,0,0,0,0,0,0,0,0,0,0,0,0,0,0,0
2024-09-05,0,0,0,0,0,0,0,0,0,0,0,0,0,0,0,0,0,0,0,0,0,0,0,0,0,0,0,0,0,0,0
2024-09-06,0,0,0,0,0,0,0,0,0,0,0,0,0,0,0,0,0,0,0,0,0,0,0,0,0,0,0,0,0,0,0
2024-09-09,0,0,0,0,0,0,0,0,0,0,0,0,0,0,0,0,0,0,0,0,0,0,0,0,0,0,0,0,0,0,0
2024-09-10,0,0,0,0,0,0,0,0,0,0,0,0,0,0,0,0,0,0,0,0,0,0,0,0,0,0,0,0,0,0,0
2024-09-11,0,0,0,0,0,0,0,0,0,0,0,0,0,0,0,0,0,0,0,0,0,0,0,0,0,0,0,0,0,0,0
2024-09-12,0,0,0,0,0,0,0,0,0,0,0,0,0,0,0,0,0,0,0,0,0,0,0,0,0,0,0,0,0,0,0
2024-09-13,0,0,0,0,0,0,0,0,0,0,0,0,0,0,0,0,0,0,0,0,0,0,0,0,0,0,0,0,0,0,0
2024-09-18,0,0,0,0,0,0,0,0,0,0,0,0,0,0,0,0,0,0,0,0,0,0,0,0,0,0,0,0,0,0,0
2024-09-19,0,0,0,0,0,0,0,0,0,0,0,0,0,0,0,0,0,0,0,0,0,0,0,0,0,0,0,0,0,0,0
2024-09-20,0,0,0,0,0,0,0,0,0,0,0,0,0,0,0,0,0,0,0,0,0,0,0,0,0,0,0,0,0,0,0
2024-09-23,0,0,0,0,0,0,0,0,0,0,0,0,0,0,0,0,0,0,0,0,0,0,0,0,0,0,0,0,0,0,0
2024-09-24,0,0,0,0,0,0,0,0,0,0,0,0,0,0,0,0,0,0,0,0,0,0,0,0,0,0,0,0,0,0,0
2024-09-25,0,0,0,0,0,0,0,0,0,0,0,0,0,0,0,0,0,0,0,0,0,0,0,0,0,0,0,0,0,0,0
2024-09-26,0,0,0,0,0,0,0,0,0,0,0,0,0,0,0,0,0,0,0,0,0,0,0,0,0,0,0,0,0,0,0
2024-09-27,0,0,0,0,0,0,-0.0019113647028052034,0,0.0023772632085951369,0,0,0,0,0,0,0,0,0,0,0,0,0,0,0,0,0,0,0,0,0,0
2024-09-30,0,0,0,0,0,0,-0.0068532146815055497,0,0.009571461451267145,0,0,0,0,0,0,0,0,0,0,0,0,0,0,0,0,0,0,0,0,0,0
2024-10-08,0,0,0,0,0,0,-0.0082811164792280512,0,0.010273883448520156,0,0,0,0,0,0,0,0,0,0,0,0,0,0,0,0,0,0,0,0,0,0
2024-10-09,0,0,0,0,0,0,-0.0020131643478259811,0,0.016699522527810966,0,0,0,0,0,0,0,0,0,0,0,0,0,0,0,0,0,0,0,0,0,0
2024-10-10,0,0,0,0,0,0,-0.0040021568182296314,0,5.1424908926561363e-05,0,0,0,0,0,0,0,0,0,0,0,0,0,0,0,0,0,0,0,0,0,0
2024-10-11,0,0,0,0,0,0,0.0066551362565744916,0,-0.013019699760426658,0,0,0,0,0,0,0,0,0,0,0,0,0,0,0,0,0,0,0,0,0,0
2024-10-14,0,0,0,0,0,0,-0.0013266177028688189,0,0.00088597142546631338,0,0,0,0,0,0.019406714558960522,0,0,0,0,0,0,0,0,0,0,0,0,0,0,0,0
2024-10-15,0,0,0,0,0,0,0.0069435795553150397,0,-0.012860540110419743,0,0,0,0,0,-0.0096866265565619895,0,0,0,0,0,0,0,0,0,0,0,0,0,0,0,0
2024-10-16,0,0,0,0,0,0,0.00085048365131945634,0,-0.0064814234504225587,0,0,0,0,0,-0.0072146192673538849,0,0,0,0,0,0,0,0,0,0,0,0,0,0,0,0
2024-10-17,0,0,0,0,0,0,0.002717919336098031,0,0.004925203374474523,0,0,0,0,0,0.0085976454853288597,0,0,0,0,0,0,0,0,0,0,0,0,0,0,0,0
2024-10-18,0,0,0,0,0,0,-0.00014279944281182287,0,0.028789228092421813,0,0,0,0,0,-0.0082123842835640573,0,0,0,0,0,0,0,0,0,0,0,0,0,0,0,0
2024-10-21,0,0,0,0,0,0,0,0,-0.004846743584315057,0,0,0,0,0,-0.0030418756326791793,0,0,0,0,0,0,0,0,0,0,0,0,0,0,0,0
2024-10-22,0,0,0,0,0,0,0,0,-0.0067802534502949662,0,0,0,0,0,8.026207862546833e-05,0,0,0,0,0,0,0,0,0,0,0,0,0,0,0,0
2024-10-23,0,0,0,0,0,0,0,0,-0.006746122096386962,0,0,0,0,0,4.4513624470926723e-07,0,0,0,0,0,0,0,0,0,0,0,0,0,0,0,0
2024-10-24,0,0,0,0,0,0,0,0,-0.0026993118840474236,0,0,0,0,0,1.3169851579701228e-05,0,0,0,0,0,0,0,0,0,0,0,0,0,0,0,0
2024-10-25,0,0,0,0,0,0,0,0,-0.0040204125168789677,0,0,0,0,0,-1.2609038513250763e-05,0,0,0,0,0,0,0,0,0,0,0,0,0,0,0,0
2024-10-28,0,0,0,0,0,0,0,0,0.0012753533504183923,0,0,0,0,0,5.7437816856661765e-05,0,0,0,0,0,0,0,0,0,0,0,0,0,0,0,0
2024-10-29,0,0,0,0,0,0,0,0,0.0087005288298058047,0,0,0,0,0,-1.3484049763840531e-06,0,0,0,0,0,0,0,0,0,0,0,0,0,0,0,0
2024-10-30,0,0,0,0,0,0,0,0,-0.0029108652619797451,0,0,0,0,0,5.8949624163681658e-06,0,0,0,0,0,0,0,0,0,0,0,0,0,0,0,0
2024-10-31,0,0,0,0,0,0,0,0,0.006939910309290042,0,0,0,0,0,-3.8823983820835892e-06,0,0,0,0,0,0,0,0,0,0,0,0,0,0,0,0
2024-11-01,0,0,0,0,0,0,0,0,-0.0098807499054911537,0,0,0,0,0,-1.0499454016262705e-05,0,0,0,0,0,0,0,0,0,0,0,0,0,0,0,0
2024-11-04,0,0,0,0,0,0,0,0,0.0012703157557710919,0,0,0,0,0,-1.6965960914096636e-07,0,0,0,0,0,0,0,0,0,0,0,0,0,0,0,0
2024-11-05,0,0,0,0,0,0,0,0,0.010502344562429064,0,0,0,0,0,-1.4103813397883455e-05,0,0,0,0,0,0,0,0,0,0,0,0,0,0,0,0
2024-11-06,0,0,0,0,0,0,0,0,0.0081718531428486892,0,0,0,0,0,-9.0076637650633382e-05,0,0,0,0,0,0,0,0,0,0,0,0,0,0,0,0
2024-11-07,0,0,0,0,0,0,0,0,0.017046145934939378,0,0,0,0,0,-0.00021309512882769152,0,0,0,0,0,0,0,0,0,0,0,0,0,0,0,0
2024-11-08,0,0,0,0,0,0,0,0,-0.0094184952406133633,0,0,0,0,0,0.00056267619374107333,0,0,0,0,0,0,0,0,0,0,0,0,0,0,0,0
2024-11-11,0,0,0,0,0,0,0,0,0.004152623659725083,0,0,0,0,0,5.6703234888542118e-06,0,0,0,0,0,0,0,0,0,0,0,0,0,0,0,0
2024-11-12,0,0,0,0,0,0,0,0,-0.019953405430703893,0,0,0,0,0,6.0004490977092536e-05,0,0,0,0,0,0,0,0,0,0,0,0,0,0,0,0
2024-11-13,0,0,0,0,0,0,0,0,0.0044079413299359183,0,0,0,0,0,-0.0002138948289299239,0,0,0,0,0,0,0,0,0,0,0,0,0,0,0,0
2024-11-14,0,0,0,0,0,0,0,0,-0.010074200800812571,0,0,0,0,0,1.382645523842355e-05,0,0,0,0,0,0,0,0,0,0,0,0,0,0,0,0
2024-11-15,0,0,0,0,0,0,0,0,-0.010424369361155808,0,0,0,0,0,-3.3404099963430661e-05,0,0,0,0,0,0,0,0,0,0,0,0,0,0,0,0
2024-11-18,0,0,0,0,0,0,0,0,0.00078744721002214002,0,0,0,0,0,-2.3135379170128537e-05,0,0,0,0,0,0,0,0,0,0,0,0,0,0,0,0
2024-11-19,0,-0.00042735676877424163,0,0,0,0,0,0,-0.0090479016705988964,0,0,0,0,0,8.272387009888079e-05,0,0,0,0,0,0,0,0,0,0,0,0,0,0,0,0
2024-11-20,0,0.033527668034302148,0,0,0,0,0,0,0.0014452669154681589,0,0,0,0,0,5.3448827481662395e-06,0,0,0,0,0,0,0,0,0,0,0,0,0,0,0,0
2024-11-21,0,0.010575800982146015,0,0,0,0,0,0,-0.0042317209404215787,0,0,0,0,0,-0.00036372771175356006,0,0,0,0,0,0,0,0,0,0,0,0,0,0,0,0
2024-11-22,0,0.018813051904560417,0,0,0,0,0,0,0.0099196580741683707,0,0,0,0,0,0.00038686300196810047,0,0,0,0,0,0,0,0,0,0,0,0,0,0,0,0
2024-11-25,0,0.037116013185411266,0,0,0,0,0,0,0.012373172130211784,0,0,0,0,0,0.00010693784056922044,0,0,0,0,0,0,0,0,0,0,0,0,0,0,0,0
2024-11-26,0,-0.040896333914364147,0,0,0,0,0,0,0.0010989326410301063,0,0,0,0,0,0.00011831538895323975,0,0,0,0,0,0,0,0,0,0,0,0,0,0,0,0
2024-11-27,0,-0.037836011729535997,0,0,0,0,0,0,0,0,0,0,0,0,-0.00097038325183612315,0,0,0,0,0,0,0,0,0,0,0,0,0,0,0,0
2024-11-28,0,0.013120710207500656,0,0,0,0,0,0,0,0,0,0,0,0,-0.00015777607280256008,0,0,0,0,0,0,0,0,0,0,0,0,0,0,0,0
2024-11-29,0,0,0,0,0,0,0,0,0,0,0,0,0,0,-0.0036222485874678224,0,-0.0022591805065147316,0,0,0,0,0,0,0,0,0,0,0,0,0,0
2024-12-02,0,0,0,0,0,0,0,0,0,0,0,0.00031571736855727224,0,0,-0.00018982921722904083,0,-0.013362346178479072,0,0,0,0,0,0,0,0,0,0,0,0,0,0
2024-12-03,0,0,0,0,0,0,0,0,0,0,0,-0.0009670870261166988,0,0,-0.0014109720281592257,0,-0.0096203977443017289,0,0,0,0,0,0,0,0,0,0,0,0,0,0
2024-12-04,0,0,0,0,0,0,0,0,0,0,0,-0.00050232908056587703,0,0,0.002961151112296322,0,-0.0051086072458323278,0,0,0,0,0,0,0,0,0,0,0,0,0,0
2024-12-05,0,0,0,0,0,0,0,0,0,0,0,-9.0757943916045734e-05,0,0,-0.0030845320691260513,0,0.017604916386824675,0,0,0,0,0,0,0,0,0,0,0,0,0,0
2024-12-06,0,0,0,0,0,0,0,0,0,0,0,0.00064645127971088351,0,0,0.003095629217767213,0,0.0051887718718605855,0,0,0,0,0,0,0,0,0,0,0,0,0,0
2024-12-09,0,0,0,0,0,0,0,0,0,0,0,-0.0014884233406428546,0,0,0.0028373930125058355,0,-0.001324097257263701,0,0,0,0,0,0,0,0,0,0,0,0,0,0
2024-12-10,0,0,0,0,0,0,0,0,0,0,0,0.0014495454525577237,0,0,0.00011160906452987931,0,-0.00050194074644320671,0,0,0,0,0,0,0,0,0,0,0,0,0,0
2024-12-11,0,0,0,0,0,0,0,0,0,0,0,0,0,-0.0026696294464781129,-0.0012293862278083588,0,-0.002588624631939135,0,0,0,0,0,0,0,0,0,0,0,0,0,0
2024-12-12,0,0,0,0,0,0,0,0,0,0,0,0,0,0.0016879853680660372,-0.0058838423675968213,0,-0.0041250846314066086,0,0,0,0,0,0,0,0,0,0,0,0,0,0
2024-12-13,0,0,0,0,0,0,0,0,0,0,0,0,0,0.00034805016704097592,0.0016635831730265746,0,0.014759958299632668,0,0,0,0,0,0,0,0,0,0,0,0,0,0
2024-12-16,0,0,0,0,0,0,0,0,0,0,0,0,0,-0.014238826136357286,-0.0013377383398040371,0,-0.0051719985580099591,0,0,0,0,0,0,0,0,0,0,0,0,0,0
2024-12-17,0,0,0,0,0,0,0,0,0,0,0,0,0,-0.0022613662679359012,0.00085556368623105478,0,-0.024553811264455345,0,0,0,0,0,0,0,0,0,0,0,0,0,0
2024-12-18,0,0,0,0,0,0,0,0,0,0,0,0,0,0,-0.0068193505276678834,0,-0.0032227635950216075,0,0,0,0,0,0,0,0,0,0,0,0,0,0
2024-12-19,0,0,0,0,0,0,0,0,0,0,0,0,0,-0.0011530383457073168,-0.0024465255403462467,0,-0.0026082833086018479,0,0,0,0,0,0,0,0,0,0,0,0,0,0
2024-12-20,0,0,0,0,0,0,0,0,0,0,0,0,0,-0.0001516174040158247,-0.0044216075662954595,0,-0.032023305184787652,0,0,0,0,0,0,0,0,0,0,0,0,0,0
2024-12-23,0,0,0,0,0,0,0,0,0,0,0,0,0.00099528498539055012,0,0.0028929639510375874,0,0.023761786950116146,0,0,0,0,0,0,0,0,0,0,0,0,0,0
2024-12-24,0,0,0,0,0,0,0,0,0,0,0,0,-0.0019675511814500383,0,-0.0012411494040771021,0,-0.00032760777210312449,0,0,0,0,0,0,0,0,0,0,0,0,0,0
2024-12-25,0,0,0,0,0,0,0,0,0,0,0,0,0.00021246627499506938,0,-0.0003097114916757477,0,-0.011375289100379877,0,0,0,0,0,0,0,0,0,0,0,0,0,0
2024-12-26,0,0,0,0,0,0,0,0,0,0,0,0,0.0051260416430849668,0,0.0011379987947282774,0,-0.0084417085095288801,0,0,0,0,0,0,0,0,0,0,0,0,0,0
2024-12-27,0,0,0,0,0,0,0,0,0,0,0,0,0.0048855028992283341,0,-9.2969372207211704e-05,0,0.004538539001165365,0,0,0,0,0,0,0,0,0,0,0,0,0,0
2024-12-30,0,0,0,0,0,0,0,0,0,0,0,0,-0.010667375983890847,0,-0.0032897688610396721,0,0,0,0,0,0,0,0,0,0,0,0,0,0,0,0
2024-12-31,0,0,0,0,0,0,0,0,0,0,0,0,0.015234132267681067,0,0.0027110357881804277,0,0,0,0,0,0,0,0,0,0,0,0,0,0,0,0
2025-01-02,0,0,0,0,0,0,0,0,0,0,0,0,0.010996775047420873,0,0.00074312914074095224,0,0,0,0,0,0,0,0,0,0,0,0,0,0,0,0
2025-01-03,0,0,0,0,0,0,0,0,0,0,0,0,0,0,0,0,0,0,0,0,0,0,0,0,0,0,0,0,0,0,0
2025-01-06,0,0,0,0,0,0,0,0,0,0,0,0,0,0,0,0,0,0,0,0,0,0,0,0,0,0,0,0,0,0,0
2025-01-07,0,0,0,0,0,0,0,0,0,0,0,0,0,0,0,0,0,0,0,0,0,0,0,0,0,0,0,0,0,0,0
2025-01-08,0,0,0,0,0,0,0,0,0,0,0,0,0,0,0,0,0,0,0,0,0,0,0,0,0,0,0,0,0,0,0
2025-01-09,0,0,0,0,0,0,0,0,0,0,0,0,0,0,0,0,0,0,0,0,0,0,0,0,0,0,0,0,0,0,0
2025-01-10,0,0,0,0,0,0,0,0,0,0,0,0,0,0,0,0,0,0,0,0,0,0,0,0,0,0,0,0,0,0,0
2025-01-13,0,0,0,0,0,0,0,0,0,0,0,0,0,0,0,0,0,0,0,0,0,0,0,0,0,0,0,0,0,0,0
2025-01-14,0,0,0,0,0,0,0,0,0,0,0,0,0,0,0,0,0,0,0,0,0,0,0,0,0,0,0,0,0,0,0
2025-01-15,0,0,0,0,0,0,0,0,0,0,0,0,0,0,0,0,0,0,0,0,0,0,0,0,0,0,0,0,0,0,0
2025-01-16,0,0,0,0.0026952160981021682,0,0,0,0,0,0,0,0,0,0,0.01983693243016256,0,0,0,0,0,0,0,0,0,0,0,0,0,0,0,0
2025-01-17,0,0,0,-0.0045733764950666011,0,0,0,0,0,0,0,0,0,0,0.0038864512049680668,0,0,0,0,0,0,0,0,0,0,0,0,0,0,0,0
2025-01-20,0,0,0,-0.00082443682632065297,0,0,0,0,0,0,0,0,0,0,0,0,0,0,0,0,0,0,0,0,0,0,0,0,0,0,0
2025-01-21,0,0,0,0.0030281306089320792,0,0,0,0,0,0,0,0,-0.0031395009218527356,0,0,0,0,0,0,0,0,0,0,0,0,0,0,0,0,0,0
2025-01-22,0,0,0,-0.0046918802799208077,0,0,0,0,0,0,0,0,-0.032799139451432806,0,0,0,0,0,0,0,0,0,0,0,0,0,0,0,0,0,0
2025-01-23,0,0,0,0.0062422475447168058,0,0,0,0,0,0,0,0,0.0081881961799966114,0,0,0,0,0,0,0,0,0,0,0,0,0,0,0,0,0,0
2025-01-24,0,0,0,-3.2816812544587392e-05,0,0,0,0,0,0,0,0,-0.012243997901981128,0,0,0,0,0,0,0,0,0,0,0,0,0,0,0,0,0,0
2025-01-27,0,0,0,0.0034772326346518487,0,0,0,0,0,0,0,0,0.020253009968168149,0,0,0,0,0,0,0,0,0,0,0,0,0,0,0,0,0,0
2025-02-05,0,0,0,-0.009742203498154637,0,0,0,0,0,0,0,0,0.028027158070310518,0,0,0,0,0,0,0,0,0,0,0,0,0,0,0,0,0,0
2025-02-06,0,0,0,-0.0052416788341376249,0,0,0,0,0,0,0,0,-0.02310894055611061,0,0,0,0,0,0,0,0,0,0,0,0,0,0,0,0,0,0
2025-02-07,0,0,0,0.001845529334151756,0,0,0,0,0,0,0,0,-0.0044598131455919066,0,0,0,0,0,0,0,0,0,0,0,0,0,0,0,0,0,0
2025-02-10,0,0,0,0.0028535291145709903,0,0,0,0,0,0,0,0,0.0026361497842188253,0,0,0,0,0,0,0,0,0,0,0,0,0,0,0,0,0,0
2025-02-11,0,0,0,0.0004563531531559938,0,0,0,0,0,0,0,0,-0.0066334072221833906,0,0,0,0,0,0,0,0,0,0,0,0,0,0,0,0,0,0
2025-02-12,0,0,0,-0.00068651375432542691,0,0,0,0,0,0,0,0,-0.0031508186867234365,0,0,0,0,0,0,0,0,0,0,0,0,0,0,0,0,0,0
2025-02-13,0,0,0,0.0052401187205282224,0,0,0,0,0,0,0,0,0.0059838652228084641,0,0,0,0,0,0,0,0,0,0,0,0,0,0,0,0,0,0
2025-02-14,0,0,0,0.00027321971081695185,0,0,0,0,0,0,0,0,0.0053798683579182344,0,0,0,0,0,0,0,0,0,0,0,0,0,0,0,0,0,0
2025-02-17,0,0,0,-0.0001306778377152934,0,0,0,0,0,0,0,0,-0.0016018302585482534,0,0,0,0,0,0,0,0,0,0,0,0,0,0,0,0,0,0
2025-02-18,0,0,0,0.0031357863358625771,0,0,0,0,0,0,0,0,0.0032032031888940358,0,0,0,0,0,0,0,0,0,0,0,0,0,0,0,0,0,0
2025-02-19,0,0,0,-0.0031471724047580953,0,0,0,0,0,0,0,0,-0.0036051543199660616,0,0,0,0,0,0,0,0,0,0,0,0,0,0,0,0,0,0
2025-02-20,0,0,0,-0.00065811656599536325,0,0,0,0,0,0,0,0,-0.0052194832376228299,0,0,0,0,0,0,0,0,0,0,0,0,0,0,0,0,0,0
2025-02-21,0,0,0,-0.00694322267196101,0,0,0,0,0,0,0,0,0.00076113256432608183,0,0,0,0,0,0,0,0,0,0,0,0,0,0,0,0,0,0
2025-02-24,0,0,0,-0.0036110465874279706,0,0,0,0,0,0,0,0,0.014258246373436007,0,0,0,0,0,0,0,0,0,0,0,0,0,0,0,0,0,0
2025-02-25,0,0,0,0.0046535405126072408,0,0,0,0,0,0,0,0,0.0034429540900866445,0,0,0,0,0,0,0,0,0,0,0,0,0,0,0,0,0,0
2025-02-26,0,0,0,0.00018432091655395477,0,0,0,0,0,0,0,0,0,0,0.0047025780271063352,0,0,0,0,0,0,0,0,0,0,0,0,0,0,0,0
2025-02-27,0,0,0,0.0024678399884280697,0,0,0,0,0,0,0,0,0,0,0.00139950782150175,0,0,0,0,0,0,0,0,0,0,0,0,0,0,0,0
2025-02-28,0,0,0,0.0015132551910189869,0,0,0,0,0,0,0,0,0,0,-0.031772907656528848,0,0,0,0,0,0,0,0,0,0,0,0,0,0,0,0
2025-03-03,0,0,0,0.0016662562109015138,0,0,0,0,0,0,0,0,0,0,-0.022950368402036767,0,0,0,0,0,0,0,0,0,0,0,0,0,0,0,0
2025-03-04,0,-0.019650939159958962,0,-0.0033288975986083789,0,0,0,0,0,0,0,0,0,0,-0.0041108079694674093,0,0,0,0,0,0,0,0,0,0,0,0,0,0,0,0
2025-03-05,0,0.019031846022387305,0,-0.00093271841830677021,0,0,0,0,0,0,0,0,0,0,0.01397603258047867,0,0,0,0,0,0,0,0,0,0,0,0,0,0,0,0
2025-03-06,0,-0.019487623071583336,0,-0.0013347551910892945,0,0,0,0,0,0,0,0,0,0,0.03347367403323618,0,0,0,0,0,0,0,0,0,0,0,0,0,0,0,0
2025-03-07,0,0.021189042922353466,0,0.0022816552634139023,0,0,0,0,0,0,0,0,0,0,-0.013041453683489785,0,0,0,0,0,0,0,0,0,0,0,0,0,0,0,0
2025-03-10,0,-0.0080940530230599605,0,0.0016838620309355748,0,0,0,0,0,0,0,0,0,0,0.015196140626836311,0,0,0,0,0,0,0,0,0,0,0,0,0,0,0,0
2025-03-11,0,0.0081721709714449881,0,0.0035434512142411782,0,0,0,0,0,0,0,0,0,0,0.0067849242195611083,0,0,0,0,0,0,0,0,0,0,0,0,0,0,0,0
2025-03-12,0,-0.0019885586206161428,0,-0.00081681753941622833,0,0,0,0,0,0,0,0,0,0,-0.0094409755874233121,0,0,0,0,0,0,0,0,0,0,0,0,0,0,0,0
2025-03-13,0,0.035477892884775868,0,0,0,0,0,0,0,0,0,0,0,0,-0.016993576573204269,0,0,0,0,0,0,0,0,0,0,0,0,0,0,0,0
2025-03-14,0,-0.001849394531118645,0,0,0,0,0,0,0,0,0,0,0,0,0.0085356540726995462,0,0,0,0,0,0,0,0,0,0,0,0,0,0,0,0
2025-03-17,0,-0.0052365897158226137,0,0,0,0,0,0,0,0,0,0,0,0,-0.0033516888649930462,0,0,0,0,-0.0010271560289304941,0,0,0,0,0,0,0,0,0,0,0
2025-03-18,0,-0.00022273232137815397,0.0037440733952519923,0,0,0,0,0,0,0,0,0,0,0,-0.00090927949137317254,0,0,0,0,-0.0052271731929823774,0,0,0,0,0,0,0,0,0,0,0
2025-03-19,0,0.0080541521020854965,0.0099132187675956603,0,0,0,0,0,0,0,0,0,0,0,-0.025098925236398402,0,0,0,0,-0.0044000242095913415,0,0,0,0,0,0,0,0,0,0,0
2025-03-20,0,0.0027596699436464173,0.00070407636955836588,0,0,0,0,0,0,0,0,0,0,0,-0.000884864711570557,0,0,0,0,-0.0023072544783816168,0,0,0,0,0,0,0,0,0,0,0
2025-03-21,0,0.00098017787164512613,0,0,0,0,0,0,0,0,0,0,0,0,-0.0060631539185463197,0,0,0,0,-0.0012910798567109057,0,0,0,0,0,0,0,0,0,0,0
2025-03-24,0,0,0,0,0,0,0,0,0,0,0,0,0,0,-0.0024959439154628831,0,0,0,0,0.0037327559489674935,0,0,0,0,0,0,0,0,0,0,0
2025-03-25,0,0,0,0,0,0,-0.0036170263368386895,0,0,0,0,0,0,0,0,0,0,0,0,-0.010465307081104004,0,0,0,0,0,0,0,0,0,0,0
2025-03-26,0,0,0,0,0,0,0.0060344394494735833,0,0,0,0,0,0,0,0,0,0,0,0,0.0014999554639869674,0,0,0,0,0,0,0,0,0,0,0
2025-03-27,0,0,0,0,0,0,0.0076737541196613837,0,0,0,0,0,0,0,0,0,0,0,0,0.020401483467961251,0,0,0,0,0,0,0,0,0,0,0
2025-03-28,0,0,0,0,0,0,-0.0090296039590555197,0,0,0,0,0,0,0,0,0,0,0,0,-0.0042753983301918501,0,0,0,0,0,0,0,0,0,0,0
2025-03-31,0,0,0,0,0,0,0.0056176466489621761,0,0,0,0,0,0,0,0,0,0,0,0,0.0014672000179273873,0,0,0,0,0,0,0,0,0,0,0
2025-04-01,0,0,0,0,0,0,0.0010995621296541937,0,0,0,0,0,0,0,0,0,0,0,0,-0.0091533963802119551,0,0,0,0,0,0,0,0,0,0,-0.0040485873176570111
2025-04-02,0,0,0,0,0,0,-0.00039708449826690063,0,0,0,0,0,0,0,0,0,0,0,0,-0.0037247188088248419,0,0,0,0,0,0,0,0,0,0,-0.00017976065176027997
2025-04-03,0,0,0,0,0,0,-0.00053474036968206504,0,0,0,0,0,0,0,0,0,0,0,0,-0.0059127660323005241,0,0,0,0,0,0,0,0,0,0,0.008452447929388986
2025-04-07,0,0,0,0,0,0,-0.0013819409762888153,0,0,0,0,0,0,0,0,0,0,0,0,-0.017640630092642592,0,0,0,0,0,0,0,0,0,0,0.028981650463535489
2025-04-08,0,0,0,0,0,0,0.00024260929692028086,0,0,0,0,0,0,0,0,0,0,0,0,0,0,0,0,0,0,0,0,0,0,0,-0.0019753602530676803
2025-04-09,0,0,0,0,0,0,0,0,0,0,0,0,0,0,0,0,0,0,0,0,0,0,0,0,0,0,0,0,0,0,0
2025-04-10,0,0,0,0,0,0,0,0,0,0,0,0,0,0,0,0,0,0,0,0,0,0,0,0,0,0,0,0,0,0,0
2025-04-11,0,0,0,0,0,0,0,0,0,0,0,0,0,0,0,0,0,0,0,0,0,0,0,0,0,0,0,0,0,0,0
2025-04-14,0,0,0,0,0,0,0,0,0,0,0,0,0,0,0,0,0,0,0,0,0,0,0,0,0,0,0,0,0,0,0
2025-04-15,0,0,0,0,0,0,0,0,0,0,0,0,0,0,0,0,0,0,0,0,0,0,0,0,0,0,0,0,0,0,0
2025-04-16,0,0,0,0,0,0,0,0,0,0,0,0,0,0,0,-0.00056681716582059147,0,0,0,0,0,0,0,0,0.0015096753674227123,0,0,0,0,0,0
2025-04-17,0,0,0,0,0,0,0,0,0,0,0,0,0,0,0,0.00090720248669802061,0,0,0,0,0,0,0,0,-0.00038893665813164932,0,0,0,0,0,0
2025-04-18,0,0,0,0,0,0,0,0,0,0,0,0,0,0,0,0.0023794041379073833,0,0,0,0,0,0,0,0,-0.00081976889425831,0,0,0,0,0,0
2025-04-21,0,0,0,0,0,0,-0.0020425066278157286,0,0,0,0,0,0,0,0,0.0017254438000619521,0,0,0,0,0,0,0,0,-0.0015053616470052907,0,0,0,0,0,0
2025-04-22,0,0,0,0,0,0,0.0024283579280372481,0,0,0,0,0,0,0,0,0.0058675776864841045,0,0,0,0,0,0,0,0,-0.001890872804946004,0,0,0,0,0,0
2025-04-23,0,0,0,0,0,0,0.0052780929705625807,0,0,0,0,0,0,0,0,-0.0038594556192610625,0,0,0,0,0,0,0,0,0.0021235943164196452,0,0,0,0,0,0
2025-04-24,0,0,0,0,0,0,0.0031468774988174606,0,0,0,0,0,0,0,0,-0.0077786003999558454,0,0,0,0,0,0,0,0,-0.0001375304780733143,0,0,0,0,0,0
2025-04-25,0,0,0,0,0,0,0.012029342596556001,0,0,0,0,0,0,0,0,0.00023861376048789449,0,0,0,0,0,0,0,0,0.0010396398208825956,0,0,0,0,0,0
2025-04-28,0,0,0,0,0,0,-0.0044346390858194789,0,0,0,0,0,0,0,0,0.00077556091686114268,0,0,0,0,0,0,0,0,-0.00041398368570529456,0,0,0,0,0,0
2025-04-29,0,0,0,0,0,0,-0.040200648114722612,0,0,0,0,0,0,0,0,0.0013106167080910943,0,0,0,0,0,0,0,0,0,0,0,0,0,0,0
2025-04-30,0,0,0,0,0,0,-0.0098100799921057389,0,0,0,0,0,0,0,0.00025222209959480774,0.0010425217519774799,0,0,0,0,0,0,0,0,-0.00013755361828266238,0,0,0,0,0,0
2025-05-06,0,0,0,0,0,0,-0.0088709486120688418,0,0,0,0,0,0,0,-0.0027928897099480585,0.0064031933030195207,0,0,0,0,0,0,0,0,0.0044225532942099117,0,0,0,0,0,0
2025-05-07,0,0,0,0,0,0,0.0086911238055377583,0,0,0,0,0,0,0,-0.010580177689371176,-0.00079886732088883599,0,0,0,0,0,0,0,0,-0.006189820409582927,0,0,0,0,0,0
2025-05-08,0,0,0,0,0,0,-0.005845885779997468,0,0,0,0,0,0,0,0.013677883339142228,-0.00017812851758487863,0,0,0,0,0,0,0,0,0.00039524260201013832,0,0,0,0,0,0
2025-05-09,0,0,0,0,0,0,0.0078293349877389725,0,0,0,0,0,0,0,0.0025049530994573337,-0.0045943799387709577,0,0,0,0,0,0,0,0,-0.0054123772690855458,0,0,0,0,0,0
2025-05-12,0,0,0,0,0,0,0.0025188296292303768,0,0,0,0,0,0,0,0.019385687704954069,0.00044945329311988199,0,0,0,0,0,0,0,0,0.00087498589811542393,0,0,0,0,0,0
2025-05-13,0,-0.015863221143377921,0,0,0,0,0.0070716377964013515,0,0,0,0,0,0,0,-0.0023085269161871704,-0.0025687448572280372,0,0,0,0,0,0,0,0,0,0,0,0,0,0,0
2025-05-14,0,-0.00020144406043441719,0,0,0,0,-0.0021668064336805314,0,0,0,0,0,0,0,-0.0045471640547638369,0.0014021927221722977,0,0,0,0,0,0,0,0,0,0,0,0,0,0,0
2025-05-15,0,0.00060631067813285498,0,0,0,0,0.0065179525168247796,0,0,0,0,0,0,0,0.0055917074000719916,-0.0083489530624872976,0,0,0,0,0,0,0,0,0,0,0,0,0,0,0
2025-05-16,0,0.00040559759865225857,0,0,0,0,-0.0020651939531815843,0,0,0,0,0,0,0,0.0072635409806422217,0.00047374605537570742,0,0,0,0,0,0,0,0,0,0,0,0,0,0,0
2025-05-19,0,-0.010991169072614453,0,0,0,0,0.0024322208561470987,0,0,0,0,0,0,0,-0.0031873557696158817,0,0,0,0,0,0.0028082698861911434,0,0,0,0,0,0,0,0,0,0
2025-05-20,0,0,0,0,0,0,0.0048899096310629402,0,0,0,0,0,0,0,-0.00085819441251850195,0,0,0,0,0,-0.0011473116907671776,0,0,0,0,0,0,0,0,0,0
2025-05-21,0,0.014319178707065712,0,0,0,0,0,0,0,0,0,0,0,0,0.005298145321400001,0,0,0,0,0,-0.013829041679283279,0,0,0,0,0,0,0,0,0,0
2025-05-22,0,-0.015051774229851808,0,0,0,0,0.0083163541037954095,0,0,0,0,0,0,0,0.0039661597400204376,0,0,0,0,0,-0.0013244253444258975,0,0,0,0,0,0,0,0,0,0
2025-05-23,0,-0.012414810167991515,0,0,0,0,-0.0018472179015953866,0,0,0,0,0,0,0,0.0025279226972993929,0,0,0,0,0,-0.011868285353562951,0,0,0,0,0,0,0,0,0,0
2025-05-26,0,-0.0036096688715940304,0,0,0,0,0.0030186627551554422,0,0,0,0,0,0,0,0.00087495669813724233,0,0,0,0,0,0.013951172156910999,0,0,0,0,0,0,0,0,0,0
2025-05-27,0,0,0,0,0,0,0.0023372315191162768,0,0,0,0,0,-0.0059421526305717572,0,0,0,0,0,0,0,-0.0037670135688840914,0,0,0,0,0,0,0,0,0,0
2025-05-28,0,0,0,0,0,0,-0.0011908231303045819,0,0,0,0,0,0.02133089555141986,0,0,0,0,0,0,0,0.020762436583031355,0,0,0,0,0,0,0,0,0,0
2025-05-29,0,0,0,0,0,0,0,0,0,0,0,0,0.010049056557834125,0,0,0,0,0,0,0,-0.0070822521929398618,0,0,0,0,0,0,0,0,0,0
2025-05-30,0,0,0,0,0,0,0,0,0,0,0,0,-0.017163172673126944,0,0,0,0,0,0,0,-0.0061996398989786995,0,0,0,0,0,0,0,0,0,0
2025-06-03,0,0,0,0,0,0,0,0,0,0,0,0,0.0067718192739844186,0,0,0,0,0,0,0,-0.015811801537871612,0,0,0,0,0,0,0,0,0,0
2025-06-04,0,0,0,0,0,0,0,0,0,0,0,0,-0.028126377894691752,0,0,0,0,0,0,0,0.012606236433406179,0,0,0,0,0,0,0,0,0,0
2025-06-05,0,0,0,0,0,0,0,0,0,0,0,0,-0.020566282255014855,0,0,0,0,0,0,0,0.033448642712261042,0,0,0,0,0,0,0,0,0,0
2025-06-06,0,0,0,0,0,0,0,0,0,0,0,0,0.014439890652484546,0,0,0,0,0,0,0,0.0052933314938448878,0,0,0,0,0,0,0,0,0,0
2025-06-09,0,0,0,0,0,0,0,0,0,0,0,0,-0.0019246414701744349,0,0,0,0,0,0,0,0.0041319909078809331,0,0,0,0,0,0,0,0,0,0
2025-06-10,0,0,0,0,0,0,0,0,0,0,0,0,-0.011951795622351316,0,0,0,0,0,0,0,-0.016364652732080664,0,0,0,0,0,0,0,0,0,0
2025-06-11,0,0,0,0,0,0,0,0,0,0,0,0,0.0053066711507553351,0,0,0,0,0,0,0,0.0082525701352147169,0,0,0,0,0,0,0,0,0,0
2025-06-12,0,0,0,0,0,0,0,0,0,0,0,0,-0.0098026058108047643,0,0,0,0,0,0,0,0.012638202736660093,0,0,0,0,0,0,0,0,0,0
2025-06-13,0,0,0,0,0,0,0,0,0,0,0,0,0.002047086175755425,0,0,0,0,0,0,0,-0.0045864681397279391,0,0,0,0,0,0,0,0,0,0
2025-06-16,0,0,0,0,0,0,0,0,0,0,0,0,-0.017109429712040249,0,0,0,0,0,0,0,0.018346708313000289,0,0,0,0,0,0,0,0,0,0
2025-06-17,0,0,0,0.0015515061032548871,0,0,0,0,0,0,0,0,-0.004820776261475289,0,0,0,0,0,0,0,-0.0025627116887495397,0,0,0,0,0,0,0,0,0,0
2025-06-18,0,0,0,-0.0010242075418115072,0,0,0,0,0,0,0,0,-0.017217307088111353,0,0,0,0,0,0,0,0.037169808974985244,0,0,0,0,0,0,0,0,0,0
2025-06-19,0,0,0,-0.0019783163639555176,0,0,0,0,0,0,0,0,0.0027049773850808946,0,0,0,0,0,0,0,-0.01186121561708724,0,0,0,0,0,0,0,0,0,0
2025-06-20,0,0,0,0.014903171821500734,0,0,0,0,0,0,0,0,0.032068063982737947,0,0,0,0,0,0,0,0.0037364168030193019,0,0,0,0,0,0,0,0,0,0
2025-06-23,0,0,0,0.0053454797748585369,0,0,0,0,0,0,0,0,0.00046525919753984959,0,0,0,0,0,0,0,-0.0007459774921298153,0,0,0,0,0,0,0,0,0,0
2025-06-24,0,0,-0.0022487613871430196,0,0,0,0,0,0,0,0,0,0,0,0,0,0,0,0,0,-0.0033702998753914696,0,0,0,0,0,0,0,0,0,0
2025-06-25,0,0,0.0018913342721854278,0,0,0,0,0,0,0,0,0,0,0,0,0,0,0,0,0,-0.00032249475809293976,0,0,0,0,0,0,0,0,0,0
2025-06-26,0,0,0.0027862374856833321,0,0,0,0,0,0,0,0,0,0,0,0,0,0,0,0,0,0.0049052334908570314,0,0,0,0,0,0,0,0,0,0
2025-06-27,0,0,0.0064887285008921568,0,0,0,0,0,0,0,0,0,0,0,0,0,0,0,0,0,0.027815508762829056,0,0,0,0,0,0,0,0,0,0
2025-06-30,0,0,0.0066596247972647979,0,0,0,0,0,0,0,0,0,0,0,0,0,0,0,0,0,0.038884184683217478,0,0,0,0,0,0,0,0,0,0
2025-07-01,0,0.0048383809644030381,0.0070849522713745299,0,0,0,0,0,0,0,0,0,0,0,0,0,0,0,0,0,0,0,0,0,0,0,0,0,0,0,0
2025-07-02,0,0.010730008367547407,0.0049670669978658421,0,0,0,0,0,0,0,0,0,0,0,0,0,0,0,0,0,0.003068181231683122,0,0,0,0,0,0,0,0,0,0
2025-07-03,0,-0.0036656781397196832,-1.1072995696755506e-05,0,0,0,0,0,0,0,0,0,0,0,0,0,0,0,0,0,0.0038216692895264542,0,0,0,0,0,0,0,0,0,0
2025-07-04,0,-0.0005561327377037544,-0.00086036435058445271,0,0,0,0,0,0,0,0,0,0,0,0,0,0,0,0,0,-0.01976724993003718,0,0,0,0,0,0,0,0,0,0
2025-07-07,0,-0.002094688991277576,-0.00043493266175152409,0,0,0,0,0,0,0,0,0,0,0,0,0,0,0,0,0,0.0013463174877673093,0,0,0,0,0,0,0,0,0,0
2025-07-08,0,-0.0006945885998367431,0.0011426936627113183,0,0,0,0,0,0,0,0,0,0,0,0,0,0,0,0,0,0.036576442401093638,0,0,0,0,0,0,0,0,0,0
2025-07-09,0,0.0062474415499599884,-0.00038109890908225291,0,0,0,0,0,0,0,0,0,0,0,0,0,0,0,0,0,-0.013654980451270586,0,0,0,0,0,0,0,0,0,0
2025-07-10,0,-0.0061152147029149189,0.00024115824325463301,0,0,0,0,0,0,0,0,0,0,0,0,0,0,0,0,0,-0.012162551645411124,0,0,0,0,0,0,0,0,0,0
2025-07-11,0,-0.007867978534716347,-0.00031776190704860046,0,0,0,0,0,0,0,0,0,0,0,0,0,0,0,0,0,-0.0048900683128420839,0,0,0,0,0,0,0,0,0,0
2025-07-14,0,0.0044051969913149564,0.00052793889171925523,0,0,0,0,0,0,0,0,0,0,0,0,0,0,0,0,0,0.014832961630209356,0,0,0,0,0,0,0,0,0,0
2025-07-15,0,-0.00049730280514759067,3.4513976184043769e-05,0,0,0,0,0,0,0,0,0,0,0,0,0,0,0,0,0,0.019786143573537175,0,0,0,0,0,0,0,0,0,0
2025-07-16,0,0,-5.1169436122200688e-06,0,0,0,0,0,0,0,0,0,0,0,0,0,0,0,0,0,-0.0012029422501372766,0,0,0,0,0,0,0,0,0,0
2025-07-17,0,0,0.0017289879405517003,0,0,0,0,0,0,0,0,0,0,0,0,0,0,0,0,0,0.018950597242573943,0,0,0,0,0,0,0,0,0,0
2025-07-18,0,0,-0.0003851091189033028,0,0,0,0,0,0,0,0,0,0,0,0,0,0,0,0,0,-0.022578389547286921,0,0,0,0,0,0,0,0,0,0
2025-07-21,0,0,-0.00029681700334313263,0,0,0,0,0,0,0,0,0,0,0,0,0,0,0,0,0,-0.016775456765712224,0,0,0,0,0,0,0,0,0,0
2025-07-22,0,0,0.0023992898721494444,0,0,0,0,0,0,0,0,0,0,0,0,0,0,0,0,0,0.0086737024218893465,0,0,0,0,0,0,0,0,0,0
2025-07-23,0,0,0.00057263427521115522,0,0,0,0,0,0,0,0,0,0,0,0,0,0,0,0,0,-0.0011362977292458938,0,0,0,0,0,0,0,0,0,0
2025-07-24,0,0,0.0042129238918816566,0,0,0,0,0,0,0,0,0,0,0,0,0,0,0,0,0,-0.0094465098496309546,0,0,0,0,0,0,0,0,0,0
2025-07-25,0,0,0.00169006078097214,0,0,0,0,0,0,0,0,0,0,0,0,0,0,0,0,0,0.0024591806698607346,0,0,0,0,0,0,0,0,0,0
2025-07-28,0,0,-0.00052564265034602182,0,0,0,0,0,0,0,0,0,0,0,0,0,0,0,0,0,0.0082819375904792086,0,0,0,0,0,0,0,0,0,0
2025-07-29,0,0,-0.021397209476557662,0,0,0,0,0,0,0,0,0,0,0,0,0,0,0,0,0,0.014842626622958606,0,0,0,0,0,0,0,0,0,0
2025-07-30,0,0,-0.023101014208009651,0,0,0,0,0,0,0,0,0,0,0,0,0,0,0,0,0,0.0065610204668036781,0,0,0,0,0,0,0,0,0,0
2025-07-31,0,0,-0.011007971003885262,0,0,0,0,0,0,0,0,0,0,0,0,0,0,0,0,0,0.012672806770603066,0,0,0,0,0,0,0,0,0,0
2025-08-01,0,0,0.00058165331470926343,0,0,0,0,0,0,0,0,0,0,0,0,0,0,0,0,0,-0.015986232444408277,0,0,0,0,0,0,0,0,0,0
2025-08-04,0,0,-0.0052295966904691588,0,0,0,0,0,0,0,0,0,0,0,0,0,0,0,0,0,-0.0059105703691463892,0,0,0,0,0,0,0,0,0,0
2025-08-05,0,0,-0.023569283938654019,0,0,0,0,0,0,0,0,0,0,0,0,0,0,0,0,0,0.00062334426132444707,0,0,0,0,0,0,0,0,0,0
2025-08-06,0,0,0.017651721533647757,0,0,0,0,0,0,0,0,0,0,0,0,0,0,0,0,0,0.0010553527032550749,0,0,0,0,0,0,0,0,0,0
2025-08-07,0,0,-0.0033318712746844411,0,0,0,0,0,0,0,0,0,0,0,0,0,0,0,0,0,0.0057099410784914352,0,0,0,0,0,0,0,0,0,0
2025-08-08,0,0,-0.0087119915908239528,0,0,0,0,0,0,0,0,0,0,0,0,0,0,0,0,0,0.0099687487042286176,0,0,0,0,0,0,0,0,0,0
2025-08-11,0,0,0.0036955099190956724,0,0,0,0,0,0,0,0,0,0,0,0,0,0,0,0,0,0.0082409677884358063,0,0,0,0,0,0,0,0,0,0
2025-08-12,0,0,-0.0047369100742272394,0,0,0,0,0,0,0,0,0,0,0,0,0,0,0,0,0,0.023026431028808535,0,0,0,0,0,0,0,0,0,0
2025-08-13,0,0,-0.005682989789058554,0,0,0,0,0,0,0,0,0,0,0,0,0,0,0,0,0,0.0090955208801361091,0,0,0,0,0,0,0,0,0,0
2025-08-14,0,0,0.020385705867306082,0,0,0,0,0,0,0,0,0,0,0,0,0,0,0,0,0,-0.013929909682762708,0,0,0,0,0,0,0,0,0,0
2025-08-15,0,0,-0.0022984425391668378,0,0,0,0,0,0,0,0,0,0,0,0,0,0,0,0,0,0.0012921648295431769,0,0,0,0,0,0,0,0,0,0
2025-08-18,0,0,-0.0097920118441012088,0,0,0,0,0,0,0,0,0,0,0,0,0,0,0,0,0,0.0094065664843923803,0,0,0,0,0,0,0,0,0,0
2025-08-19,0,0,-0.016958885930428515,0,0,0,0,0,0,0,0,0,0,0,0,0,0,0,0,0,-0.0016707417601004445,0,0,0,0,0,0,0,0,0,0
2025-08-20,0,0,-0.0098518441655310526,0,0,0,0,0,0,0,0,0,0,0,0,0,0,0,0,0,-0.0050464967073261995,0,0,0,0,0,0,0,0,0,0
2025-08-21,0,0,0.022208105204055941,0,0,0,0,0,0,0,0,0,0,0,0,0,0,0,0,0,-0.0060335718699827011,0,0,0,0,0,0,0,0,0,0
2025-08-22,0,0,-0.011295006665789567,0,0,0,0,0,0,0,0,0,0,0,0,0,0,0,0,0,0.0018853284039023971,0,0,0,0,0,0,0,0,0,0
2025-08-25,0,0,-0.024220475400899052,0,0,0,0,0,0,0,0,0,0,0,0,0,0,0,0,0,0.021136195711727916,0,0,0,0,0,0,0,0,0,0
2025-08-26,0,0,-0.024309900110348247,0,0,0,0,0,0,0,0,0,0,0,0,0,0,0,0,0,-0.014971776166954068,0,0,0,0,0,0,0,0,0,0
2025-08-27,0,0,-0.015202189310950392,0,0,0,0,0,0,0,0,0,0,0,0,0,0,0,0,0,0.019608975983886161,0,0,0,0,0,0,0,0,0,0
2025-08-28,0,0,-0.018508711720587712,0,0,0,0,0,0,0,0,0,0,0,0,0,0,0,0,0,0.016876451171273149,0,0,0,0,0,0,0,0,0,0
2025-08-29,0,0,-0.018782142916380667,0,0,0,0,0,0,0,0,0,0,0,0,0,0,0,0,0,-0.013419991108757839,0,0,0,0,0,0,0,0,0,0
2025-09-01,0,0,-0.0016018364837013786,0,0,0,0,0,0,0,0,0,0,0,0,0,0,0,0,0,0.045820241649869968,0,0,0,0,0,0,0,0,0,0
2025-09-02,0,0,0.024801842125359352,0,0,0,0,0,0,0,0,0,0,0,0,0,0,0,0,0,-0.0014887612502523257,0,0,0,0,0,0,0,0,0,0
2025-09-03,0,0,-0.017562539381100264,0,0,0,0,0,0,0,0,0,0,0,0,0,0,0,0,0,0.029033812198183774,0,0,0,0,0,0,0,0,0,0
2025-09-04,0,0,0.01048047479601482,0,0,0,0,0,0,0,0,0,0,0,0,0,0,0,0,0,-0.021613348762022866,0,0,0,0,0,0,0,0,0,0
2025-09-05,0,0,0.0045457366632889861,0,0,0,0,0,0,0,0,0,0,0,0,0,0,0,0,0,-0.0052914182706475209,0,0,0,0,0,0,0,0,0,0
2025-09-08,0,0,0,0,0,0,0,0,0,0,0,0,0,0,0,0,0,0,0,0,0,0,0,0,0,0,0,0,0,0,0
2025-09-09,0,0,0,0,0,0,0,0,0,0,0,0,0,0,0,0,0,0,0,0,0,0,0,0,0,0,0,0,0,0,0
2025-09-10,0,0,0,0,0,0,0,0,0,0,0,0,0,0,0,0,0,0,0,0,0,0,0,0,0,0,0,0,0,0,0
2025-09-11,0,0,0,0,0,0,0,0,0,0,0,0,0,0,0,0,0,0,0,0,0,0,0,0,0,0,0,0,0,0,0
2025-09-12,0,0,0,0,0,0,0,0,0,0,0,0,0,0,0,0,0,0,0,0,0,0,0,0,0,0,0,0,0,0,0
2025-09-15,0,0,0,0,0,0,0,0,0,0,0,0,0,0,0,0,0,0,0,0,0,0,0,0,0,0,0,0,0,0,0
2025-09-16,0,0,0,4.4031244025884785e-05,0,0,0,0,-0.0067682907252529312,0,0,0,0,0,0,0,0,0,0,0,0,0,0,0,0,0,0,0,0,0,0
2025-09-17,0,0,0,0.0014520834194515582,0,0,0,0,0.0019170358075962218,0,0,0,0,0,0,0,0,0,0,0,0,0,0,0,0,0,0,0,0,0,0
2025-09-18,0,0,0,-0.0024284031542663926,0,0,0,0,-0.00064881985359639834,0,0,0,0,0,0,0,0,0,0,0,0,0,0,0,0,0,0,0,0,0,0
2025-09-19,0,0,-0.022135822103762363,-0.0078156420529374646,0,0,0,0,0.010382936675252037,0,0,0,0,0,0,0,0,0,0,0,0,0,0,0,0,0,0,0,0,0,0
2025-09-22,0,0,0.021676127379070834,0.0067870490725404596,0,0,0,0,-0.025976475429238623,0,0,0,0,0,0,0,0,0,0,0,0,0,0,0,0,0,0,0,0,0,0
2025-09-23,0,0,-0.008016744614713257,-0.00064654328309638191,0,0,0,0,0.0027105301062060588,0,0,0,0,0,0,0,0,0,0,0,0,0,0,0,0,0,0,0,0,0,0
2025-09-24,0,0,0.028393143001776769,0.0039348432611032184,0,0,0,0,-0.00086745091658820168,0,0,0,0,0,0,0,0,0,0,0,0,0,0,0,0,0,0,0,0,0,0
2025-09-25,0,0,0.0094294850320352751,-0.0016245160400687321,0,0,0,0,-0.0001712255959001284,0,0,0,0,0,0,0,0,0,0,0,0,0,0,0,0,0,0,0,0,0,0
2025-09-26,0,0,0.019513628671431919,-0.0049126816160705569,0,0,0,0,0.00041325434586875903,0,0,0,0,0,0,0,0,0,0,0,0,0,0,0,0,0,0,0,0,0,0
2025-09-29,0,0,-0.0099276016595137261,0.0047613731371607473,0,0,0,0,0.00017757613752443849,0,0,0,0,0,0,0,0,0,0,0,0,0,0,0,0,0,0,0,0,0,0
2025-09-30,0,0,0.018501786435364598,0.011087673587851061,0,0,0,0,0.00023372296544515395,0,0,0,0,0,0,0,0,0,0,0,0,0,0,0,0,0,0,0,0,0,0
2025-10-09,0,0,0.011343542355112491,0.0098440574508055715,0,0,0,0,-0.0011196625450932626,0,0,0,0,0,0,0,0,0,0,0,0,0,0,0,0,0,0,0,0,0,0
2025-10-10,0,0,0.027528694581871023,-0.012438473398911028,0,0,0,0,0.0029395011601169342,0,0,0,0,0,0,0,0,0,0,0,0,0,0,0,0,0,0,0,0,0,0
2025-10-13,0,0,0.011093873705475765,-0.0087218133198034842,0,0,0,0,-0.0003895757298289569,0,0,0,0,0,0,0,0,0,0,0,0,0,0,0,0,0,0,0,0,0,0
2025-10-14,0,0,0.014776421798027954,-0.014730127134455,0,0,0,0,0.0026621567887678659,0,0,0,0,0,0,0,0,0,0,0,0,0,0,0,0,0,0,0,0,0,0
2025-10-15,0,0,-0.0032099293045750204,-0.0010048026927740067,0,0,0,0,-2.9408642181121946e-05,0,0,0,0,0,0,0,0,0,0,0,0,0,0,0,0,0,0,0,0,0,0
2025-10-16,0,0,0,0,0,0,0,0,0,0,0,0,0,0,0,0,0,0,0,0,0,0,0,0,0,0,0,0,0,0,0
2025-10-17,0,0,0,0,0,0,0,0,0,0,0,0,0,0,0,0,0,0,0,0,0,0,0,0,0,0,0,0,0,0,0
2025-10-20,0,0,0,0,0,0,0,0,0,0,0,0,0,0,0,0,0,0,0,0,0,0,0,0,0,0,0,0,0,0,0
2025-10-21,0,0,0,0,0,0,0,0,0,0,0,0,0,0,0,0,0,0,0,0,0,0,0,0,0,0,0,0,0,0,0
2025-10-22,0,0,0,0,0,0,0,0,0,0,0,0,0,0,0,0,0,0,0,0,0,0,0,0,0,0,0,0,0,0,0
2025-10-23,0,0,0,0,0,0,0,0,0,0,0,0,0,0,0,0,0,0,0,0,0,0,0,0,0,0,0,0,0,0,0
2025-10-24,0,0,0,0,0,0,0,0,0,0,0,0,0,0,0,0,0,0,0,0,0,0,0,0,0,0,0,0,0,0,0
2025-10-27,0,0,0,0,0,0,0,0,0,0,0,0,0,0,0,0,0,0,0,0,0,0,0,0,0,0,0,0,0,0,0
2025-10-28,0,0,0,0,0,0,0,0,0,0,0,0,0,0,0,0,0,0,0,0,0,0,0,0,0,0,0,0,0,0,0
2025-10-29,0,0,0,0,0,0,0,0,0,0,0,0,0,0,0,0,0,-0.0083729952575543384,0,0,0.0063129068771818984,0,0,0,0,0,0,0,0,0,0
2025-10-30,0,0,0,0,0,0,0,0,0,0,0,0,0,0,0,0,0,0.007237480536380716,0,0,-0.0032737987759043847,0,0,0,0,0,0,0,0,0,0
2025-10-31,0,0,0,0,0,0,0,0,0,0,0,0,0,0,0,0,0,0.0091826718468197878,0,0,0.0035298615777165734,0,0,0,0,0,0,0,0,0,0
2025-11-03,0,0,0,0,0,0,0,0,0,0,0,0,0,0,0,0,0,0.0025746148090052428,0,0,-0.0059625631230902807,0,0,0,0,0,0,0,0,0,0
2025-11-04,0,0,0,0,0,0,0,0,0,0,0,0,0,0,0,0,0,-0.0015869602403160779,0,0,0.0036828755191847242,0,0,0,0,0,0,0,0,0,0
2025-11-05,0,0,0,0,0,0,0,0,0,0,0,0,0,0,0,0,0,0.0035837590268197918,0,0,-0.0038306355549469723,0,0,0,0,0,0,0,0,0,0
2025-11-06,0,0,0,0,0,0,0,0,0,0,0,0,0,0,0,0,0,-0.0067837294121648895,0,0,-0.023837708983603691,0,0,0,0,0,0,0,0,0,0
2025-11-07,0,0,0,0,0,0,0,0,0,0,0,0,0,0,0,0,0,0.0015754822171725395,0,0,0.0070302436459796685,0,0,0,0,0,0,0,0,0,0
2025-11-10,0,0,0,0,0,0,0,0,0,0,0,0,0,0,0,0,0,0.0073685587385790971,0,0,-0.0032120970451295955,0,0,0,0,0,0,0,0,0,0
2025-11-11,0,0,0,0,0,0,0,0,0,0,0,0,0,0,0,0,0,0.0049085409662514828,0,0,0.0010957592202214908,0,0,0,0,0,0,0,0,0,0
2025-11-12,0,0,0,0,0,0,0,0,0,0,0,0,0,0,0,0,0,0.0010067973641467711,0,0,0.0050375030488326996,0,0,0,0,0,0,0,0,0,0
2025-11-13,0,0,0,0,0,0,0,0,0,0,0,0,0,0,0,0,0,-0.0032733290439206741,0,0,0.002911586939407242,0,0,0,0,0,0,0,0,0,0
2025-11-14,0,0,0,0,0,0,0,0,0,0,0,0,0,0,0,0,0,0.0051845285340771097,0,0,0.010252039507794141,0,0,0,0,0,0,0,0,0,0
2025-11-17,0,0,0,0,0,0,0,0,0,0,0,0,0,0,0,0,0,-0.0021474759358410555,0,0,0.0019226769115894562,0,0,0,0,0,0,0,0,0,0
2025-11-18,0,0,0,0,0,0,0,0,0,0,0,0,0,0,0,0,0,-0.0071553232690271702,0,0,-0.0076456901955791225,0,0,0,0,0,0,-0.0064964144694533987,0,0,0
2025-11-19,0,0,0,0,0,0,0,0,0,0,0,0,0,0,0,0,0,0.0045141873236205238,0,0,-0.0054942242329663613,0,0,0,0,0,0,-0.0075499371220274902,0,0,0
2025-11-20,0,0,0,0,0,0,0,0,0,0,0,0,0,0,0,0,0,0.0028735284282035353,0,0,-0.0065350641243194741,0,0,0,0,0,0,0.0036906157701891789,0,0,0
2025-11-21,0,0,0,0,0,0,0,0,0,0,0,0,0,0,0,0,0,0.005132723632109884,0,0,0.016426859327098267,0,0,0,0,0,0,0,0,0,0
2025-11-24,0,0,0,0,0,0,0,0,0,0,0,0,0,0,0,0,0,0,0,0,-0.00063283446193951863,0,0,0,0,0,0,0,0,0,0
2025-11-25,0,0,0,0,0,0,0,0,0,0,0,0,0,0,0,0,0,0,0,0,0,0,0,0,0,0,0,0,0,0,0
2025-11-26,0,0,0,0,0,0,0,0,0,0,0,0,0,0,0,0,0,0,0,0,0,0,0,0,0,0,0,0,0,0,0
2025-11-27,0,0,0,0,0,0,0,0,0,0,0,0,0,0,0,0,0,0,0,0,0,0,0,0,0,0,0,0,0,0,0
2025-11-28,0,0,0,0,0,0,0,0,0,0,0,0,0,0,0,0,0,0,0,0,0,0,0,0,0,0,0,0,0,0,0
2025-12-01,0,0,0,0,0,0,0,0,0,0,0,0,0,0,0,0,0,0,0,0,0,0,0,0,0,0,0,0,0,0,0
2025-12-02,0,0,0,0,0,0,0,0,0,0,0,0,0,0,0,0,0,0,0,0,0,0,0,0,0,0,0,0,0,0,0
2025-12-03,0,0,0,0,0,0,0,0,0,0,0,0,0.0075403506339071918,0,0,0,0,0,0,0,0,0,0,0,4.0546106012195795e-05,0,0,0,0,0,0
2025-12-04,0,0,0,0,0,0,0,0,0,0,0,0,0.0013862044992600654,0,0,0,0,0,0,0,0,0,0,0,0.00049229520610590514,0,0,0,0,0,0
2025-12-05,0,0,0,0,0,0,0,0,0,0,0,0,-0.0062580613268770294,0,0,0,0,0,0,0,0,0,0,0,2.2575697328688709e-05,0,0,0,0,0,0
2025-12-08,0,0,0,0,0,0,0,0,0,0,0,0,-0.021085969394573023,0,0,0,0,0,0,0,-0.0590827888369648,0,0,0,0.01543754154040174,0,0,0,0,0,0
2025-12-09,0,0,0,0,0,0,0,0,0,0,0,0,-0.026696992321485154,0,0,0,0,0,0,0,-0.0052174709527528854,0,0,0,-0.0065003951242685052,0,0,0,0,0,0
2025-12-10,0,0,0,0,0,0,0,0,0,0,0,0,-0.0068967569713684349,0,0,0,0,0,0,0,-0.01148466096814409,0,0,0,0.001241446975017354,0,0,0,0,0,0
2025-12-11,0,0,0,0,0,0,0,0,0,0,0,0,0.008151309225943263,0,0,0,0,0,0,0,0.020483846124233988,0,0,0,-0.0063194484650780265,0,0,0,0,0,0
2025-12-12,0,0,0,0,0,0,0,0,0,0,0,0,-0.0097031420672552635,0,0,0,0,0,0,0,-0.0058305012951850275,0,0,0,0.0023307436926447529,0,0,0,0,0,0
2025-12-15,0,0,0,0,0,0,0,0,0,0,0,0,0.0090821236544803147,0,0,0,0,0,0,0,0.027695338796530793,0,0,0,-0.0071267785420976249,0,0,0,0,0,0
2025-12-16,0,0,0,0,0,0,0,0,0,0,0,0,0.0049432152782727719,0,0,0,0,0,0,0,0.025083962632092182,0,0,0,-0.0072831838373522634,0,0,0,0,0,0
2025-12-17,0,0,0,0,0,0,0,0,0,0,0,0,-0.0029395964414559387,0,0,0,0,0,0,0,-0.048249327845868419,0,0,0,0.0022248464742232652,0,0,0,0,0,0
2025-12-18,0,0,0,0,0,0,0,0,0,0,0,0,-0.00089396043530130549,0,0,0,0,0,0,0,0.021706434359993674,0,0,0,-0.0019503545785268068,0,0,0,0,0,0
2025-12-19,0,0,0,0,0,0,0,0,0,0,0,0,0.0051104057803835756,0,0,0,0,0,0,0,0.013299186902200664,0,0,0,0.0062785955685841794,0,0,0,0,0,0
2025-12-22,0,0,0,0,0,0,0,0,0,0,0,0,-0.0014895305388424283,0,0,0,0,0,0,0,-0.016720566047786441,0,0,0,0.020060286157587363,0,0,0,0,0,0
2025-12-23,0,0,0,0,0,0,0,0,0,0,0,0,-0.0018731689552805887,0,0,0,0,0,0,0,-0.0026903269019903152,0,0,0,0.018640037355040651,0,0,0,0,0,0
2025-12-24,0,0,0,0,0,0,0,0,0,0,0,0,0.0011605621780776702,0,0,0,0,0,0,0,-0.0022107868115399561,0,0,0,-0.00036631367534921747,0,0,0,0,0,0
2025-12-25,0,0,0,0,0,0,0,0,0,0,0,0,0.0013047145584733138,0,0,0,0,0,0,0,-0.024020546506506254,0,0,0,-0.0091159810699254704,0,0,0,0,0,0
2025-12-26,0,0,0,0,0,0,0,0,0,0,0,0,0.003321863968494692,0,0,0,0,0,0,0,0.026921125767191221,0,0,0,-0.016693888483456643,0,0,0,0,0,0
2025-12-29,0,0,0,0,0,0,0,0,0,0,0,0,0.00077337051664154791,0,0,0,0,0,0,0,-0.031879370185741815,0,0,0,-0.0074378361748339865,0,0,0,0,0,0
2025-12-30,0,0,0,0,0,0,0,0,0,0,0,0,0.00038032442223053507,0,0,0,0,0,0,0,0.018671600867729371,0,0,0,0.0074386555472007463,0,0,0,0,0,0
2025-12-31,0,0,0,0,0,0,0,0,0,0,0,0,0.00253656364428135,0,0,0,0,0,0,0,0.013364269914041514,0,0,0,9.6015770489647827e-05,0,0,0,0,0,0
