date,bj920045,sh600206,sh601869,sh603986,sh688008,sh688012,sh688019,sh688037,sh688041,sh688072,sh688082,sh688120,sh688205,sh688249,sh688256,sh688268,sh688300,sh688347,sh688361,sh688409,sh688498,sh688535,sh688825,sz002281,sz002371,sz002409,sz300054,sz300223,sz300308,sz300394,sz300502,sz300604,sz300666,sz300776
2023-01,0,0,0,0.030367835406879685,0,0.0080560760176885578,0.0083449287177477811,0,0,0,0,0,0,0,0,0,0,0,0,0,0,0,0,0,0,0,0,0,0,0,0,0,0,0
2023-02,0,0,0,0.0042463008599244872,0,0.0029262990111047962,0,0,0,0,0,0,0,0,-7.533114039737698e-05,0,0,0,0,0,0,0,0,0,0,0,0,0,0,-0.0088532147901057671,0,0,0,0
2023-03,0,0,0,0,0,0,0,0.014589336135584316,0,0,0,0,0,0,0.054613898429336297,0,0,0,0,0,0,0,0,0,0,0,0,0,0.020335047852734864,-0.050793358158977897,0,0,0,0
2023-04,0,0,0,0,0,0,0,0,0,0,0,0,0,0,-0.0042874721865708929,0,0,0,0,0,0,0,0,0,0,0,0,0,0.094013961496367787,-0.059831817142180103,0,0,0,0
2023-05,0,0,0,0,0,0,0,-0.008853215782181189,0,0.0074985815532014645,0,0,0,0,0.0051319209562572486,0,0,0,0,0,0,0,0,0,0,0,0,0,-0.0025719749155670149,0.038262432909894242,0,0,0,0
2023-06,0,0,0,0,0,0,0,0.0015952981301205833,0,-0.0018492184952206242,0,0,0,0,0,0,0,0,0,0,0,0,0,0,0,0,0,0,-0.058592916995845706,0.025319975700947649,0,0,0,0
2023-07,0,0,0,0,0,0,0,0,0,0,0,0,0,0,0,0,0,0,0,0,0,0,0,0,0,0,0,0,0,0,0,0,0,0
2023-08,0,0,0,0,0,0,0,0,0,0,0,0,0,0,0,0,0,0,0,0,0,0,0,0,0,0,0,0,0,0,0,0,0,0
2023-09,0,0,0,0,0,0,-0.012432745438080478,0,0,0.057657593356404503,-0.016433021271536799,0,0.001003483890452152,0,0,0,0,0,-0.017441819845950796,0,0,0,0,0.00017326541037748278,0,0,0,0,0,0,0,0,0,0
2023-10,0,0,0,0,0,0.0017876071928688082,0.069854266739203322,0,0,0,0,0,0.0092389897881409843,0,0,0,0,0,0,0,0,0,0,0.079957137249233007,0,0,0,0,0,0,0,0,0,0
2023-11,0,0,0,0,0,0.0014368727818583815,-0.021814632147302414,0,0.034719712161115426,0,0,0,0,0,0,0,0,0,0,0,0,-0.031895726802749998,0,0,0,0,0,0,-0.021190952233519911,0,-0.029597238993751052,0,0,0
2023-12,0,0,0,0,0,0.0035931701309962157,0,0,-0.0059409823294038532,0.0072552273273196362,0,0,0,0,0,0,0,0,0,0,0,-0.003723854342251815,0,0,0,0,0,0,-0.0011426870974201218,-0.010910441885391399,0.0038081247211545883,0,0,0
2024-01,0,0,0,0,0,0,0,0,0,0,0,0,0,0,0,0,0,0,0,0,0,0,0,0,0,0,0,0,-0.012097967459082697,-0.026731400096028462,-0.012221215935813847,0,0,0
2024-02,0,0,0,0,0,0,0,0,-0.0056420575560201247,0,0,0,0,0,0,0,0,0,0,0,0,0,0,0,0,0,0,0,-0.0052499827564301861,-0.029035742148072086,0,0,0,0
2024-03,0,0,0,0,0,0,0,0,0.020422924222025851,0,0,0,0,0,0,0,0,0,0,0,0,0,0,0,0,0,0,0,0.016888438024121589,-0.027449839064848731,0,0,0,0
2024-04,0,0,0,0,0,0,0,0,0,0,0,0,0,0,0,0,0,0,0,0,0,0,0,0,0,0,0,0,-0.00053627524356967009,0,-0.0019680843942495264,0,0,0
2024-05,0,0,0,0,0,0,0,0,0,0,0,0,0,0,0.031246106813379484,0,0,0,0,0,0,0,0,0,0,0,0,0,0.0040655183990924914,0,0.0021311756242905718,0,0,0
2024-06,0,0,0,0,0,0,0,0,0,0,0,0,0,0,0.015096357088308405,0,0,0,0,0,0,0,0,0,0,0,0,0,0,0,-0.071171216018965366,0,0,0
2024-07,0,0,0,0,0,0,0,0,0,0,0,0,0,0,0,0,0,0,0,0,0,0,0,0,-0.02590837866231974,0,0,0,0.0025943832316302328,0,0.043021085601174472,0,0,0
2024-08,0,0,0,0,0,0,0,0,0,0,0,0,0,0,0,0,0,0,0,0,0,0,0,0,0,0,0,0,0,0,0,0,0,0
2024-09,0,0,0,0,0,0,0,0,0.079513639033082076,0,0,0,0,0,0,0,0,0,0,0,0,0,0,0,0,0,0,0,-0.01935185750351193,0,-0.023187293548132322,0,0,0
2024-10,0,0,0,0,0,0,0,0,0.087724653249485363,0,0,0,0,0,-0.021902947282153182,0,0,0,0,0,0,0,0,0,0,0,0,0,0.0033986606502783346,0,-0.0064547099586184497,0,0,0
2024-11,0,0.033930500573092784,0,0,0,0,0,0,-0.024051736984591263,0,0,0,0,0,-0.013877609087055138,0,-0.0012678494661328712,0,0,0,0,0,0,0,0,0,0,0,0,0,0.0072976661915697544,0,0,0
2024-12,0,0,0,0,0,0,0,0,0,0,0,-0.00063228315244847201,0.0093035578418599902,-0.018433432497309488,-0.014773879881136142,0,-0.033259634585497078,0,0,0,0,0,0,0,0,0,0,0,0,0,0,0,0,0
2025-01,0,0,0,0.0058127533668553772,0,0,0,0,0,0,0,0,-0.0056379167961999859,0,0.02455165981838197,0,0,0,0,0,0,0,0,0,0,0,0,0,0,0,0,0,0,0
2025-02,0,0,-0.018329031521172684,-0.0076952497264950181,0,0,0,0,0,0,0,0,0.047783057030362314,0,-0.022961563071907023,0,0,0,0,0,0,0,0,0,0,0,0,0,0,0,0,0,0,0
2025-03,0,0.016878740983388159,0.014506684991808013,0,0,0,0.019202446603954076,0,0,0,0,0,0,0,-0.030483508032537795,0,0,0,0,0,0,0,0,0,0,0,0,0,0,0,0,0,0,-0.0088317786074249942
2025-04,0,0,0,0,0,0,-0.04737214631886854,0,0,0,0,0,0,0,0.00025221943831856572,0.002042385281229167,0,0,0,0,0,0,0,0,-0.00063279416563847917,0,0,0,0,0,0,0,0,0.010641638256879301
2025-05,0,0,0,0,0,0,0.0031911429464696788,0,0,0,0,0,-0.015396627819820933,0,0.0368163825901466,-0.0077275511570008308,0,0,0,0,-0.0070559233478231179,0,0,0,-0.0060260392209066952,0,0,0,0,0,0,0,0,0
2025-06,0,0,0.018967124874378485,0,0,0,0,0,0,0,0,0,-0.032139101851282409,0,0,0,0,0,0,0,0.13365099185336338,0,0,0,0,0,0,0,0,0,-0.081002664728085261,0,0,0
2025-07,0,0,0.084687326648893238,0,0,0,0,0,0,0,0,0,0.0035676997994609763,0,0,0,0,0,0,0,0.044776312677493248,0,0,0,0,0,0,0,0,0,-0.17334746398665116,0,0,0
2025-08,0,0,0.25072324403873131,0,0,0,0,0,0,0,0,0,0,0,0,0,0,0,0,0,0.038869530665165762,0,0,0,0,0,0,0,0,0,-0.37277177877251255,0,0,0
2025-09,0,0,-0.035743895390648942,0,0,0,0,0,-0.015966891661291678,0,0,0,0,0,0,0,0,0,0,0,0.026540605577996115,0,0,0,0,0,0,0,0.0070912962762376287,0,0.052769966174519914,0,0,0
2025-10,0,0,0,0,0,0,0,0,0.00015273148453583238,0,0,0,0,0,0,0,0,0,0,0,0,0,0,0,0,0,0,0,0.0635047941242112,0,-0.0013358250841411443,0,0,0
2025-11,0,0,0,0,0,0,0,0,0,0,0,0,0,0,0,0,0,0,0,0,0.0034980714568139059,0,0,0,0,0,0,0,0.00085917389342901021,0,-0.00013944249834847434,0,0,0
2025-12,0,0,0,0,0,0,0,0,0,0,0,0,-0.0053707488964756444,0,0,0,0,0,0,0,0,0,0,0,0,0,0,0,-0.02134295510406432,0,-0.039760233194367355,0,0,0
