date,exposure,cash_fraction,warning_cap,held,eligible,mature_held,stop_only,feature_exit,pending,reason
2023-01-03,0,1,0,0,0,0,0,0,False,WARMUP_OR_NO_FRESH_QUOTES
2023-01-04,0,1,0,0,0,0,0,0,False,WARMUP_OR_NO_FRESH_QUOTES
2023-01-05,0,1,0,0,0,0,0,0,False,WARMUP_OR_NO_FRESH_QUOTES
2023-01-06,0,1,0,0,0,0,0,0,False,WARMUP_OR_NO_FRESH_QUOTES
2023-01-09,0,1,0,0,0,0,0,0,False,WARMUP_OR_NO_FRESH_QUOTES
2023-01-10,0,1,0,0,0,0,0,0,False,WARMUP_OR_NO_FRESH_QUOTES
2023-01-11,0,1,0,0,0,0,0,0,False,WARMUP_OR_NO_FRESH_QUOTES
2023-01-12,0,1,0,0,0,0,0,0,False,WARMUP_OR_NO_FRESH_QUOTES
2023-01-13,0,1,0,0,0,0,0,0,False,WARMUP_OR_NO_FRESH_QUOTES
2023-01-16,0,1,0,0,0,0,0,0,False,RECOVERY_WAIT
2023-01-17,0,1,0,0,0,0,0,0,False,RECOVERY_WAIT
2023-01-18,0,1,0.5,0,0,0,0,0,False,CONFIRMED_RECOVERY|RETAIN_ACTUAL_UNITS
2023-01-19,0,1,0.5,0,0,0,0,0,False,RECOVERY_WAIT|RETAIN_ACTUAL_UNITS
2023-01-20,0,1,0.5,0,0,0,0,0,False,RECOVERY_WAIT|RETAIN_ACTUAL_UNITS
2023-01-30,0,1,1,0,0,0,0,0,False,CONFIRMED_RECOVERY|RETAIN_ACTUAL_UNITS
2023-01-31,0,1,1,0,0,0,0,0,False,TREND_OPEN|RETAIN_ACTUAL_UNITS
2023-02-01,0,1,1,0,0,0,0,0,False,TREND_OPEN|RETAIN_ACTUAL_UNITS
2023-02-02,0,1,1,0,0,0,0,0,False,TREND_OPEN|RETAIN_ACTUAL_UNITS
2023-02-03,0,1,1,0,0,0,0,0,False,TREND_OPEN|RETAIN_ACTUAL_UNITS
2023-02-06,0,1,1,0,0,0,0,0,False,TREND_OPEN|RETAIN_ACTUAL_UNITS
2023-02-07,0,1,1,0,10,0,0,0,False,TREND_OPEN|CASH_FUNDED_SUPPORT_RISK
2023-02-08,0.81010647582256989,0.18989352417743005,1,2,6,0,0,0,False,MARKET_WEAK_WARNING|RETAIN_ACTUAL_UNITS
2023-02-09,0.81906442333968765,0.18093557666031237,1,2,16,1,0,0,False,TREND_OPEN|CASH_FUNDED_SUPPORT_RISK
2023-02-10,0.91450661467816829,0.085493385321831539,1,2,15,1,0,0,False,TREND_OPEN|RETAIN_ACTUAL_UNITS
2023-02-13,0.91996594713449997,0.080034052865499888,1,2,17,1,0,0,False,TREND_OPEN|RETAIN_ACTUAL_UNITS
2023-02-14,0.91876169826971787,0.081238301730282028,1,2,19,1,0,0,False,TREND_OPEN|RETAIN_ACTUAL_UNITS
2023-02-15,0.921274251635116,0.078725748364883885,1,2,24,1,0,0,False,TREND_OPEN|RETAIN_ACTUAL_UNITS
2023-02-16,0.91480292462479573,0.085197075375204129,1,2,14,1,0,0,False,TREND_OPEN|RETAIN_ACTUAL_UNITS
2023-02-17,0.91206204089139065,0.087937959108609312,1,2,3,1,1,0,True,MARKET_WEAK_WARNING|PROTECTIVE_INVENTORY_PENDING
2023-02-20,0.43547536227248201,0.56452463772751804,1,1,9,0,0,0,False,MARKET_WEAK_WARNING|CASH_FUNDED_SUPPORT_RISK
2023-02-21,0.74595375960696675,0.2540462403930332,1,2,5,0,0,0,False,MARKET_WEAK_WARNING|RETAIN_ACTUAL_UNITS
2023-02-22,0.74652629047197594,0.25347370952802406,1,2,3,0,0,0,False,MARKET_WEAK_WARNING|RETAIN_ACTUAL_UNITS
2023-02-23,0.74460223419834948,0.25539776580165036,1,2,1,0,0,0,False,MARKET_WEAK_WARNING|RETAIN_ACTUAL_UNITS
2023-02-24,0.75032739781549462,0.24967260218450543,1,2,1,0,0,0,False,MARKET_WEAK_WARNING|RETAIN_ACTUAL_UNITS
2023-02-27,0.74538300387154788,0.25461699612845212,1,2,0,0,0,0,False,MARKET_WEAK_WARNING|RETAIN_ACTUAL_UNITS
2023-02-28,0.74489324823157332,0.25510675176842651,1,2,0,0,0,0,False,MARKET_WEAK_WARNING|RETAIN_ACTUAL_UNITS
2023-03-01,0.75347747799574361,0.24652252200425634,1,2,1,0,0,0,False,TREND_OPEN|RETAIN_ACTUAL_UNITS
2023-03-02,0.754262929595231,0.24573707040476903,1,2,6,1,0,0,False,TREND_OPEN|RETAIN_ACTUAL_UNITS
2023-03-03,0.75979984272523615,0.24020015727476393,1,2,12,1,0,0,False,TREND_OPEN|RETAIN_ACTUAL_UNITS
2023-03-06,0.76113288344936381,0.23886711655063617,1,2,15,1,0,0,False,TREND_OPEN|RETAIN_ACTUAL_UNITS
2023-03-07,0.75328245374517455,0.24671754625482542,0,2,4,1,0,0,True,CROSS_SECTION_SHOCK|PROTECTIVE_INVENTORY_PENDING
2023-03-08,0,1,0,0,12,0,0,0,False,RECOVERY_WAIT
2023-03-09,0,1,0,0,13,0,0,0,False,RECOVERY_WAIT
2023-03-10,0,1,0.5,0,12,0,0,0,False,CONFIRMED_RECOVERY|CASH_FUNDED_SUPPORT_RISK
2023-03-13,0.34025591245735143,0.65974408754264857,0.5,2,13,0,0,0,False,RECOVERY_WAIT|RETAIN_ACTUAL_UNITS
2023-03-14,0.34951556628794761,0.65048443371205245,0.5,2,12,0,0,0,False,RECOVERY_WAIT|RETAIN_ACTUAL_UNITS
2023-03-15,0.34618619362756042,0.65381380637243958,1,2,13,0,0,0,False,CONFIRMED_RECOVERY|CASH_FUNDED_SUPPORT_RISK
2023-03-16,0.68396679820411965,0.31603320179588029,1,2,10,0,0,0,False,MARKET_WEAK_WARNING|RETAIN_ACTUAL_UNITS
2023-03-17,0.71507848957249331,0.28492151042750663,1,2,12,0,0,0,False,TREND_OPEN|RETAIN_ACTUAL_UNITS
2023-03-20,0.73065460583636788,0.26934539416363218,1,2,11,1,0,0,False,TREND_OPEN|RETAIN_ACTUAL_UNITS
2023-03-21,0.73202586162898486,0.26797413837101514,1,2,12,1,0,0,False,TREND_OPEN|RETAIN_ACTUAL_UNITS
2023-03-22,0.75693974738688419,0.24306025261311581,1,2,10,1,0,1,True,TREND_OPEN|PROTECTIVE_INVENTORY_PENDING
2023-03-23,0.65895798129185734,0.34104201870814266,1,1,11,1,0,0,False,TREND_OPEN|RETAIN_ACTUAL_UNITS
2023-03-24,0.67938268136773861,0.32061731863226139,1,1,9,1,0,0,False,TREND_OPEN|RETAIN_ACTUAL_UNITS
2023-03-27,0.68339982124945309,0.31660017875054697,1,1,10,1,0,0,False,TREND_OPEN|RETAIN_ACTUAL_UNITS
2023-03-28,0.66561551510866013,0.33438448489133998,1,1,8,1,0,0,False,MARKET_WEAK_WARNING|CASH_FUNDED_SUPPORT_RISK
2023-03-29,0.75232614801177822,0.24767385198822173,1,2,12,1,0,0,False,TREND_OPEN|RETAIN_ACTUAL_UNITS
2023-03-30,0.75679487322220829,0.24320512677779163,1,2,12,1,0,0,False,TREND_OPEN|RETAIN_ACTUAL_UNITS
2023-03-31,0.76572193450184833,0.23427806549815169,1,2,13,1,0,0,False,TREND_OPEN|RETAIN_ACTUAL_UNITS
2023-04-03,0.78713534604102275,0.21286465395897722,1,2,17,1,0,0,False,TREND_OPEN|RETAIN_ACTUAL_UNITS
2023-04-04,0.79051439541699664,0.20948560458300328,1,2,19,1,0,0,False,TREND_OPEN|RETAIN_ACTUAL_UNITS
2023-04-06,0.78413532904172145,0.21586467095827855,1,2,22,1,0,0,False,TREND_OPEN|RETAIN_ACTUAL_UNITS
2023-04-07,0.79620358249070955,0.20379641750929048,1,2,22,1,0,0,False,TREND_OPEN|RETAIN_ACTUAL_UNITS
2023-04-10,0.78225607344114156,0.21774392655885835,1,2,20,1,0,0,False,TREND_OPEN|RETAIN_ACTUAL_UNITS
2023-04-11,0.7779811894181573,0.2220188105818427,1,2,19,1,0,0,False,TREND_OPEN|RETAIN_ACTUAL_UNITS
2023-04-12,0.78303511984782026,0.21696488015217971,1,2,20,1,0,0,False,TREND_OPEN|RETAIN_ACTUAL_UNITS
2023-04-13,0.76719019478484607,0.23280980521515388,0.5,2,9,1,0,0,True,PORTFOLIO_WARNING|PROTECTIVE_INVENTORY_PENDING
2023-04-14,0.50704844557663808,0.49295155442336192,0.5,2,18,1,0,0,False,RECOVERY_WAIT|RETAIN_ACTUAL_UNITS
2023-04-17,0.51026348282567735,0.48973651717432265,0.5,2,13,1,0,0,False,RECOVERY_WAIT|RETAIN_ACTUAL_UNITS
2023-04-18,0.51004849394905294,0.48995150605094701,1,2,11,1,0,0,False,CONFIRMED_RECOVERY|RETAIN_ACTUAL_UNITS
2023-04-19,0.54036795066187393,0.45963204933812607,1,2,13,1,0,0,False,TREND_OPEN|RETAIN_ACTUAL_UNITS
2023-04-20,0.58236972599383707,0.41763027400616293,1,2,18,1,0,0,False,TREND_OPEN|RETAIN_ACTUAL_UNITS
2023-04-21,0.56520349504902179,0.43479650495097816,1,2,11,1,0,0,False,TREND_OPEN|RETAIN_ACTUAL_UNITS
2023-04-24,0.5600772055998311,0.4399227944001689,1,2,13,1,0,0,False,TREND_OPEN|RETAIN_ACTUAL_UNITS
2023-04-25,0.56738581871799842,0.43261418128200163,1,2,9,1,0,0,False,MARKET_WEAK_WARNING|RETAIN_ACTUAL_UNITS
2023-04-26,0.5564892002989168,0.4435107997010832,1,2,3,1,0,0,False,MARKET_WEAK_WARNING|RETAIN_ACTUAL_UNITS
2023-04-27,0.54802907342034679,0.45197092657965321,1,2,2,1,0,0,False,MARKET_WEAK_WARNING|RETAIN_ACTUAL_UNITS
2023-04-28,0.56734647497866431,0.43265352502133564,1,2,4,1,0,0,False,MARKET_WEAK_WARNING|RETAIN_ACTUAL_UNITS
2023-05-04,0.55152891298466233,0.44847108701533767,1,2,1,1,0,0,False,MARKET_WEAK_WARNING|RETAIN_ACTUAL_UNITS
2023-05-05,0.52684351231221094,0.47315648768778906,1,2,0,1,0,0,False,MARKET_WEAK_WARNING|RETAIN_ACTUAL_UNITS
2023-05-08,0.52600910181258465,0.47399089818741541,1,2,0,1,0,0,False,MARKET_WEAK_WARNING|RETAIN_ACTUAL_UNITS
2023-05-09,0.52924661443261678,0.47075338556738316,0.25,2,0,1,0,0,True,BROAD_TREND_BREAKDOWN|PROTECTIVE_INVENTORY_PENDING
2023-05-10,0.23894970831358486,0.76105029168641514,0.25,2,0,1,1,0,True,BROAD_TREND_BREAKDOWN|PROTECTIVE_INVENTORY_PENDING
2023-05-11,0.022572497195506008,0.97742750280449398,0.25,1,0,0,0,1,True,BROAD_TREND_BREAKDOWN|PROTECTIVE_INVENTORY_PENDING
2023-05-12,0,1,0.25,0,0,0,0,0,False,BROAD_TREND_BREAKDOWN|RETAIN_ACTUAL_UNITS
2023-05-15,0,1,0.25,0,0,0,0,0,False,BROAD_TREND_BREAKDOWN|RETAIN_ACTUAL_UNITS
2023-05-16,0,1,0.25,0,1,0,0,0,False,RECOVERY_WAIT|CASH_FUNDED_SUPPORT_RISK
2023-05-17,0.094643341880756918,0.90535665811924315,0.25,1,0,0,0,0,False,RECOVERY_WAIT|RETAIN_ACTUAL_UNITS
2023-05-18,0.095014234055691482,0.90498576594430846,0.25,1,3,0,0,0,False,RECOVERY_WAIT|CASH_FUNDED_SUPPORT_RISK
2023-05-19,0.15843155016034266,0.84156844983965728,0.5,2,4,0,0,0,False,CONFIRMED_RECOVERY|RETAIN_ACTUAL_UNITS
2023-05-22,0.1526261400482215,0.8473738599517785,0.5,2,2,0,0,1,True,RECOVERY_WAIT|PROTECTIVE_INVENTORY_PENDING
2023-05-23,0.090457837614540751,0.90954216238545926,0.5,1,1,0,0,0,False,RECOVERY_WAIT|CASH_FUNDED_SUPPORT_RISK
2023-05-24,0.30385231595564921,0.69614768404435068,1,2,4,0,0,0,False,CONFIRMED_RECOVERY|CASH_FUNDED_SUPPORT_RISK
2023-05-25,0.63774347123587105,0.36225652876412884,1,2,4,0,0,0,False,TREND_OPEN|RETAIN_ACTUAL_UNITS
2023-05-26,0.64171333133680042,0.35828666866319953,1,2,5,0,0,0,False,TREND_OPEN|RETAIN_ACTUAL_UNITS
2023-05-29,0.64404101475916642,0.35595898524083364,1,2,6,0,0,0,False,TREND_OPEN|RETAIN_ACTUAL_UNITS
2023-05-30,0.64629245759572163,0.35370754240427849,1,2,7,0,0,0,False,TREND_OPEN|RETAIN_ACTUAL_UNITS
2023-05-31,0.64401402928617735,0.35598597071382265,1,2,6,0,0,0,False,TREND_OPEN|RETAIN_ACTUAL_UNITS
2023-06-01,0.63674526600093517,0.36325473399906494,0.5,2,4,0,0,0,True,PORTFOLIO_WARNING|PROTECTIVE_INVENTORY_PENDING
2023-06-02,0.52012057050375959,0.47987942949624035,0.5,2,6,0,0,0,True,RECOVERY_WAIT|PROTECTIVE_INVENTORY_PENDING
2023-06-05,0.49538086874637111,0.50461913125362889,0.5,2,6,0,0,0,True,RECOVERY_WAIT|PROTECTIVE_INVENTORY_PENDING
2023-06-06,0.48665924020198242,0.51334075979801752,0.5,2,5,0,0,1,True,RECOVERY_WAIT|PROTECTIVE_INVENTORY_PENDING
2023-06-07,0.073150224247066631,0.92684977575293326,0.5,1,6,0,0,0,False,RECOVERY_WAIT|CASH_FUNDED_SUPPORT_RISK
2023-06-08,0.26954007132565222,0.73045992867434772,0.5,2,2,0,0,0,False,RECOVERY_WAIT|RETAIN_ACTUAL_UNITS
2023-06-09,0.27647662374225035,0.72352337625774965,0.5,2,6,0,0,0,False,RECOVERY_WAIT|RETAIN_ACTUAL_UNITS
2023-06-12,0.27105262507236755,0.72894737492763251,0.5,2,3,0,0,0,False,RECOVERY_WAIT|RETAIN_ACTUAL_UNITS
2023-06-13,0.27401271580348829,0.72598728419651171,1,2,5,0,0,0,False,CONFIRMED_RECOVERY|RETAIN_ACTUAL_UNITS
2023-06-14,0.28025165073979791,0.71974834926020204,1,2,6,0,0,0,False,TREND_OPEN|CASH_FUNDED_SUPPORT_RISK
2023-06-15,0.61543018393776761,0.38456981606223239,0.5,2,5,0,0,0,True,PORTFOLIO_WARNING|PROTECTIVE_INVENTORY_PENDING
2023-06-16,0.51937297887907208,0.48062702112092803,0.5,2,9,0,0,0,True,RECOVERY_WAIT|PROTECTIVE_INVENTORY_PENDING
2023-06-19,0.48822068098723748,0.51177931901276241,0.5,2,9,0,0,0,True,RECOVERY_WAIT|PROTECTIVE_INVENTORY_PENDING
2023-06-20,0.47081644923565852,0.52918355076434143,0,2,9,0,0,1,True,PORTFOLIO_DRAWDOWN_SHOCK|PROTECTIVE_INVENTORY_PENDING
2023-06-21,0,1,0,0,4,0,0,0,False,CROSS_SECTION_SHOCK
2023-06-26,0,1,0,0,3,0,0,0,False,RECOVERY_WAIT
2023-06-27,0,1,0,0,1,0,0,0,False,ACCUMULATED_MARKET_SHOCK
2023-06-28,0,1,0,0,0,0,0,0,False,RECOVERY_WAIT
2023-06-29,0,1,0,0,0,0,0,0,False,RECOVERY_WAIT
2023-06-30,0,1,0,0,2,0,0,0,False,RECOVERY_WAIT
2023-07-03,0,1,0,0,0,0,0,0,False,RECOVERY_WAIT
2023-07-04,0,1,0,0,2,0,0,0,False,RECOVERY_WAIT
2023-07-05,0,1,0,0,0,0,0,0,False,RECOVERY_WAIT
2023-07-06,0,1,0,0,3,0,0,0,False,RECOVERY_WAIT
2023-07-07,0,1,0,0,3,0,0,0,False,RECOVERY_WAIT
2023-07-10,0,1,0,0,4,0,0,0,False,RECOVERY_WAIT
2023-07-11,0,1,0,0,6,0,0,0,False,RECOVERY_WAIT
2023-07-12,0,1,0,0,5,0,0,0,False,RECOVERY_WAIT
2023-07-13,0,1,0,0,7,0,0,0,False,RECOVERY_WAIT
2023-07-14,0,1,0,0,7,0,0,0,False,RECOVERY_WAIT
2023-07-17,0,1,0,0,6,0,0,0,False,RECOVERY_WAIT
2023-07-18,0,1,0,0,6,0,0,0,False,RECOVERY_WAIT
2023-07-19,0,1,0,0,4,0,0,0,False,RECOVERY_WAIT
2023-07-20,0,1,0,0,1,0,0,0,False,RECOVERY_WAIT
2023-07-21,0,1,0,0,0,0,0,0,False,RECOVERY_WAIT
2023-07-24,0,1,0,0,0,0,0,0,False,RECOVERY_WAIT
2023-07-25,0,1,0,0,0,0,0,0,False,RECOVERY_WAIT
2023-07-26,0,1,0,0,0,0,0,0,False,RECOVERY_WAIT
2023-07-27,0,1,0,0,0,0,0,0,False,RECOVERY_WAIT
2023-07-28,0,1,0,0,0,0,0,0,False,RECOVERY_WAIT
2023-07-31,0,1,0,0,0,0,0,0,False,RECOVERY_WAIT
2023-08-01,0,1,0,0,0,0,0,0,False,RECOVERY_WAIT
2023-08-02,0,1,0,0,0,0,0,0,False,RECOVERY_WAIT
2023-08-03,0,1,0,0,1,0,0,0,False,RECOVERY_WAIT
2023-08-04,0,1,0,0,0,0,0,0,False,RECOVERY_WAIT
2023-08-07,0,1,0,0,0,0,0,0,False,RECOVERY_WAIT
2023-08-08,0,1,0,0,0,0,0,0,False,RECOVERY_WAIT
2023-08-09,0,1,0,0,0,0,0,0,False,RECOVERY_WAIT
2023-08-10,0,1,0,0,0,0,0,0,False,RECOVERY_WAIT
2023-08-11,0,1,0,0,0,0,0,0,False,RECOVERY_WAIT
2023-08-14,0,1,0,0,0,0,0,0,False,RECOVERY_WAIT
2023-08-15,0,1,0,0,1,0,0,0,False,CROSS_SECTION_SHOCK
2023-08-16,0,1,0,0,0,0,0,0,False,ACCUMULATED_MARKET_SHOCK
2023-08-17,0,1,0,0,1,0,0,0,False,RECOVERY_WAIT
2023-08-18,0,1,0,0,0,0,0,0,False,RECOVERY_WAIT
2023-08-21,0,1,0,0,0,0,0,0,False,RECOVERY_WAIT
2023-08-22,0,1,0,0,0,0,0,0,False,RECOVERY_WAIT
2023-08-23,0,1,0,0,0,0,0,0,False,CROSS_SECTION_SHOCK
2023-08-24,0,1,0,0,0,0,0,0,False,RECOVERY_WAIT
2023-08-25,0,1,0,0,0,0,0,0,False,RECOVERY_WAIT
2023-08-28,0,1,0,0,0,0,0,0,False,RECOVERY_WAIT
2023-08-29,0,1,0,0,0,0,0,0,False,RECOVERY_WAIT
2023-08-30,0,1,0,0,0,0,0,0,False,RECOVERY_WAIT
2023-08-31,0,1,0.5,0,1,0,0,0,False,CONFIRMED_RECOVERY|RETAIN_ACTUAL_UNITS
2023-09-01,0,1,0.5,0,3,0,0,0,False,RECOVERY_WAIT|CASH_FUNDED_SUPPORT_RISK
2023-09-04,0.33752989874000094,0.66247010125999894,0.5,2,4,0,0,0,False,RECOVERY_WAIT|RETAIN_ACTUAL_UNITS
2023-09-05,0.3323922498402419,0.66760775015975815,1,2,4,0,0,0,False,CONFIRMED_RECOVERY|RETAIN_ACTUAL_UNITS
2023-09-06,0.34079138697005795,0.65920861302994216,1,2,5,0,0,0,False,TREND_OPEN|CASH_FUNDED_SUPPORT_RISK
2023-09-07,0.6160642941104798,0.3839357058895202,1,2,5,0,0,0,False,TREND_OPEN|RETAIN_ACTUAL_UNITS
2023-09-08,0.61370142440141684,0.38629857559858322,1,2,4,0,0,0,False,TREND_OPEN|RETAIN_ACTUAL_UNITS
2023-09-11,0.6158519395634261,0.38414806043657396,1,2,3,0,0,0,False,TREND_OPEN|RETAIN_ACTUAL_UNITS
2023-09-12,0.61402895789557532,0.38597104210442468,1,2,2,0,0,0,False,TREND_OPEN|RETAIN_ACTUAL_UNITS
2023-09-13,0.61428246729251013,0.38571753270748987,1,2,1,0,0,0,False,MARKET_WEAK_WARNING|RETAIN_ACTUAL_UNITS
2023-09-14,0.6081848073724816,0.39181519262751835,1,2,2,0,0,0,False,MARKET_WEAK_WARNING|RETAIN_ACTUAL_UNITS
2023-09-15,0.61333141103736943,0.38666858896263057,1,2,2,0,0,0,False,MARKET_WEAK_WARNING|RETAIN_ACTUAL_UNITS
2023-09-18,0.60412088060134284,0.39587911939865728,1,2,4,0,0,2,True,MARKET_WEAK_WARNING|PROTECTIVE_INVENTORY_PENDING
2023-09-19,0.19726128754152591,0.80273871245847417,1,1,1,0,0,0,True,MARKET_WEAK_WARNING|PROTECTIVE_INVENTORY_PENDING
2023-09-20,0,1,1,0,1,0,0,0,False,MARKET_WEAK_WARNING|CASH_FUNDED_SUPPORT_RISK
2023-09-21,0.21723092222665347,0.78276907777334659,1,1,1,0,0,0,False,MARKET_WEAK_WARNING|CASH_FUNDED_SUPPORT_RISK
2023-09-22,0.57015242975621983,0.42984757024378012,1,2,2,0,0,0,False,TREND_OPEN|RETAIN_ACTUAL_UNITS
2023-09-25,0.5653717540321308,0.4346282459678692,1,2,2,0,0,0,False,TREND_OPEN|RETAIN_ACTUAL_UNITS
2023-09-26,0.56029234592111188,0.43970765407888818,1,2,1,0,0,0,False,MARKET_WEAK_WARNING|RETAIN_ACTUAL_UNITS
2023-09-27,0.55552829242924895,0.444471707570751,1,2,2,0,0,0,False,TREND_OPEN|RETAIN_ACTUAL_UNITS
2023-09-28,0.55651512628440492,0.44348487371559503,1,2,2,0,0,0,False,TREND_OPEN|RETAIN_ACTUAL_UNITS
2023-10-09,0.55355917407894129,0.44644082592105871,1,2,3,0,0,0,False,TREND_OPEN|RETAIN_ACTUAL_UNITS
2023-10-10,0.55267849865015117,0.44732150134984888,1,2,3,0,0,0,False,TREND_OPEN|RETAIN_ACTUAL_UNITS
2023-10-11,0.55529573206399363,0.44470426793600643,1,2,4,0,0,0,False,TREND_OPEN|RETAIN_ACTUAL_UNITS
2023-10-12,0.56725002270339064,0.43274997729660936,1,2,6,0,0,0,False,TREND_OPEN|CASH_FUNDED_SUPPORT_RISK
2023-10-13,0.75458942682488472,0.24541057317511519,1,2,5,0,0,1,True,TREND_OPEN|PROTECTIVE_INVENTORY_PENDING
2023-10-16,0.53910760563141125,0.4608923943685887,1,1,6,0,0,0,False,MARKET_WEAK_WARNING|CASH_FUNDED_SUPPORT_RISK
2023-10-17,0.99030347765990767,0.0096965223400923093,1,2,8,0,0,0,False,TREND_OPEN|RETAIN_ACTUAL_UNITS
2023-10-18,0.9901051763737998,0.0098948236262001461,1,2,8,0,0,0,False,MARKET_WEAK_WARNING|RETAIN_ACTUAL_UNITS
2023-10-19,0.99008288077782902,0.0099171192221709486,1,2,8,0,0,0,False,MARKET_WEAK_WARNING|RETAIN_ACTUAL_UNITS
2023-10-20,0.9898336362947584,0.010166363705241594,1,2,4,0,0,0,False,MARKET_WEAK_WARNING|RETAIN_ACTUAL_UNITS
2023-10-23,0.98974443372829912,0.010255566271700895,1,2,1,0,0,0,False,MARKET_WEAK_WARNING|RETAIN_ACTUAL_UNITS
2023-10-24,0.99035614962127128,0.0096438503787287279,1,2,5,0,0,0,False,MARKET_WEAK_WARNING|RETAIN_ACTUAL_UNITS
2023-10-25,0.99027463898922963,0.0097253610107703291,1,2,3,0,0,0,False,MARKET_WEAK_WARNING|RETAIN_ACTUAL_UNITS
2023-10-26,0.99029297178505238,0.0097070282149476182,1,2,5,0,0,0,False,MARKET_WEAK_WARNING|RETAIN_ACTUAL_UNITS
2023-10-27,0.99039672656856526,0.0096032734314347393,1,2,5,0,0,0,False,TREND_OPEN|RETAIN_ACTUAL_UNITS
2023-10-30,0.99061282104681236,0.0093871789531876464,1,2,10,0,0,0,False,TREND_OPEN|RETAIN_ACTUAL_UNITS
2023-10-31,0.99078502717598205,0.0092149728240179477,1,2,10,0,0,0,False,TREND_OPEN|RETAIN_ACTUAL_UNITS
2023-11-01,0.99048618320248338,0.0095138167975166252,1,2,8,0,0,0,False,TREND_OPEN|RETAIN_ACTUAL_UNITS
2023-11-02,0.9902711894328039,0.0097288105671961105,1,2,5,0,0,0,False,TREND_OPEN|RETAIN_ACTUAL_UNITS
2023-11-03,0.9903119505005562,0.009688049499443822,1,2,7,0,0,0,False,TREND_OPEN|RETAIN_ACTUAL_UNITS
2023-11-06,0.99020784082390489,0.0097921591760950985,1,2,9,0,0,0,False,TREND_OPEN|RETAIN_ACTUAL_UNITS
2023-11-07,0.99012065300505214,0.0098793469949478852,1,2,6,0,0,0,False,TREND_OPEN|RETAIN_ACTUAL_UNITS
2023-11-08,0.99048297375662286,0.0095170262433771219,1,2,10,0,0,0,False,TREND_OPEN|RETAIN_ACTUAL_UNITS
2023-11-09,0.99031731503360465,0.0096826849663953531,1,2,10,0,0,0,False,TREND_OPEN|RETAIN_ACTUAL_UNITS
2023-11-10,0.99036586478358402,0.0096341352164160034,1,2,8,0,0,0,False,TREND_OPEN|RETAIN_ACTUAL_UNITS
2023-11-13,0.99053273387236185,0.0094672661276381034,1,2,9,0,0,0,False,TREND_OPEN|RETAIN_ACTUAL_UNITS
2023-11-14,0.99054867706386684,0.0094513229361331916,1,2,10,0,0,0,False,TREND_OPEN|RETAIN_ACTUAL_UNITS
2023-11-15,0.99025583163760444,0.0097441683623956075,1,2,10,0,0,0,False,TREND_OPEN|RETAIN_ACTUAL_UNITS
2023-11-16,0.99001543956530502,0.0099845604346950074,1,2,4,0,0,1,True,MARKET_WEAK_WARNING|PROTECTIVE_INVENTORY_PENDING
2023-11-17,0.53050919616949233,0.46949080383050762,1,2,7,0,0,0,True,TREND_OPEN|PROTECTIVE_INVENTORY_PENDING
2023-11-20,0.47013125735226602,0.52986874264773398,1,1,6,0,0,0,False,TREND_OPEN|CASH_FUNDED_SUPPORT_RISK
2023-11-21,0.71553017058710189,0.284469829412898,1,2,4,0,1,0,True,MARKET_WEAK_WARNING|PROTECTIVE_INVENTORY_PENDING
2023-11-22,0.24379019544729019,0.75620980455270981,1,1,3,0,0,0,False,MARKET_WEAK_WARNING|CASH_FUNDED_SUPPORT_RISK
2023-11-23,0.50259601300887824,0.49740398699112176,1,2,5,0,0,0,False,MARKET_WEAK_WARNING|RETAIN_ACTUAL_UNITS
2023-11-24,0.48706374548665965,0.51293625451334035,0.5,2,0,0,1,0,True,PORTFOLIO_WARNING|PROTECTIVE_INVENTORY_PENDING
2023-11-27,0.26610912101258272,0.73389087898741723,0.5,1,1,0,0,0,False,RECOVERY_WAIT|CASH_FUNDED_SUPPORT_RISK
2023-11-28,0.42371469924247912,0.57628530075752094,0.5,2,1,0,0,0,False,RECOVERY_WAIT|RETAIN_ACTUAL_UNITS
2023-11-29,0.42278096282633204,0.57721903717366796,0.5,2,3,0,0,0,False,RECOVERY_WAIT|RETAIN_ACTUAL_UNITS
2023-11-30,0.42206820312393883,0.57793179687606111,0.5,2,5,0,0,0,False,RECOVERY_WAIT|RETAIN_ACTUAL_UNITS
2023-12-01,0.42584847650531199,0.5741515234946879,0.5,2,5,0,0,0,False,RECOVERY_WAIT|RETAIN_ACTUAL_UNITS
2023-12-04,0.42655642569164276,0.57344357430835735,0.5,2,2,0,0,0,False,RECOVERY_WAIT|RETAIN_ACTUAL_UNITS
2023-12-05,0.42137871901072721,0.57862128098927279,0.5,2,3,0,0,0,False,RECOVERY_WAIT|RETAIN_ACTUAL_UNITS
2023-12-06,0.42370353598008204,0.57629646401991808,0.5,2,3,0,0,0,False,RECOVERY_WAIT|RETAIN_ACTUAL_UNITS
2023-12-07,0.4199312941939829,0.5800687058060171,0.5,2,1,0,0,0,False,RECOVERY_WAIT|RETAIN_ACTUAL_UNITS
2023-12-08,0.43474090044109476,0.56525909955890519,0.5,2,5,0,0,0,False,RECOVERY_WAIT|RETAIN_ACTUAL_UNITS
2023-12-11,0.43405765554221137,0.56594234445778868,0.5,2,3,0,0,0,False,RECOVERY_WAIT|RETAIN_ACTUAL_UNITS
2023-12-12,0.4301384680305877,0.56986153196941236,1,2,3,0,0,0,False,CONFIRMED_RECOVERY|RETAIN_ACTUAL_UNITS
2023-12-13,0.42649187491257373,0.57350812508742621,1,2,2,0,0,0,False,MARKET_WEAK_WARNING|RETAIN_ACTUAL_UNITS
2023-12-14,0.42171729898999105,0.57828270101000889,1,2,0,0,1,0,True,MARKET_WEAK_WARNING|PROTECTIVE_INVENTORY_PENDING
2023-12-15,0.16213614847505878,0.83786385152494125,1,1,0,0,0,0,False,MARKET_WEAK_WARNING|RETAIN_ACTUAL_UNITS
2023-12-18,0.16470362728770988,0.83529637271229007,1,1,0,0,0,0,False,MARKET_WEAK_WARNING|RETAIN_ACTUAL_UNITS
2023-12-19,0.16630261933587429,0.83369738066412569,1,1,1,0,0,0,False,MARKET_WEAK_WARNING|CASH_FUNDED_SUPPORT_RISK
2023-12-20,0.7130476671467918,0.28695233285320815,1,2,0,0,0,0,False,MARKET_WEAK_WARNING|RETAIN_ACTUAL_UNITS
2023-12-21,0.71768858244503431,0.28231141755496569,1,2,1,0,0,0,False,MARKET_WEAK_WARNING|RETAIN_ACTUAL_UNITS
2023-12-22,0.71314295168383812,0.28685704831616188,1,2,0,0,0,0,False,MARKET_WEAK_WARNING|RETAIN_ACTUAL_UNITS
2023-12-25,0.70593184146012311,0.29406815853987689,0.5,2,0,0,0,1,True,PORTFOLIO_WARNING|PROTECTIVE_INVENTORY_PENDING
2023-12-26,0.16150966483337104,0.83849033516662896,0.5,1,0,0,1,0,True,RECOVERY_WAIT|PROTECTIVE_INVENTORY_PENDING
2023-12-27,0,1,0.5,0,0,0,0,0,False,RECOVERY_WAIT|RETAIN_ACTUAL_UNITS
2023-12-28,0,1,0.5,0,0,0,0,0,False,RECOVERY_WAIT|RETAIN_ACTUAL_UNITS
2023-12-29,0,1,0.5,0,0,0,0,0,False,RECOVERY_WAIT|RETAIN_ACTUAL_UNITS
2024-01-02,0,1,0.5,0,0,0,0,0,False,RECOVERY_WAIT|RETAIN_ACTUAL_UNITS
2024-01-03,0,1,0.5,0,0,0,0,0,False,RECOVERY_WAIT|RETAIN_ACTUAL_UNITS
2024-01-04,0,1,0.5,0,0,0,0,0,False,RECOVERY_WAIT|RETAIN_ACTUAL_UNITS
2024-01-05,0,1,0.5,0,0,0,0,0,False,RECOVERY_WAIT|RETAIN_ACTUAL_UNITS
2024-01-08,0,1,0.5,0,0,0,0,0,False,RECOVERY_WAIT|RETAIN_ACTUAL_UNITS
2024-01-09,0,1,0.5,0,0,0,0,0,False,RECOVERY_WAIT|RETAIN_ACTUAL_UNITS
2024-01-10,0,1,0.5,0,0,0,0,0,False,BROAD_TREND_BREAKDOWN|RETAIN_ACTUAL_UNITS
2024-01-11,0,1,0.5,0,0,0,0,0,False,RECOVERY_WAIT|RETAIN_ACTUAL_UNITS
2024-01-12,0,1,0.25,0,0,0,0,0,False,BROAD_TREND_BREAKDOWN|PROTECTIVE_INVENTORY_PENDING
2024-01-15,0,1,0.25,0,0,0,0,0,False,BROAD_TREND_BREAKDOWN|RETAIN_ACTUAL_UNITS
2024-01-16,0,1,0.25,0,0,0,0,0,False,RECOVERY_WAIT|RETAIN_ACTUAL_UNITS
2024-01-17,0,1,0.25,0,0,0,0,0,False,BROAD_TREND_BREAKDOWN|RETAIN_ACTUAL_UNITS
2024-01-18,0,1,0.25,0,0,0,0,0,False,RECOVERY_WAIT|RETAIN_ACTUAL_UNITS
2024-01-19,0,1,0.25,0,0,0,0,0,False,RECOVERY_WAIT|RETAIN_ACTUAL_UNITS
2024-01-22,0,1,0,0,0,0,0,0,False,CROSS_SECTION_SHOCK|PROTECTIVE_INVENTORY_PENDING
2024-01-23,0,1,0,0,0,0,0,0,False,RECOVERY_WAIT
2024-01-24,0,1,0,0,0,0,0,0,False,RECOVERY_WAIT
2024-01-25,0,1,0,0,0,0,0,0,False,RECOVERY_WAIT
2024-01-26,0,1,0,0,0,0,0,0,False,RECOVERY_WAIT
2024-01-29,0,1,0,0,0,0,0,0,False,RECOVERY_WAIT
2024-01-30,0,1,0,0,0,0,0,0,False,ACCUMULATED_MARKET_SHOCK
2024-01-31,0,1,0,0,0,0,0,0,False,ACCUMULATED_MARKET_SHOCK
2024-02-01,0,1,0,0,0,0,0,0,False,RECOVERY_WAIT
2024-02-02,0,1,0,0,0,0,0,0,False,RECOVERY_WAIT
2024-02-05,0,1,0,0,0,0,0,0,False,RECOVERY_WAIT
2024-02-06,0,1,0,0,0,0,0,0,False,RECOVERY_WAIT
2024-02-07,0,1,0,0,0,0,0,0,False,RECOVERY_WAIT
2024-02-08,0,1,0,0,0,0,0,0,False,RECOVERY_WAIT
2024-02-19,0,1,0,0,1,0,0,0,False,RECOVERY_WAIT
2024-02-20,0,1,0.5,0,1,0,0,0,False,CONFIRMED_RECOVERY|RETAIN_ACTUAL_UNITS
2024-02-21,0,1,0.5,0,2,0,0,0,False,RECOVERY_WAIT|CASH_FUNDED_SUPPORT_RISK
2024-02-22,0.35129013170416756,0.64870986829583244,0.5,2,2,0,0,0,False,RECOVERY_WAIT|RETAIN_ACTUAL_UNITS
2024-02-23,0.34891067715713764,0.65108932284286247,1,2,1,0,0,0,False,CONFIRMED_RECOVERY|RETAIN_ACTUAL_UNITS
2024-02-26,0.34818977738822132,0.65181022261177868,1,2,1,0,0,0,False,TREND_OPEN|RETAIN_ACTUAL_UNITS
2024-02-27,0.35981039271036924,0.64018960728963081,1,2,3,0,0,0,False,TREND_OPEN|CASH_FUNDED_SUPPORT_RISK
2024-02-28,0.61981404014572739,0.38018595985427273,1,2,2,0,0,0,False,TREND_OPEN|RETAIN_ACTUAL_UNITS
2024-02-29,0.62986650424620316,0.37013349575379689,1,2,3,0,0,0,False,TREND_OPEN|CASH_FUNDED_SUPPORT_RISK
2024-03-01,0.73912252808809364,0.26087747191190636,1,2,4,0,0,0,False,TREND_OPEN|RETAIN_ACTUAL_UNITS
2024-03-04,0.73760877103684552,0.26239122896315448,1,2,7,0,0,0,False,TREND_OPEN|RETAIN_ACTUAL_UNITS
2024-03-05,0.73732467776148203,0.26267532223851803,1,2,6,0,0,0,False,TREND_OPEN|RETAIN_ACTUAL_UNITS
2024-03-06,0.73488739924603397,0.26511260075396609,1,2,5,0,0,0,False,TREND_OPEN|RETAIN_ACTUAL_UNITS
2024-03-07,0.730354301688806,0.269645698311194,1,2,5,0,0,0,False,TREND_OPEN|RETAIN_ACTUAL_UNITS
2024-03-08,0.73542252345722625,0.26457747654277375,1,2,6,0,0,0,False,TREND_OPEN|CASH_FUNDED_SUPPORT_RISK
2024-03-11,0.87746302469300552,0.12253697530699448,1,2,5,0,0,0,False,TREND_OPEN|RETAIN_ACTUAL_UNITS
2024-03-12,0.87410569173666053,0.1258943082633395,1,2,4,0,0,0,False,TREND_OPEN|RETAIN_ACTUAL_UNITS
2024-03-13,0.87268953758154511,0.12731046241845495,1,2,3,0,0,0,False,TREND_OPEN|RETAIN_ACTUAL_UNITS
2024-03-14,0.87278438874790654,0.12721561125209349,1,2,2,0,0,0,False,MARKET_WEAK_WARNING|RETAIN_ACTUAL_UNITS
2024-03-15,0.87259496360702082,0.1274050363929792,1,2,2,0,0,0,False,TREND_OPEN|RETAIN_ACTUAL_UNITS
2024-03-18,0.87598493853999093,0.1240150614600091,1,2,3,0,0,0,False,TREND_OPEN|RETAIN_ACTUAL_UNITS
2024-03-19,0.87382427171578037,0.12617572828421966,1,2,3,0,0,0,False,TREND_OPEN|RETAIN_ACTUAL_UNITS
2024-03-20,0.87376870175425636,0.12623129824574364,1,2,3,0,0,0,False,TREND_OPEN|RETAIN_ACTUAL_UNITS
2024-03-21,0.87417402592025428,0.12582597407974572,1,2,6,0,1,0,True,TREND_OPEN|PROTECTIVE_INVENTORY_PENDING
2024-03-22,0.49688594758809473,0.50311405241190532,1,1,6,0,0,0,False,TREND_OPEN|CASH_FUNDED_SUPPORT_RISK
2024-03-25,0.75010489580013207,0.24989510419986793,0,2,5,0,0,0,True,CROSS_SECTION_SHOCK|PROTECTIVE_INVENTORY_PENDING
2024-03-26,0,1,0,0,1,0,0,0,False,RECOVERY_WAIT
2024-03-27,0,1,0,0,1,0,0,0,False,CROSS_SECTION_SHOCK
2024-03-28,0,1,0,0,1,0,0,0,False,RECOVERY_WAIT
2024-03-29,0,1,0,0,1,0,0,0,False,RECOVERY_WAIT
2024-04-01,0,1,0,0,2,0,0,0,False,RECOVERY_WAIT
2024-04-02,0,1,0,0,0,0,0,0,False,RECOVERY_WAIT
2024-04-03,0,1,0,0,0,0,0,0,False,RECOVERY_WAIT
2024-04-08,0,1,0,0,0,0,0,0,False,RECOVERY_WAIT
2024-04-09,0,1,0,0,0,0,0,0,False,RECOVERY_WAIT
2024-04-10,0,1,0,0,0,0,0,0,False,RECOVERY_WAIT
2024-04-11,0,1,0,0,0,0,0,0,False,RECOVERY_WAIT
2024-04-12,0,1,0,0,0,0,0,0,False,RECOVERY_WAIT
2024-04-15,0,1,0,0,1,0,0,0,False,RECOVERY_WAIT
2024-04-16,0,1,0,0,0,0,0,0,False,RECOVERY_WAIT
2024-04-17,0,1,0,0,0,0,0,0,False,RECOVERY_WAIT
2024-04-18,0,1,0,0,2,0,0,0,False,RECOVERY_WAIT
2024-04-19,0,1,0,0,1,0,0,0,False,RECOVERY_WAIT
2024-04-22,0,1,0,0,1,0,0,0,False,RECOVERY_WAIT
2024-04-23,0,1,0,0,1,0,0,0,False,RECOVERY_WAIT
2024-04-24,0,1,0,0,1,0,0,0,False,RECOVERY_WAIT
2024-04-25,0,1,0,0,1,0,0,0,False,RECOVERY_WAIT
2024-04-26,0,1,0.5,0,2,0,0,0,False,CONFIRMED_RECOVERY|CASH_FUNDED_SUPPORT_RISK
2024-04-29,0.50819065325716561,0.49180934674283427,0.5,2,3,0,0,0,False,RECOVERY_WAIT|RETAIN_ACTUAL_UNITS
2024-04-30,0.50607289923161025,0.49392710076838986,0.5,2,5,0,0,0,False,RECOVERY_WAIT|RETAIN_ACTUAL_UNITS
2024-05-06,0.50417646578913589,0.49582353421086411,1,2,5,0,0,0,False,CONFIRMED_RECOVERY|RETAIN_ACTUAL_UNITS
2024-05-07,0.50099168434768759,0.49900831565231241,1,2,6,0,0,0,False,TREND_OPEN|RETAIN_ACTUAL_UNITS
2024-05-08,0.49770965988558347,0.50229034011441664,1,2,5,0,0,0,False,TREND_OPEN|RETAIN_ACTUAL_UNITS
2024-05-09,0.4982217604153778,0.50177823958462209,1,2,5,0,0,0,False,TREND_OPEN|RETAIN_ACTUAL_UNITS
2024-05-10,0.48780077103376912,0.51219922896623082,1,2,3,0,0,1,True,MARKET_WEAK_WARNING|PROTECTIVE_INVENTORY_PENDING
2024-05-13,0.17273451353166608,0.82726548646833398,1,1,3,0,0,0,False,MARKET_WEAK_WARNING|CASH_FUNDED_SUPPORT_RISK
2024-05-14,0.48341647748540212,0.51658352251459783,1,2,1,0,0,0,False,MARKET_WEAK_WARNING|RETAIN_ACTUAL_UNITS
2024-05-15,0.48369308543292161,0.51630691456707833,1,2,1,0,0,0,False,MARKET_WEAK_WARNING|RETAIN_ACTUAL_UNITS
2024-05-16,0.48270078800914151,0.51729921199085849,1,2,2,0,0,0,False,MARKET_WEAK_WARNING|RETAIN_ACTUAL_UNITS
2024-05-17,0.48601269301361699,0.51398730698638306,1,2,2,0,0,0,False,TREND_OPEN|RETAIN_ACTUAL_UNITS
2024-05-20,0.48923083812028351,0.51076916187971655,1,2,1,0,0,0,False,TREND_OPEN|RETAIN_ACTUAL_UNITS
2024-05-21,0.48506226899648475,0.51493773100351525,1,2,2,0,0,0,False,TREND_OPEN|RETAIN_ACTUAL_UNITS
2024-05-22,0.48212920576007889,0.51787079423992111,1,2,3,0,0,0,False,TREND_OPEN|RETAIN_ACTUAL_UNITS
2024-05-23,0.47890583499298273,0.52109416500701733,1,2,2,0,0,0,False,MARKET_WEAK_WARNING|RETAIN_ACTUAL_UNITS
2024-05-24,0.47471205840508385,0.5252879415949161,1,2,0,0,0,1,True,MARKET_WEAK_WARNING|PROTECTIVE_INVENTORY_PENDING
2024-05-27,0.31432862500699921,0.68567137499300068,1,1,2,0,0,0,False,TREND_OPEN|CASH_FUNDED_SUPPORT_RISK
2024-05-28,0.57967528832059578,0.42032471167940422,1,2,2,0,0,0,False,MARKET_WEAK_WARNING|CASH_FUNDED_SUPPORT_RISK
2024-05-29,0.7455377866454419,0.25446221335455821,1,2,2,0,0,1,True,MARKET_WEAK_WARNING|PROTECTIVE_INVENTORY_PENDING
2024-05-30,0.44385015993455157,0.55614984006544843,1,1,4,0,0,0,False,MARKET_WEAK_WARNING|CASH_FUNDED_SUPPORT_RISK
2024-05-31,0.99680330756889757,0.0031966924311023544,1,2,2,0,0,0,False,MARKET_WEAK_WARNING|RETAIN_ACTUAL_UNITS
2024-06-03,0.99684116328889127,0.0031588367111087096,1,2,4,0,0,0,False,TREND_OPEN|RETAIN_ACTUAL_UNITS
2024-06-04,0.99681088597315637,0.0031891140268435888,1,2,5,0,0,0,False,TREND_OPEN|RETAIN_ACTUAL_UNITS
2024-06-05,0.99677914888361985,0.0032208511163800422,1,2,5,0,0,0,False,TREND_OPEN|RETAIN_ACTUAL_UNITS
2024-06-06,0.99676582296847804,0.0032341770315219122,1,2,6,0,0,0,False,TREND_OPEN|RETAIN_ACTUAL_UNITS
2024-06-07,0.9967140970472721,0.0032859029527278825,1,2,5,0,0,0,False,TREND_OPEN|RETAIN_ACTUAL_UNITS
2024-06-11,0.99682571135024634,0.003174288649753546,1,2,10,0,0,0,False,TREND_OPEN|RETAIN_ACTUAL_UNITS
2024-06-12,0.99692175799897453,0.003078242001025419,1,2,8,0,0,0,False,TREND_OPEN|RETAIN_ACTUAL_UNITS
2024-06-13,0.99693711085013792,0.0030628891498620417,1,2,13,0,0,0,False,TREND_OPEN|RETAIN_ACTUAL_UNITS
2024-06-14,0.99694805967227174,0.0030519403277282304,1,2,9,0,0,0,False,TREND_OPEN|RETAIN_ACTUAL_UNITS
2024-06-17,0.99704031448340369,0.002959685516596255,1,2,11,0,0,0,False,TREND_OPEN|RETAIN_ACTUAL_UNITS
2024-06-18,0.99701944380821383,0.0029805561917861209,1,2,12,0,0,0,False,TREND_OPEN|RETAIN_ACTUAL_UNITS
2024-06-19,0.99700671254965989,0.0029932874503400368,1,2,14,0,0,0,False,TREND_OPEN|RETAIN_ACTUAL_UNITS
2024-06-20,0.99704590506038027,0.0029540949396197123,1,2,14,0,0,0,False,TREND_OPEN|RETAIN_ACTUAL_UNITS
2024-06-21,0.99706092181550265,0.0029390781844972798,1,2,11,0,0,0,False,TREND_OPEN|RETAIN_ACTUAL_UNITS
2024-06-24,0.99696843068891716,0.0030315693110827685,0,2,7,0,0,0,True,CROSS_SECTION_SHOCK|PROTECTIVE_INVENTORY_PENDING
2024-06-25,0.22322144688576531,0.77677855311423472,0,1,2,0,0,0,True,ACCUMULATED_MARKET_SHOCK|PROTECTIVE_INVENTORY_PENDING
2024-06-26,0,1,0,0,4,0,0,0,False,RECOVERY_WAIT
2024-06-27,0,1,0,0,3,0,0,0,False,RECOVERY_WAIT
2024-06-28,0,1,0,0,3,0,0,0,False,RECOVERY_WAIT
2024-07-01,0,1,0,0,3,0,0,0,False,RECOVERY_WAIT
2024-07-02,0,1,0,0,1,0,0,0,False,RECOVERY_WAIT
2024-07-03,0,1,0,0,1,0,0,0,False,RECOVERY_WAIT
2024-07-04,0,1,0,0,1,0,0,0,False,RECOVERY_WAIT
2024-07-05,0,1,0,0,1,0,0,0,False,RECOVERY_WAIT
2024-07-08,0,1,0,0,2,0,0,0,False,RECOVERY_WAIT
2024-07-09,0,1,0,0,6,0,0,0,False,RECOVERY_WAIT
2024-07-10,0,1,0,0,4,0,0,0,False,RECOVERY_WAIT
2024-07-11,0,1,0.5,0,4,0,0,0,False,CONFIRMED_RECOVERY|CASH_FUNDED_SUPPORT_RISK
2024-07-12,0.41479603431442713,0.58520396568557287,0.5,2,4,0,0,0,False,RECOVERY_WAIT|CASH_FUNDED_SUPPORT_RISK
2024-07-15,0.5003303711064585,0.49966962889354155,0.5,2,6,0,0,0,False,RECOVERY_WAIT|RETAIN_ACTUAL_UNITS
2024-07-16,0.50267617288677346,0.49732382711322654,1,2,9,0,0,0,False,CONFIRMED_RECOVERY|CASH_FUNDED_SUPPORT_RISK
2024-07-17,0.72328128937656655,0.27671871062343351,1,2,6,0,0,0,False,TREND_OPEN|RETAIN_ACTUAL_UNITS
2024-07-18,0.72107346523355709,0.27892653476644302,1,2,7,0,0,1,True,TREND_OPEN|PROTECTIVE_INVENTORY_PENDING
2024-07-19,0.54802972238500058,0.45197027761499936,1,1,9,0,0,0,False,TREND_OPEN|CASH_FUNDED_SUPPORT_RISK
2024-07-22,0.98958606903845403,0.010413930961545914,1,2,12,0,0,0,False,TREND_OPEN|RETAIN_ACTUAL_UNITS
2024-07-23,0.98883471023970104,0.011165289760298963,0,2,4,0,0,1,True,CROSS_SECTION_SHOCK|PROTECTIVE_INVENTORY_PENDING
2024-07-24,0,1,0,0,2,0,0,0,False,ACCUMULATED_MARKET_SHOCK
2024-07-25,0,1,0,0,1,0,0,0,False,ACCUMULATED_MARKET_SHOCK
2024-07-26,0,1,0,0,0,0,0,0,False,RECOVERY_WAIT
2024-07-29,0,1,0,0,0,0,0,0,False,RECOVERY_WAIT
2024-07-30,0,1,0,0,0,0,0,0,False,RECOVERY_WAIT
2024-07-31,0,1,0,0,2,0,0,0,False,RECOVERY_WAIT
2024-08-01,0,1,0,0,3,0,0,0,False,RECOVERY_WAIT
2024-08-02,0,1,0,0,1,0,0,0,False,RECOVERY_WAIT
2024-08-05,0,1,0,0,0,0,0,0,False,RECOVERY_WAIT
2024-08-06,0,1,0,0,2,0,0,0,False,RECOVERY_WAIT
2024-08-07,0,1,0,0,1,0,0,0,False,RECOVERY_WAIT
2024-08-08,0,1,0,0,1,0,0,0,False,RECOVERY_WAIT
2024-08-09,0,1,0,0,0,0,0,0,False,RECOVERY_WAIT
2024-08-12,0,1,0,0,0,0,0,0,False,RECOVERY_WAIT
2024-08-13,0,1,0,0,0,0,0,0,False,RECOVERY_WAIT
2024-08-14,0,1,0,0,0,0,0,0,False,RECOVERY_WAIT
2024-08-15,0,1,0,0,0,0,0,0,False,RECOVERY_WAIT
2024-08-16,0,1,0,0,0,0,0,0,False,RECOVERY_WAIT
2024-08-19,0,1,0,0,2,0,0,0,False,RECOVERY_WAIT
2024-08-20,0,1,0,0,2,0,0,0,False,RECOVERY_WAIT
2024-08-21,0,1,0,0,2,0,0,0,False,RECOVERY_WAIT
2024-08-22,0,1,0,0,2,0,0,0,False,RECOVERY_WAIT
2024-08-23,0,1,0,0,2,0,0,0,False,RECOVERY_WAIT
2024-08-26,0,1,0,0,0,0,0,0,False,RECOVERY_WAIT
2024-08-27,0,1,0,0,0,0,0,0,False,RECOVERY_WAIT
2024-08-28,0,1,0,0,0,0,0,0,False,RECOVERY_WAIT
2024-08-29,0,1,0,0,0,0,0,0,False,RECOVERY_WAIT
2024-08-30,0,1,0,0,1,0,0,0,False,RECOVERY_WAIT
2024-09-02,0,1,0,0,0,0,0,0,False,CROSS_SECTION_SHOCK
2024-09-03,0,1,0,0,0,0,0,0,False,RECOVERY_WAIT
2024-09-04,0,1,0,0,0,0,0,0,False,RECOVERY_WAIT
2024-09-05,0,1,0,0,0,0,0,0,False,RECOVERY_WAIT
2024-09-06,0,1,0,0,0,0,0,0,False,RECOVERY_WAIT
2024-09-09,0,1,0,0,0,0,0,0,False,RECOVERY_WAIT
2024-09-10,0,1,0,0,0,0,0,0,False,RECOVERY_WAIT
2024-09-11,0,1,0,0,0,0,0,0,False,RECOVERY_WAIT
2024-09-12,0,1,0,0,0,0,0,0,False,RECOVERY_WAIT
2024-09-13,0,1,0,0,1,0,0,0,False,RECOVERY_WAIT
2024-09-18,0,1,0,0,0,0,0,0,False,RECOVERY_WAIT
2024-09-19,0,1,0,0,0,0,0,0,False,RECOVERY_WAIT
2024-09-20,0,1,0,0,0,0,0,0,False,RECOVERY_WAIT
2024-09-23,0,1,0,0,0,0,0,0,False,RECOVERY_WAIT
2024-09-24,0,1,0,0,1,0,0,0,False,RECOVERY_WAIT
2024-09-25,0,1,0,0,2,0,0,0,False,RECOVERY_WAIT
2024-09-26,0,1,0.5,0,3,0,0,0,False,CONFIRMED_RECOVERY|CASH_FUNDED_SUPPORT_RISK
2024-09-27,0.5204141797607148,0.47958582023928525,0.5,2,6,0,0,0,False,RECOVERY_WAIT|RETAIN_ACTUAL_UNITS
2024-09-30,0.56337997076861912,0.43662002923138082,0.5,2,12,0,0,0,False,RECOVERY_WAIT|RETAIN_ACTUAL_UNITS
2024-10-08,0.60701434872625815,0.39298565127374196,1,2,26,2,0,0,False,CONFIRMED_RECOVERY|CASH_FUNDED_SUPPORT_RISK
2024-10-09,0.88330640327339993,0.11669359672660004,1,2,29,2,0,0,False,TREND_OPEN|RETAIN_ACTUAL_UNITS
2024-10-10,0.88120903156084684,0.1187909684391532,1,2,29,2,1,0,True,TREND_OPEN|PROTECTIVE_INVENTORY_PENDING
2024-10-11,0.57683780013782116,0.42316219986217873,1,1,28,1,0,0,False,TREND_OPEN|CASH_FUNDED_SUPPORT_RISK
2024-10-14,0.75713664809465786,0.24286335190534206,1,2,29,1,0,0,False,TREND_OPEN|RETAIN_ACTUAL_UNITS
2024-10-15,0.74637212476127601,0.25362787523872399,1,2,21,1,0,0,False,TREND_OPEN|RETAIN_ACTUAL_UNITS
2024-10-16,0.74026086768761779,0.25973913231238221,1,2,7,1,0,0,False,MARKET_WEAK_WARNING|RETAIN_ACTUAL_UNITS
2024-10-17,0.74571996761472115,0.2542800323852788,1,2,5,1,0,0,False,MARKET_WEAK_WARNING|RETAIN_ACTUAL_UNITS
2024-10-18,0.77274014551615444,0.22725985448384553,1,2,7,1,0,0,False,TREND_OPEN|RETAIN_ACTUAL_UNITS
2024-10-21,0.77264773852535107,0.22735226147464885,1,2,9,1,0,0,False,TREND_OPEN|RETAIN_ACTUAL_UNITS
2024-10-22,0.76689612397965334,0.2331038760203466,1,2,8,1,0,0,False,TREND_OPEN|RETAIN_ACTUAL_UNITS
2024-10-23,0.76345211377209998,0.23654788622789996,1,2,7,1,0,0,False,TREND_OPEN|RETAIN_ACTUAL_UNITS
2024-10-24,0.76289390875326013,0.23710609124673984,1,2,16,1,0,0,False,TREND_OPEN|RETAIN_ACTUAL_UNITS
2024-10-25,0.760572344018702,0.23942765598129792,1,2,25,1,0,0,False,TREND_OPEN|RETAIN_ACTUAL_UNITS
2024-10-28,0.76271405882683951,0.23728594117316043,1,2,23,1,0,0,False,TREND_OPEN|RETAIN_ACTUAL_UNITS
2024-10-29,0.76676503600738388,0.23323496399261603,1,2,21,1,0,0,False,TREND_OPEN|RETAIN_ACTUAL_UNITS
2024-10-30,0.76667750972329529,0.23332249027670462,1,2,14,1,0,0,False,TREND_OPEN|RETAIN_ACTUAL_UNITS
2024-10-31,0.77087188312819288,0.22912811687180712,1,2,16,1,0,0,False,TREND_OPEN|RETAIN_ACTUAL_UNITS
2024-11-01,0.76128942297561208,0.23871057702438789,1,2,8,1,0,0,False,MARKET_WEAK_WARNING|RETAIN_ACTUAL_UNITS
2024-11-04,0.76189177598694424,0.23810822401305573,1,2,13,1,0,0,False,TREND_OPEN|RETAIN_ACTUAL_UNITS
2024-11-05,0.76998076118938252,0.23001923881061742,1,2,18,1,0,0,False,TREND_OPEN|RETAIN_ACTUAL_UNITS
2024-11-06,0.77575151923224617,0.22424848076775378,1,2,19,1,0,0,False,TREND_OPEN|RETAIN_ACTUAL_UNITS
2024-11-07,0.78553570516065274,0.21446429483934726,1,2,25,1,0,0,False,TREND_OPEN|RETAIN_ACTUAL_UNITS
2024-11-08,0.77670432157588098,0.22329567842411899,1,2,25,1,0,0,False,TREND_OPEN|RETAIN_ACTUAL_UNITS
2024-11-11,0.77857333726158506,0.22142666273841491,1,2,26,1,0,0,False,TREND_OPEN|RETAIN_ACTUAL_UNITS
2024-11-12,0.76844477824738133,0.2315552217526187,1,2,25,1,0,0,False,TREND_OPEN|RETAIN_ACTUAL_UNITS
2024-11-13,0.77606303912879548,0.22393696087120443,1,2,24,1,0,0,False,TREND_OPEN|RETAIN_ACTUAL_UNITS
2024-11-14,0.77087075717092568,0.22912924282907432,1,2,16,1,0,0,False,TREND_OPEN|RETAIN_ACTUAL_UNITS
2024-11-15,0.76424176325733328,0.23575823674266669,1,2,2,1,1,0,True,MARKET_WEAK_WARNING|PROTECTIVE_INVENTORY_PENDING
2024-11-18,0.22159939795333536,0.77840060204666472,1,1,2,0,0,0,False,MARKET_WEAK_WARNING|CASH_FUNDED_SUPPORT_RISK
2024-11-19,0.56456957286086129,0.43543042713913865,1,2,3,0,0,0,False,MARKET_WEAK_WARNING|RETAIN_ACTUAL_UNITS
2024-11-20,0.58176368783987653,0.41823631216012341,1,2,2,1,0,0,False,MARKET_WEAK_WARNING|RETAIN_ACTUAL_UNITS
2024-11-21,0.59368548643441665,0.40631451356558329,1,2,2,1,0,0,False,MARKET_WEAK_WARNING|RETAIN_ACTUAL_UNITS
2024-11-22,0.59716232556468285,0.40283767443531715,1,2,2,1,0,0,False,MARKET_WEAK_WARNING|RETAIN_ACTUAL_UNITS
2024-11-25,0.61131805126970629,0.38868194873029366,1,2,2,1,0,0,False,MARKET_WEAK_WARNING|RETAIN_ACTUAL_UNITS
2024-11-26,0.5945287436520188,0.40547125634798126,1,2,2,1,0,0,False,MARKET_WEAK_WARNING|RETAIN_ACTUAL_UNITS
2024-11-27,0.58826062468592066,0.41173937531407939,1,2,1,1,1,0,True,MARKET_WEAK_WARNING|PROTECTIVE_INVENTORY_PENDING
2024-11-28,0.24909703261366486,0.75090296738633522,1,1,2,0,0,0,False,MARKET_WEAK_WARNING|CASH_FUNDED_SUPPORT_RISK
2024-11-29,0.44756653259743395,0.55243346740256594,1,1,7,0,0,0,False,TREND_OPEN|CASH_FUNDED_SUPPORT_RISK
2024-12-02,0.48409894609090981,0.51590105390909025,1,2,9,0,0,0,False,TREND_OPEN|RETAIN_ACTUAL_UNITS
2024-12-03,0.48687709589745426,0.5131229041025458,1,2,6,0,0,0,False,TREND_OPEN|RETAIN_ACTUAL_UNITS
2024-12-04,0.47942285643465915,0.52057714356534091,1,2,7,0,0,0,False,TREND_OPEN|RETAIN_ACTUAL_UNITS
2024-12-05,0.48662770695660568,0.51337229304339438,1,2,5,0,0,0,False,TREND_OPEN|RETAIN_ACTUAL_UNITS
2024-12-06,0.48013307207844286,0.5198669279215572,1,2,8,0,0,0,False,TREND_OPEN|RETAIN_ACTUAL_UNITS
2024-12-09,0.4731604819190357,0.5268395180809643,1,2,5,0,0,1,True,MARKET_WEAK_WARNING|PROTECTIVE_INVENTORY_PENDING
2024-12-10,0.43769862434437584,0.5623013756556241,1,1,7,0,0,0,False,MARKET_WEAK_WARNING|CASH_FUNDED_SUPPORT_RISK
2024-12-11,0.63119587968561297,0.36880412031438708,1,2,4,0,0,0,False,MARKET_WEAK_WARNING|RETAIN_ACTUAL_UNITS
2024-12-12,0.64120144247299182,0.35879855752700829,1,2,6,0,0,0,False,MARKET_WEAK_WARNING|RETAIN_ACTUAL_UNITS
2024-12-13,0.63875747764032531,0.36124252235967474,1,2,3,0,0,0,False,MARKET_WEAK_WARNING|RETAIN_ACTUAL_UNITS
2024-12-16,0.63569577125198506,0.36430422874801494,1,2,1,0,0,0,False,MARKET_WEAK_WARNING|RETAIN_ACTUAL_UNITS
2024-12-17,0.63332324651201721,0.3666767534879829,1,2,2,0,0,0,False,MARKET_WEAK_WARNING|RETAIN_ACTUAL_UNITS
2024-12-18,0.64689680923555082,0.35310319076444913,1,2,5,1,0,0,False,MARKET_WEAK_WARNING|RETAIN_ACTUAL_UNITS
2024-12-19,0.65150346871701414,0.34849653128298597,1,2,6,1,0,1,True,TREND_OPEN|PROTECTIVE_INVENTORY_PENDING
2024-12-20,0.50287179393963166,0.49712820606036834,1,1,6,1,0,0,False,TREND_OPEN|CASH_FUNDED_SUPPORT_RISK
2024-12-23,0.52865006811439019,0.47134993188560986,1,2,7,1,0,0,False,TREND_OPEN|RETAIN_ACTUAL_UNITS
2024-12-24,0.5314836081049602,0.46851639189503974,1,2,9,1,0,0,False,TREND_OPEN|RETAIN_ACTUAL_UNITS
2024-12-25,0.53257199499717622,0.46742800500282378,1,2,10,1,0,0,False,TREND_OPEN|RETAIN_ACTUAL_UNITS
2024-12-26,0.53113250355279007,0.46886749644720993,1,2,9,1,0,0,False,TREND_OPEN|CASH_FUNDED_SUPPORT_RISK
2024-12-27,0.61022749707411694,0.38977250292588311,1,2,9,1,0,0,False,TREND_OPEN|RETAIN_ACTUAL_UNITS
2024-12-30,0.62078365773045407,0.37921634226954581,1,2,8,1,0,0,False,TREND_OPEN|RETAIN_ACTUAL_UNITS
2024-12-31,0.61129643180848647,0.38870356819151358,0,2,3,1,0,0,True,CROSS_SECTION_SHOCK|PROTECTIVE_INVENTORY_PENDING
2025-01-02,0,1,0,0,0,0,0,0,False,ACCUMULATED_MARKET_SHOCK
2025-01-03,0,1,0,0,0,0,0,0,False,ACCUMULATED_MARKET_SHOCK
2025-01-06,0,1,0,0,0,0,0,0,False,RECOVERY_WAIT
2025-01-07,0,1,0,0,1,0,0,0,False,RECOVERY_WAIT
2025-01-08,0,1,0,0,1,0,0,0,False,RECOVERY_WAIT
2025-01-09,0,1,0,0,1,0,0,0,False,RECOVERY_WAIT
2025-01-10,0,1,0,0,1,0,0,0,False,RECOVERY_WAIT
2025-01-13,0,1,0,0,2,0,0,0,False,RECOVERY_WAIT
2025-01-14,0,1,0,0,3,0,0,0,False,RECOVERY_WAIT
2025-01-15,0,1,0.5,0,3,0,0,0,False,CONFIRMED_RECOVERY|CASH_FUNDED_SUPPORT_RISK
2025-01-16,0.25735973931613271,0.74264026068386735,0.5,2,5,0,0,1,True,RECOVERY_WAIT|PROTECTIVE_INVENTORY_PENDING
2025-01-17,0.14375462615835019,0.85624537384164978,0.5,1,5,0,0,0,False,RECOVERY_WAIT|CASH_FUNDED_SUPPORT_RISK
2025-01-20,0.28102430057130567,0.71897569942869433,1,1,6,0,0,0,False,CONFIRMED_RECOVERY|CASH_FUNDED_SUPPORT_RISK
2025-01-21,0.59474965393356283,0.40525034606643723,1,2,7,0,0,0,False,TREND_OPEN|RETAIN_ACTUAL_UNITS
2025-01-22,0.61724593069730749,0.38275406930269246,1,2,6,0,0,0,False,TREND_OPEN|RETAIN_ACTUAL_UNITS
2025-01-23,0.60789037016646152,0.39210962983353848,1,2,6,0,0,0,False,TREND_OPEN|RETAIN_ACTUAL_UNITS
2025-01-24,0.6151486037657079,0.3848513962342921,1,2,5,0,0,0,False,TREND_OPEN|RETAIN_ACTUAL_UNITS
2025-01-27,0.60074534402876267,0.39925465597123733,1,2,2,0,0,0,False,MARKET_WEAK_WARNING|RETAIN_ACTUAL_UNITS
2025-02-05,0.59142789504036208,0.40857210495963803,1,2,1,0,0,0,False,MARKET_WEAK_WARNING|RETAIN_ACTUAL_UNITS
2025-02-06,0.6116443177901133,0.3883556822098867,1,2,9,0,0,0,False,TREND_OPEN|RETAIN_ACTUAL_UNITS
2025-02-07,0.61543912709965753,0.38456087290034241,1,2,10,0,0,0,False,TREND_OPEN|RETAIN_ACTUAL_UNITS
2025-02-10,0.60944445612726827,0.39055554387273173,1,2,9,0,0,0,False,TREND_OPEN|RETAIN_ACTUAL_UNITS
2025-02-11,0.61624742997316628,0.38375257002683366,1,2,8,0,0,0,False,TREND_OPEN|RETAIN_ACTUAL_UNITS
2025-02-12,0.62047983019080366,0.37952016980919634,1,2,11,0,0,0,False,TREND_OPEN|RETAIN_ACTUAL_UNITS
2025-02-13,0.60819615808601946,0.39180384191398049,1,2,5,0,0,0,False,TREND_OPEN|RETAIN_ACTUAL_UNITS
2025-02-14,0.60202601211371265,0.39797398788628741,1,2,4,0,0,0,False,MARKET_WEAK_WARNING|RETAIN_ACTUAL_UNITS
2025-02-17,0.60391258865241693,0.39608741134758307,1,2,9,0,0,0,False,TREND_OPEN|RETAIN_ACTUAL_UNITS
2025-02-18,0.59706487469502845,0.40293512530497155,1,2,6,0,0,0,False,TREND_OPEN|RETAIN_ACTUAL_UNITS
2025-02-19,0.60436340118184817,0.39563659881815177,1,2,11,0,0,0,False,TREND_OPEN|RETAIN_ACTUAL_UNITS
2025-02-20,0.61078756023307468,0.38921243976692532,1,2,9,0,0,0,False,TREND_OPEN|RETAIN_ACTUAL_UNITS
2025-02-21,0.61749059516912452,0.38250940483087553,1,2,19,0,0,0,False,TREND_OPEN|RETAIN_ACTUAL_UNITS
2025-02-24,0.60573210588327531,0.39426789411672475,1,2,23,0,0,1,True,TREND_OPEN|PROTECTIVE_INVENTORY_PENDING
2025-02-25,0.28722303378539504,0.71277696621460496,1,1,23,0,0,0,False,TREND_OPEN|CASH_FUNDED_SUPPORT_RISK
2025-02-26,0.57448913095260967,0.42551086904739033,1,2,26,0,0,0,False,TREND_OPEN|CASH_FUNDED_SUPPORT_RISK
2025-02-27,0.68998959858138764,0.3100104014186123,1,2,24,0,0,0,False,TREND_OPEN|RETAIN_ACTUAL_UNITS
2025-02-28,0.67866272629737667,0.32133727370262322,1,2,9,0,0,0,False,MARKET_WEAK_WARNING|RETAIN_ACTUAL_UNITS
2025-03-03,0.66955393600583357,0.33044606399416648,1,2,3,0,0,0,False,MARKET_WEAK_WARNING|RETAIN_ACTUAL_UNITS
2025-03-04,0.67184005716368744,0.32815994283631261,1,2,6,0,0,0,False,MARKET_WEAK_WARNING|RETAIN_ACTUAL_UNITS
2025-03-05,0.67738430997291454,0.3226156900270854,1,2,3,0,0,0,False,MARKET_WEAK_WARNING|RETAIN_ACTUAL_UNITS
2025-03-06,0.68924893948667765,0.31075106051332224,1,2,5,0,0,0,False,TREND_OPEN|RETAIN_ACTUAL_UNITS
2025-03-07,0.68310732480257275,0.31689267519742736,1,2,3,0,0,0,False,MARKET_WEAK_WARNING|RETAIN_ACTUAL_UNITS
2025-03-10,0.68643327487000871,0.31356672512999134,1,2,4,0,0,0,False,TREND_OPEN|RETAIN_ACTUAL_UNITS
2025-03-11,0.68564491554242923,0.31435508445757082,1,2,3,0,0,1,True,MARKET_WEAK_WARNING|PROTECTIVE_INVENTORY_PENDING
2025-03-12,0.40664635759567452,0.59335364240432542,1,1,0,0,0,0,False,MARKET_WEAK_WARNING|RETAIN_ACTUAL_UNITS
2025-03-13,0.3964769948420907,0.60352300515790924,1,1,0,0,0,0,False,MARKET_WEAK_WARNING|RETAIN_ACTUAL_UNITS
2025-03-14,0.40160653530386142,0.59839346469613863,1,1,2,0,0,0,False,MARKET_WEAK_WARNING|CASH_FUNDED_SUPPORT_RISK
2025-03-17,0.69930633350977323,0.30069366649022672,1,2,2,0,0,0,False,MARKET_WEAK_WARNING|RETAIN_ACTUAL_UNITS
2025-03-18,0.69745546798653668,0.30254453201346321,1,2,1,0,0,0,False,MARKET_WEAK_WARNING|RETAIN_ACTUAL_UNITS
2025-03-19,0.68839778284807673,0.31160221715192327,0.5,2,1,0,0,0,True,PORTFOLIO_WARNING|PROTECTIVE_INVENTORY_PENDING
2025-03-20,0.4993243261576184,0.50067567384238165,0.5,2,0,0,0,0,True,RECOVERY_WAIT|PROTECTIVE_INVENTORY_PENDING
2025-03-21,0.45265763799942649,0.54734236200057351,0.5,2,0,0,0,1,True,RECOVERY_WAIT|PROTECTIVE_INVENTORY_PENDING
2025-03-24,0.22036673114489691,0.77963326885510309,0.5,1,1,0,0,0,False,RECOVERY_WAIT|CASH_FUNDED_SUPPORT_RISK
2025-03-25,0.49147696379233924,0.50852303620766071,0.5,2,0,0,0,0,False,RECOVERY_WAIT|RETAIN_ACTUAL_UNITS
2025-03-26,0.49529397966052036,0.50470602033947964,0.5,2,2,0,0,0,False,RECOVERY_WAIT|RETAIN_ACTUAL_UNITS
2025-03-27,0.50926666014897348,0.49073333985102652,0.5,2,4,0,0,0,False,RECOVERY_WAIT|RETAIN_ACTUAL_UNITS
2025-03-28,0.50269382309452293,0.49730617690547707,0.5,2,3,0,0,0,False,RECOVERY_WAIT|RETAIN_ACTUAL_UNITS
2025-03-31,0.50620470937317297,0.49379529062682709,0.5,2,3,0,0,0,False,RECOVERY_WAIT|RETAIN_ACTUAL_UNITS
2025-04-01,0.50142792526242241,0.4985720747375777,0.5,2,4,0,0,0,False,RECOVERY_WAIT|RETAIN_ACTUAL_UNITS
2025-04-02,0.49727681091969528,0.50272318908030467,0.5,2,3,0,0,0,False,RECOVERY_WAIT|RETAIN_ACTUAL_UNITS
2025-04-03,0.49121326700794421,0.50878673299205579,0.5,2,1,0,0,1,True,RECOVERY_WAIT|PROTECTIVE_INVENTORY_PENDING
2025-04-07,0.27048929628987672,0.72951070371012328,0,1,0,0,0,1,True,CROSS_SECTION_SHOCK|PROTECTIVE_INVENTORY_PENDING
2025-04-08,0,1,0,0,0,0,0,0,False,ACCUMULATED_MARKET_SHOCK
2025-04-09,0,1,0,0,1,0,0,0,False,ACCUMULATED_MARKET_SHOCK
2025-04-10,0,1,0,0,0,0,0,0,False,RECOVERY_WAIT
2025-04-11,0,1,0,0,3,0,0,0,False,RECOVERY_WAIT
2025-04-14,0,1,0,0,2,0,0,0,False,RECOVERY_WAIT
2025-04-15,0,1,0.5,0,2,0,0,0,False,CONFIRMED_RECOVERY|CASH_FUNDED_SUPPORT_RISK
2025-04-16,0.46461137347102716,0.5353886265289729,0.5,2,3,0,0,0,False,RECOVERY_WAIT|RETAIN_ACTUAL_UNITS
2025-04-17,0.46183931426382202,0.53816068573617803,0.5,2,3,0,0,0,False,RECOVERY_WAIT|RETAIN_ACTUAL_UNITS
2025-04-18,0.45535043047898349,0.54464956952101662,1,2,2,0,0,0,False,CONFIRMED_RECOVERY|RETAIN_ACTUAL_UNITS
2025-04-21,0.45753722288793885,0.54246277711206115,1,2,3,0,0,0,False,TREND_OPEN|RETAIN_ACTUAL_UNITS
2025-04-22,0.46267017231644886,0.53732982768355109,1,2,3,0,0,0,False,TREND_OPEN|RETAIN_ACTUAL_UNITS
2025-04-23,0.45841467117074952,0.54158532882925048,1,2,3,0,0,0,False,TREND_OPEN|RETAIN_ACTUAL_UNITS
2025-04-24,0.45432812282130675,0.54567187717869314,1,2,2,0,0,0,False,MARKET_WEAK_WARNING|RETAIN_ACTUAL_UNITS
2025-04-25,0.45339247280811179,0.5466075271918881,1,2,1,0,0,0,False,TREND_OPEN|RETAIN_ACTUAL_UNITS
2025-04-28,0.4542349883556997,0.54576501164430025,1,2,0,0,0,0,False,TREND_OPEN|RETAIN_ACTUAL_UNITS
2025-04-29,0.45494980856867351,0.54505019143132638,1,2,2,0,0,0,False,TREND_OPEN|RETAIN_ACTUAL_UNITS
2025-04-30,0.45424992772761086,0.54575007227238903,1,2,2,0,0,0,False,TREND_OPEN|RETAIN_ACTUAL_UNITS
2025-05-06,0.46012621472839782,0.53987378527160212,1,2,5,0,0,0,False,TREND_OPEN|RETAIN_ACTUAL_UNITS
2025-05-07,0.45633999047023222,0.54366000952976778,1,2,6,0,0,0,False,TREND_OPEN|RETAIN_ACTUAL_UNITS
2025-05-08,0.45645801390270146,0.54354198609729842,1,2,8,0,0,0,False,TREND_OPEN|RETAIN_ACTUAL_UNITS
2025-05-09,0.45099161637393376,0.54900838362606619,1,2,8,0,0,1,True,TREND_OPEN|PROTECTIVE_INVENTORY_PENDING
2025-05-12,0.15435987237254789,0.845640127627452,1,1,10,0,0,0,False,TREND_OPEN|CASH_FUNDED_SUPPORT_RISK
2025-05-13,0.52777606841165448,0.47222393158834552,1,2,8,0,0,0,False,MARKET_WEAK_WARNING|RETAIN_ACTUAL_UNITS
2025-05-14,0.52834275037615785,0.4716572496238422,1,2,7,0,0,0,False,TREND_OPEN|RETAIN_ACTUAL_UNITS
2025-05-15,0.52467670283126955,0.47532329716873045,1,2,3,0,0,1,True,MARKET_WEAK_WARNING|PROTECTIVE_INVENTORY_PENDING
2025-05-16,0.37606696222881419,0.62393303777118569,1,1,1,0,0,0,False,MARKET_WEAK_WARNING|CASH_FUNDED_SUPPORT_RISK
2025-05-19,0.75098955636403264,0.24901044363596739,1,2,1,0,0,0,False,MARKET_WEAK_WARNING|RETAIN_ACTUAL_UNITS
2025-05-20,0.75070369981900464,0.24929630018099536,1,2,1,0,0,0,False,MARKET_WEAK_WARNING|RETAIN_ACTUAL_UNITS
2025-05-21,0.75082585922674239,0.24917414077325759,1,2,0,0,0,0,False,MARKET_WEAK_WARNING|RETAIN_ACTUAL_UNITS
2025-05-22,0.74671173888408016,0.25328826111591979,1,2,1,0,0,0,False,MARKET_WEAK_WARNING|RETAIN_ACTUAL_UNITS
2025-05-23,0.74048582960234277,0.25951417039765723,1,2,0,0,1,0,True,MARKET_WEAK_WARNING|PROTECTIVE_INVENTORY_PENDING
2025-05-26,0.38011513055220186,0.61988486944779819,1,1,2,0,0,0,False,MARKET_WEAK_WARNING|CASH_FUNDED_SUPPORT_RISK
2025-05-27,0.66545975733407459,0.33454024266592552,1,2,1,0,0,0,False,MARKET_WEAK_WARNING|RETAIN_ACTUAL_UNITS
2025-05-28,0.67924940865662942,0.32075059134337053,1,2,2,0,0,0,False,MARKET_WEAK_WARNING|RETAIN_ACTUAL_UNITS
2025-05-29,0.68019960269419866,0.31980039730580123,1,2,1,0,0,0,False,TREND_OPEN|RETAIN_ACTUAL_UNITS
2025-05-30,0.67264020539704783,0.32735979460295206,1,2,1,0,0,0,False,MARKET_WEAK_WARNING|RETAIN_ACTUAL_UNITS
2025-06-03,0.66335753543986031,0.33664246456013963,1,2,3,0,0,0,False,MARKET_WEAK_WARNING|RETAIN_ACTUAL_UNITS
2025-06-04,0.67829767803273144,0.3217023219672685,1,2,3,0,0,0,False,TREND_OPEN|RETAIN_ACTUAL_UNITS
2025-06-05,0.69626958518858872,0.30373041481141133,1,2,5,0,0,0,False,TREND_OPEN|RETAIN_ACTUAL_UNITS
2025-06-06,0.69290833923267448,0.30709166076732541,1,2,6,0,0,0,False,TREND_OPEN|RETAIN_ACTUAL_UNITS
2025-06-09,0.69482303129948553,0.30517696870051447,1,2,6,0,0,0,False,TREND_OPEN|RETAIN_ACTUAL_UNITS
2025-06-10,0.69396300194868377,0.30603699805131629,1,2,6,0,0,0,False,TREND_OPEN|RETAIN_ACTUAL_UNITS
2025-06-11,0.69461736585979261,0.30538263414020733,1,2,6,0,0,0,False,TREND_OPEN|RETAIN_ACTUAL_UNITS
2025-06-12,0.70177934655146945,0.2982206534485306,1,2,6,0,0,0,False,MARKET_WEAK_WARNING|RETAIN_ACTUAL_UNITS
2025-06-13,0.69971377096974519,0.30028622903025476,1,2,5,0,0,0,False,MARKET_WEAK_WARNING|RETAIN_ACTUAL_UNITS
2025-06-16,0.71083260790936587,0.28916739209063408,1,2,7,0,0,0,False,TREND_OPEN|RETAIN_ACTUAL_UNITS
2025-06-17,0.71201314050159692,0.28798685949840308,1,2,7,1,0,0,False,MARKET_WEAK_WARNING|RETAIN_ACTUAL_UNITS
2025-06-18,0.72858200909590076,0.27141799090409924,1,2,8,1,0,0,False,TREND_OPEN|RETAIN_ACTUAL_UNITS
2025-06-19,0.72439715179961961,0.27560284820038033,1,2,8,1,0,0,False,TREND_OPEN|RETAIN_ACTUAL_UNITS
2025-06-20,0.71449653843519445,0.28550346156480544,1,2,6,1,0,1,True,TREND_OPEN|PROTECTIVE_INVENTORY_PENDING
2025-06-23,0.41174722933145452,0.58825277066854553,1,1,7,0,0,0,False,TREND_OPEN|CASH_FUNDED_SUPPORT_RISK
2025-06-24,0.69625335188806614,0.3037466481119338,1,2,13,0,0,0,False,TREND_OPEN|RETAIN_ACTUAL_UNITS
2025-06-25,0.69672950802795186,0.30327049197204814,1,2,12,0,0,0,False,TREND_OPEN|RETAIN_ACTUAL_UNITS
2025-06-26,0.69905315662180678,0.30094684337819316,1,2,11,0,0,0,False,TREND_OPEN|RETAIN_ACTUAL_UNITS
2025-06-27,0.70920184187550384,0.29079815812449611,1,2,15,1,0,0,False,TREND_OPEN|RETAIN_ACTUAL_UNITS
2025-06-30,0.72214883230217297,0.27785116769782697,1,2,15,1,0,0,False,TREND_OPEN|RETAIN_ACTUAL_UNITS
2025-07-01,0.72085351341431059,0.27914648658568936,1,2,17,1,0,0,False,TREND_OPEN|RETAIN_ACTUAL_UNITS
2025-07-02,0.71985973152175087,0.28014026847824919,1,2,10,1,0,0,False,TREND_OPEN|RETAIN_ACTUAL_UNITS
2025-07-03,0.72149120260112976,0.27850879739887024,1,2,10,1,0,0,False,TREND_OPEN|RETAIN_ACTUAL_UNITS
2025-07-04,0.7134398512495278,0.2865601487504722,1,2,10,1,0,0,False,MARKET_WEAK_WARNING|RETAIN_ACTUAL_UNITS
2025-07-07,0.71267686952018849,0.28732313047981151,1,2,7,1,0,0,False,TREND_OPEN|RETAIN_ACTUAL_UNITS
2025-07-08,0.72640137223834345,0.27359862776165661,1,2,9,1,0,0,False,TREND_OPEN|RETAIN_ACTUAL_UNITS
2025-07-09,0.72130019413147017,0.27869980586852983,1,2,3,1,0,0,False,MARKET_WEAK_WARNING|RETAIN_ACTUAL_UNITS
2025-07-10,0.71863707724343695,0.28136292275656299,1,2,3,1,0,0,False,MARKET_WEAK_WARNING|RETAIN_ACTUAL_UNITS
2025-07-11,0.7164004716370459,0.28359952836295405,1,2,5,1,0,0,False,TREND_OPEN|RETAIN_ACTUAL_UNITS
2025-07-14,0.72201943053288464,0.2779805694671153,1,2,3,1,0,0,False,MARKET_WEAK_WARNING|RETAIN_ACTUAL_UNITS
2025-07-15,0.72976571174425253,0.27023428825574747,1,2,4,1,0,0,False,TREND_OPEN|RETAIN_ACTUAL_UNITS
2025-07-16,0.72928282231017583,0.27071717768982417,1,2,3,1,0,0,False,MARKET_WEAK_WARNING|RETAIN_ACTUAL_UNITS
2025-07-17,0.74327411880592031,0.25672588119407969,1,2,6,1,0,0,False,TREND_OPEN|RETAIN_ACTUAL_UNITS
2025-07-18,0.73332061353332623,0.26667938646667377,1,2,6,1,0,0,False,TREND_OPEN|RETAIN_ACTUAL_UNITS
2025-07-21,0.72594605009603186,0.27405394990396814,1,2,6,1,0,0,False,TREND_OPEN|RETAIN_ACTUAL_UNITS
2025-07-22,0.72969893005836606,0.27030106994163389,1,2,5,1,0,0,False,TREND_OPEN|RETAIN_ACTUAL_UNITS
2025-07-23,0.7288582486316566,0.2711417513683434,1,2,11,1,0,0,False,TREND_OPEN|RETAIN_ACTUAL_UNITS
2025-07-24,0.72195648947500402,0.27804351052499598,1,2,13,1,0,0,False,TREND_OPEN|RETAIN_ACTUAL_UNITS
2025-07-25,0.7228539664452136,0.2771460335547864,1,2,18,1,0,0,False,TREND_OPEN|RETAIN_ACTUAL_UNITS
2025-07-28,0.72790196403007112,0.27209803596992893,1,2,17,1,0,0,False,TREND_OPEN|RETAIN_ACTUAL_UNITS
2025-07-29,0.74295388674488605,0.25704611325511389,1,2,18,1,0,0,False,TREND_OPEN|RETAIN_ACTUAL_UNITS
2025-07-30,0.75343610275072925,0.24656389724927069,1,2,17,2,0,0,False,TREND_OPEN|RETAIN_ACTUAL_UNITS
2025-07-31,0.76311876952795688,0.23688123047204301,1,2,11,2,0,0,False,TREND_OPEN|RETAIN_ACTUAL_UNITS
2025-08-01,0.75491101227781632,0.24508898772218365,1,2,10,2,0,0,False,TREND_OPEN|RETAIN_ACTUAL_UNITS
2025-08-04,0.75356527478941016,0.24643472521058982,1,2,10,2,0,0,False,TREND_OPEN|RETAIN_ACTUAL_UNITS
2025-08-05,0.76146069342415434,0.23853930657584568,1,2,10,2,0,0,False,TREND_OPEN|RETAIN_ACTUAL_UNITS
2025-08-06,0.75629329829044456,0.24370670170955527,1,2,10,2,0,0,False,TREND_OPEN|RETAIN_ACTUAL_UNITS
2025-08-07,0.76015534327552947,0.23984465672447042,1,2,10,2,0,0,False,TREND_OPEN|RETAIN_ACTUAL_UNITS
2025-08-08,0.76762744069384303,0.23237255930615697,1,2,7,2,0,0,False,MARKET_WEAK_WARNING|RETAIN_ACTUAL_UNITS
2025-08-11,0.7704498618176624,0.22955013818233763,1,2,10,2,0,0,False,TREND_OPEN|RETAIN_ACTUAL_UNITS
2025-08-12,0.78250808295981811,0.21749191704018175,1,2,11,2,0,0,False,TREND_OPEN|RETAIN_ACTUAL_UNITS
2025-08-13,0.78810716111151879,0.21189283888848129,1,2,16,2,0,0,False,TREND_OPEN|RETAIN_ACTUAL_UNITS
2025-08-14,0.77636790372115916,0.22363209627884081,1,2,11,2,0,0,False,TREND_OPEN|RETAIN_ACTUAL_UNITS
2025-08-15,0.77758999512484683,0.22241000487515328,1,2,18,2,0,0,False,TREND_OPEN|RETAIN_ACTUAL_UNITS
2025-08-18,0.78452290240171085,0.21547709759828906,1,2,21,2,0,0,False,TREND_OPEN|RETAIN_ACTUAL_UNITS
2025-08-19,0.78816217889842388,0.21183782110157617,1,2,19,2,0,0,False,TREND_OPEN|RETAIN_ACTUAL_UNITS
2025-08-20,0.78857466135662857,0.21142533864337151,1,2,25,2,0,0,False,TREND_OPEN|RETAIN_ACTUAL_UNITS
2025-08-21,0.77985668842442324,0.22014331157557687,1,2,23,2,0,0,False,TREND_OPEN|RETAIN_ACTUAL_UNITS
2025-08-22,0.78378483581910252,0.21621516418089751,1,2,26,2,0,0,False,TREND_OPEN|RETAIN_ACTUAL_UNITS
2025-08-25,0.79926425445149785,0.20073574554850221,1,2,26,2,0,0,False,TREND_OPEN|RETAIN_ACTUAL_UNITS
2025-08-26,0.79967244166880291,0.20032755833119711,1,2,25,2,0,0,False,TREND_OPEN|RETAIN_ACTUAL_UNITS
2025-08-27,0.81133066579376656,0.18866933420623344,1,2,24,2,0,0,False,TREND_OPEN|RETAIN_ACTUAL_UNITS
2025-08-28,0.82310434532688181,0.17689565467311821,1,2,27,2,0,0,False,TREND_OPEN|RETAIN_ACTUAL_UNITS
2025-08-29,0.82527302465226071,0.17472697534773923,1,2,24,2,0,0,False,TREND_OPEN|RETAIN_ACTUAL_UNITS
2025-09-01,0.83959598415047088,0.16040401584952915,1,2,24,2,0,0,True,TREND_OPEN|PROTECTIVE_INVENTORY_PENDING
2025-09-02,0.7384031747012626,0.2615968252987374,1,2,18,2,0,0,True,TREND_OPEN|PROTECTIVE_INVENTORY_PENDING
2025-09-03,0.75809249048034344,0.24190750951965656,1,2,10,2,0,0,False,TREND_OPEN|RETAIN_ACTUAL_UNITS
2025-09-04,0.74359765736541128,0.25640234263458872,0,2,2,2,0,0,True,ACCUMULATED_MARKET_SHOCK|PROTECTIVE_INVENTORY_PENDING
2025-09-05,0,1,0,0,2,0,0,0,False,RECOVERY_WAIT
2025-09-08,0,1,0,0,0,0,0,0,False,RECOVERY_WAIT
2025-09-09,0,1,0,0,1,0,0,0,False,RECOVERY_WAIT
2025-09-10,0,1,0,0,0,0,0,0,False,RECOVERY_WAIT
2025-09-11,0,1,0,0,3,0,0,0,False,RECOVERY_WAIT
2025-09-12,0,1,0,0,3,0,0,0,False,RECOVERY_WAIT
2025-09-15,0,1,0.5,0,3,0,0,0,False,CONFIRMED_RECOVERY|CASH_FUNDED_SUPPORT_RISK
2025-09-16,0.25629981658104617,0.74370018341895383,0.5,2,14,0,0,0,False,RECOVERY_WAIT|RETAIN_ACTUAL_UNITS
2025-09-17,0.25371206906900784,0.7462879309309921,0.5,2,20,0,0,0,False,RECOVERY_WAIT|RETAIN_ACTUAL_UNITS
2025-09-18,0.25635351759224489,0.74364648240775511,1,2,23,0,0,0,False,CONFIRMED_RECOVERY|RETAIN_ACTUAL_UNITS
2025-09-19,0.25039287603221533,0.74960712396778473,1,2,22,0,0,0,False,TREND_OPEN|RETAIN_ACTUAL_UNITS
2025-09-22,0.2649981251903209,0.73500187480967905,1,2,23,0,0,0,False,TREND_OPEN|CASH_FUNDED_SUPPORT_RISK
2025-09-23,0.48626408997463993,0.51373591002536001,1,2,23,0,0,0,False,TREND_OPEN|RETAIN_ACTUAL_UNITS
2025-09-24,0.49195848728853581,0.50804151271146425,1,2,25,0,0,0,False,TREND_OPEN|RETAIN_ACTUAL_UNITS
2025-09-25,0.49667887827912499,0.50332112172087506,1,2,24,0,0,0,False,TREND_OPEN|RETAIN_ACTUAL_UNITS
2025-09-26,0.4880511863184509,0.51194881368154921,1,2,20,0,0,0,False,TREND_OPEN|RETAIN_ACTUAL_UNITS
2025-09-29,0.48818300308928231,0.51181699691071758,1,2,23,0,0,0,False,TREND_OPEN|RETAIN_ACTUAL_UNITS
2025-09-30,0.49156351626990552,0.50843648373009442,1,2,23,0,0,0,False,TREND_OPEN|CASH_FUNDED_SUPPORT_RISK
2025-10-09,0.61355750864776615,0.38644249135223385,1,2,23,0,0,0,False,TREND_OPEN|RETAIN_ACTUAL_UNITS
2025-10-10,0.59700865135608316,0.40299134864391684,1,2,20,0,0,0,False,TREND_OPEN|RETAIN_ACTUAL_UNITS
2025-10-13,0.5949051867211459,0.4050948132788541,1,2,20,0,0,0,False,TREND_OPEN|RETAIN_ACTUAL_UNITS
2025-10-14,0.57912939699872967,0.42087060300127044,0,2,10,0,0,0,True,CROSS_SECTION_SHOCK|PROTECTIVE_INVENTORY_PENDING
2025-10-15,0,1,0,0,7,0,0,0,False,RECOVERY_WAIT
2025-10-16,0,1,0,0,5,0,0,0,False,RECOVERY_WAIT
2025-10-17,0,1,0,0,1,0,0,0,False,RECOVERY_WAIT
2025-10-20,0,1,0,0,0,0,0,0,False,RECOVERY_WAIT
2025-10-21,0,1,0,0,1,0,0,0,False,RECOVERY_WAIT
2025-10-22,0,1,0,0,0,0,0,0,False,RECOVERY_WAIT
2025-10-23,0,1,0,0,1,0,0,0,False,RECOVERY_WAIT
2025-10-24,0,1,0,0,5,0,0,0,False,RECOVERY_WAIT
2025-10-27,0,1,0,0,8,0,0,0,False,RECOVERY_WAIT
2025-10-28,0,1,0.5,0,11,0,0,0,False,CONFIRMED_RECOVERY|CASH_FUNDED_SUPPORT_RISK
2025-10-29,0.21070845946017291,0.78929154053982709,0.5,2,17,0,0,0,False,RECOVERY_WAIT|RETAIN_ACTUAL_UNITS
2025-10-30,0.20903530186768216,0.79096469813231784,0.5,2,15,0,0,0,False,RECOVERY_WAIT|RETAIN_ACTUAL_UNITS
2025-10-31,0.20214000225960349,0.79785999774039651,0.5,2,5,0,0,0,False,RECOVERY_WAIT|RETAIN_ACTUAL_UNITS
2025-11-03,0.20452410478060384,0.7954758952193961,0.5,2,6,0,0,0,False,RECOVERY_WAIT|RETAIN_ACTUAL_UNITS
2025-11-04,0.20304892493572024,0.79695107506427976,0.5,2,3,0,0,0,False,RECOVERY_WAIT|RETAIN_ACTUAL_UNITS
2025-11-05,0.20359813361225337,0.79640186638774657,0.5,2,2,0,0,0,False,RECOVERY_WAIT|RETAIN_ACTUAL_UNITS
2025-11-06,0.222092613872967,0.77790738612703303,0.5,2,3,0,0,0,False,RECOVERY_WAIT|RETAIN_ACTUAL_UNITS
2025-11-07,0.21679899211556414,0.78320100788443592,0.5,2,4,0,0,0,False,RECOVERY_WAIT|RETAIN_ACTUAL_UNITS
2025-11-10,0.21501506316923674,0.78498493683076331,0.5,2,5,0,0,0,False,RECOVERY_WAIT|RETAIN_ACTUAL_UNITS
2025-11-11,0.21179981447214155,0.78820018552785842,0.5,2,4,0,0,0,False,RECOVERY_WAIT|RETAIN_ACTUAL_UNITS
2025-11-12,0.2081408210732999,0.7918591789267001,0.5,2,4,0,0,0,False,RECOVERY_WAIT|RETAIN_ACTUAL_UNITS
2025-11-13,0.20800075218852368,0.79199924781147635,0.5,2,5,0,0,0,False,RECOVERY_WAIT|RETAIN_ACTUAL_UNITS
2025-11-14,0.19903822320663761,0.80096177679336233,0.5,2,2,0,1,0,True,RECOVERY_WAIT|PROTECTIVE_INVENTORY_PENDING
2025-11-17,0.11736204802712727,0.88263795197287276,0.5,1,1,0,0,0,False,RECOVERY_WAIT|CASH_FUNDED_SUPPORT_RISK
2025-11-18,0.33548728612385664,0.66451271387614341,0.5,2,0,0,0,0,False,RECOVERY_WAIT|RETAIN_ACTUAL_UNITS
2025-11-19,0.33339088651777227,0.66660911348222784,0.5,2,0,0,0,1,True,RECOVERY_WAIT|PROTECTIVE_INVENTORY_PENDING
2025-11-20,0.13229109019812996,0.8677089098018701,0.5,1,0,0,0,0,False,RECOVERY_WAIT|RETAIN_ACTUAL_UNITS
2025-11-21,0.12093469795484101,0.87906530204515898,0,1,0,0,0,1,True,CROSS_SECTION_SHOCK|PROTECTIVE_INVENTORY_PENDING
2025-11-24,0,1,0,0,0,0,0,0,False,RECOVERY_WAIT
2025-11-25,0,1,0,0,1,0,0,0,False,RECOVERY_WAIT
2025-11-26,0,1,0,0,1,0,0,0,False,RECOVERY_WAIT
2025-11-27,0,1,0,0,1,0,0,0,False,RECOVERY_WAIT
2025-11-28,0,1,0,0,1,0,0,0,False,RECOVERY_WAIT
2025-12-01,0,1,0,0,2,0,0,0,False,RECOVERY_WAIT
2025-12-02,0,1,0.5,0,2,0,0,0,False,CONFIRMED_RECOVERY|CASH_FUNDED_SUPPORT_RISK
2025-12-03,0.32994689449221343,0.67005310550778663,0.5,2,1,0,0,0,False,RECOVERY_WAIT|RETAIN_ACTUAL_UNITS
2025-12-04,0.33510638290426259,0.66489361709573747,0.5,2,1,0,0,0,False,RECOVERY_WAIT|RETAIN_ACTUAL_UNITS
2025-12-05,0.33775278909091322,0.66224721090908678,1,2,2,0,0,0,False,CONFIRMED_RECOVERY|CASH_FUNDED_SUPPORT_RISK
2025-12-08,0.65553979239997739,0.34446020760002272,1,2,4,0,0,0,False,TREND_OPEN|RETAIN_ACTUAL_UNITS
2025-12-09,0.66071577956030103,0.33928422043969902,1,2,9,1,0,0,False,TREND_OPEN|RETAIN_ACTUAL_UNITS
2025-12-10,0.6632081745736772,0.33679182542632286,1,2,10,1,0,0,False,TREND_OPEN|RETAIN_ACTUAL_UNITS
2025-12-11,0.65861988442781716,0.3413801155721829,1,2,12,1,0,0,False,TREND_OPEN|RETAIN_ACTUAL_UNITS
2025-12-12,0.66230119835224455,0.33769880164775556,1,2,11,1,0,0,False,TREND_OPEN|CASH_FUNDED_SUPPORT_RISK
2025-12-15,0.73863291274119214,0.26136708725880781,1,2,9,1,0,0,False,TREND_OPEN|RETAIN_ACTUAL_UNITS
2025-12-16,0.73309355130355391,0.26690644869644603,1,2,7,1,0,0,False,MARKET_WEAK_WARNING|RETAIN_ACTUAL_UNITS
2025-12-17,0.73595758332155903,0.26404241667844108,1,2,13,1,0,0,False,TREND_OPEN|RETAIN_ACTUAL_UNITS
2025-12-18,0.73617246267280889,0.26382753732719122,1,2,10,1,0,0,False,TREND_OPEN|RETAIN_ACTUAL_UNITS
2025-12-19,0.73399475594645369,0.26600524405354636,1,2,8,1,0,0,False,MARKET_WEAK_WARNING|RETAIN_ACTUAL_UNITS
2025-12-22,0.74032354827320945,0.25967645172679066,1,2,12,1,0,0,False,TREND_OPEN|RETAIN_ACTUAL_UNITS
2025-12-23,0.74636725031985796,0.25363274968014216,1,2,15,1,0,0,False,TREND_OPEN|RETAIN_ACTUAL_UNITS
2025-12-24,0.74551878606504296,0.25448121393495698,1,2,16,1,0,0,False,TREND_OPEN|RETAIN_ACTUAL_UNITS
2025-12-25,0.74227468886717363,0.25772531113282648,1,2,17,1,0,0,False,TREND_OPEN|RETAIN_ACTUAL_UNITS
2025-12-26,0.73547174605627563,0.26452825394372448,1,2,16,1,0,0,False,TREND_OPEN|RETAIN_ACTUAL_UNITS
2025-12-29,0.7328865722279182,0.26711342777208169,1,2,13,1,0,0,False,TREND_OPEN|RETAIN_ACTUAL_UNITS
2025-12-30,0.7345604852558989,0.26543951474410116,1,2,11,1,0,0,False,TREND_OPEN|RETAIN_ACTUAL_UNITS
2025-12-31,0.73270200441962618,0.26729799558037393,1,2,8,1,0,0,False,MARKET_WEAK_WARNING|RETAIN_ACTUAL_UNITS
