date,symbol,actual_units,weight,price,stop,entry_close_anchor,stop_broken,price_exit,stale,mature,stop_only,risk_cap,reason,subsequent40_price_return,subsequent40_price_drawdown
2023-02-17,sh688012,12633.912150006134,0.45389152522348597,69.578999999999994,67.871799999999993,72.337000000000003,False,True,False,False,False,1,MARKET_WEAK_WARNING|PROTECTIVE_INVENTORY_PENDING|ECONOMIC_CEILING_SEPARATE_FROM_DECLARATION,0.84239311292772934,0.075169136799008052
2023-02-20,sh688019,15716.056010184662,0.54385731976405571,66.388999999999996,64.063000000000002,69.405000000000001,False,True,False,False,False,1,MARKET_WEAK_WARNING|PROTECTIVE_INVENTORY_PENDING|ECONOMIC_CEILING_SEPARATE_FROM_DECLARATION,0.26871519281864975,0.15930163002841335
2023-03-07,sh688037,6171.7090194348057,0.32635171865461182,102.09099999999999,92.018299999999996,98.796000000000006,False,False,False,False,False,0,CROSS_SECTION_SHOCK|PROTECTIVE_INVENTORY_PENDING|ECONOMIC_CEILING_SEPARATE_FROM_DECLARATION,0.19732136733714123,0.193016085427272
2023-03-07,sh688256,11385.838909645365,0.34188796581600805,57.972999999999999,49.195,54.845999999999997,False,False,False,False,False,0,CROSS_SECTION_SHOCK|PROTECTIVE_INVENTORY_PENDING|ECONOMIC_CEILING_SEPARATE_FROM_DECLARATION,1.3411623868215616,0.21982952754132323
2023-03-22,sh688037,2848.5082872928174,0.10857144555104567,96.278999999999996,96.427999999999997,109.152,True,True,False,False,False,1,TREND_OPEN|PROTECTIVE_INVENTORY_PENDING|ECONOMIC_CEILING_SEPARATE_FROM_DECLARATION,0.25630481879561651,0.21754318141024764
2023-05-10,sh688256,3335.4185130060014,0.14017290402080099,132.60400000000001,133.27620000000002,63.274999999999999,True,False,False,True,True,0.25,BROAD_TREND_BREAKDOWN|PROTECTIVE_INVENTORY_PENDING|ECONOMIC_CEILING_SEPARATE_FROM_DECLARATION,-0.030936124906000395,0.29755090129526107
2023-06-21,sh688072,1790.7269268584619,0.082495024559238447,183.34200000000001,178.07900000000001,186.82400000000001,False,True,False,False,False,0,CROSS_SECTION_SHOCK|PROTECTIVE_INVENTORY_PENDING|ECONOMIC_CEILING_SEPARATE_FROM_DECLARATION,-0.17248647547975582,0.26872970056231704
2023-06-21,sz300308,16610.785238484015,0.47025241060475936,112.669,97.700249999999997,37.554000000000002,False,False,False,True,False,0,CROSS_SECTION_SHOCK|PROTECTIVE_INVENTORY_PENDING|ECONOMIC_CEILING_SEPARATE_FROM_DECLARATION,-0.26747317922534886,0.27291957333813399
2023-09-18,sh688082,14710.537055860108,0.40998141026717222,104.67100000000001,99.465500000000006,112.411,False,True,False,False,False,1,MARKET_WEAK_WARNING|PROTECTIVE_INVENTORY_PENDING|ECONOMIC_CEILING_SEPARATE_FROM_DECLARATION,0.053973784161978511,0.093275790059863528
2023-09-18,sh688361,6872.3552429365172,0.13676279178810666,74.739999999999995,71.223500000000001,83.670000000000002,False,True,False,False,False,1,MARKET_WEAK_WARNING|PROTECTIVE_INVENTORY_PENDING|ECONOMIC_CEILING_SEPARATE_FROM_DECLARATION,0.031308286703970012,0.097413584723229252
2023-10-13,sh688205,18066.520829893787,0.16449095800222338,35.284999999999997,34.220999999999997,35.912999999999997,False,True,False,False,False,1,TREND_OPEN|PROTECTIVE_INVENTORY_PENDING|ECONOMIC_CEILING_SEPARATE_FROM_DECLARATION,0.055942260512352293,0.11324142724745134
2023-11-16,sh688019,22401.062176241205,0.45367591630370074,77.700999999999993,77.049000000000007,78.885000000000005,False,True,False,False,False,1,MARKET_WEAK_WARNING|PROTECTIVE_INVENTORY_PENDING|ECONOMIC_CEILING_SEPARATE_FROM_DECLARATION,-0.19047927461139902,0.21100141399858596
2023-11-21,sh688012,18821.267651016886,0.53786468509469609,108.089,108.76000000000001,110.907,True,False,False,False,True,1,MARKET_WEAK_WARNING|PROTECTIVE_INVENTORY_PENDING|ECONOMIC_CEILING_SEPARATE_FROM_DECLARATION,-0.15535717596455123,0.20857916413119215
2023-11-23,sz300308,23954.984189232109,0.45084294385038326,68.295000000000002,60.8003,72.197000000000003,False,True,False,False,False,1,MARKET_WEAK_WARNING|PROTECTIVE_INVENTORY_PENDING|ECONOMIC_CEILING_SEPARATE_FROM_DECLARATION,0.14529018153887052,0.18238238476262936
2023-12-14,sh688535,11269.901313631055,0.19070565620281366,63.634999999999998,61.18,71.643000000000001,False,True,False,False,False,1,MARKET_WEAK_WARNING|PROTECTIVE_INVENTORY_PENDING|ECONOMIC_CEILING_SEPARATE_FROM_DECLARATION,-0.32331404738385316,0.47419299154151562
2023-12-26,sh688041,14596.182814445268,0.28916938271551895,70.480999999999995,71.055499999999995,70.221000000000004,True,False,False,True,True,0.5,RECOVERY_WAIT|PROTECTIVE_INVENTORY_PENDING|ECONOMIC_CEILING_SEPARATE_FROM_DECLARATION,0.19609506439891988,0.12839300358962635
2024-01-05,sz300394,22719.429725156533,0.18759898522748419,28.972000000000001,28.622,33.472000000000001,False,True,False,False,False,0.5,RECOVERY_WAIT|PROTECTIVE_INVENTORY_PENDING|ECONOMIC_CEILING_SEPARATE_FROM_DECLARATION,0.68046095631234937,0.15186371578334312
2024-01-29,sz300394,5494.6313528990695,0.046880876079646951,29.125,28.498000000000001,29.125,False,True,False,False,False,0.25,BROAD_TREND_BREAKDOWN|PROTECTIVE_INVENTORY_PENDING|ECONOMIC_CEILING_SEPARATE_FROM_DECLARATION,0.96621225194132854,0.091956028616297369
2024-01-29,sz300502,20586.4896524795,0.13136849203247275,21.783000000000001,22.3931,26.834,True,True,False,False,False,0.25,BROAD_TREND_BREAKDOWN|PROTECTIVE_INVENTORY_PENDING|ECONOMIC_CEILING_SEPARATE_FROM_DECLARATION,0.64382288714398572,0.16344601412714432
2024-03-25,sz300308,9936.769685375295,0.31136056958417913,117.41800000000001,104.85899999999999,108.79600000000001,False,False,False,False,False,0,CROSS_SECTION_SHOCK|PROTECTIVE_INVENTORY_PENDING|ECONOMIC_CEILING_SEPARATE_FROM_DECLARATION,0.017737941199153395,0.12084407653684348
2024-03-25,sz300394,18887.51238850347,0.2789214612263437,55.338000000000001,45.754799999999989,45.847999999999999,False,False,False,False,False,0,CROSS_SECTION_SHOCK|PROTECTIVE_INVENTORY_PENDING|ECONOMIC_CEILING_SEPARATE_FROM_DECLARATION,-0.16218631456084043,0.24498315391568737
2024-05-15,sz300308,4386.6625510995336,0.14208844424049843,117.605,112.2936,132.642,False,True,False,False,False,1,MARKET_WEAK_WARNING|PROTECTIVE_INVENTORY_PENDING|ECONOMIC_CEILING_SEPARATE_FROM_DECLARATION,0.24732175231565434,0.11563577723847229
2024-06-24,sh688256,17014.650484396989,0.54966969274211552,137.45599999999999,123.83075000000001,127.06699999999999,False,False,False,False,False,0,CROSS_SECTION_SHOCK|PROTECTIVE_INVENTORY_PENDING|ECONOMIC_CEILING_SEPARATE_FROM_DECLARATION,0.24551783714137199,0.14575052476441419
2024-06-24,sz300502,23859.676117801435,0.31212647417289197,55.661000000000001,49.408500000000004,43.518000000000001,False,False,False,True,False,0,CROSS_SECTION_SHOCK|PROTECTIVE_INVENTORY_PENDING|ECONOMIC_CEILING_SEPARATE_FROM_DECLARATION,-0.069013795292053315,0.28838682784493541
2024-07-19,sz300308,4862.3760344709672,0.15841395970170083,133.08000000000001,133,148.22,False,True,False,False,False,1,TREND_OPEN|PROTECTIVE_INVENTORY_PENDING|ECONOMIC_CEILING_SEPARATE_FROM_DECLARATION,-0.13671461014383035,0.26510926902788245
2024-07-23,sz002371,8555.8260022949326,0.53402458456593205,247.023,235.12905000000003,247.023,False,False,False,False,False,0,CROSS_SECTION_SHOCK|PROTECTIVE_INVENTORY_PENDING|ECONOMIC_CEILING_SEPARATE_FROM_DECLARATION,-0.12763127481234871,0.1536397578084735
2024-07-23,sz300502,10762.548262548262,0.13921822468383638,51.194000000000003,52.569000000000003,56.887999999999998,True,True,False,False,False,0,CROSS_SECTION_SHOCK|PROTECTIVE_INVENTORY_PENDING|ECONOMIC_CEILING_SEPARATE_FROM_DECLARATION,-0.03652492034144994,0.1627464443354586
2024-10-16,sz300502,25262.750963966384,0.3826754620324907,67.143000000000001,67.73830000000001,56.383000000000003,True,False,False,True,True,1,MARKET_WEAK_WARNING|PROTECTIVE_INVENTORY_PENDING|ECONOMIC_CEILING_SEPARATE_FROM_DECLARATION,-0.083286719463008141,0.24169604625089502
2024-11-15,sh688041,20591.277996415207,0.51255975561948619,121.491,121.59099999999999,85.680999999999997,True,False,False,True,True,1,MARKET_WEAK_WARNING|PROTECTIVE_INVENTORY_PENDING|ECONOMIC_CEILING_SEPARATE_FROM_DECLARATION,0.16735923455600821,0.15500311769781627
2024-11-27,sh600206,124574.64381581664,0.4866638306122878,20.591999999999999,20.799500000000002,19.372,True,False,False,True,True,1,MARKET_WEAK_WARNING|PROTECTIVE_INVENTORY_PENDING|ECONOMIC_CEILING_SEPARATE_FROM_DECLARATION,-0.29208659947741689,0.35190351903519046
2024-12-09,sh688120,2103.5553502165012,0.034426311315067737,87.822999999999993,86.623000000000005,94.007000000000005,False,True,False,False,False,1,MARKET_WEAK_WARNING|PROTECTIVE_INVENTORY_PENDING|ECONOMIC_CEILING_SEPARATE_FROM_DECLARATION,-0.13685106197296804,0.19482265927046571
2024-12-19,sh688249,38394.937367579827,0.16393801070361794,24.332999999999998,24.343,26.562999999999999,True,True,False,False,False,1,TREND_OPEN|PROTECTIVE_INVENTORY_PENDING|ECONOMIC_CEILING_SEPARATE_FROM_DECLARATION,0.010676302714244468,0.13695918932826667
2024-12-31,sh688205,9573.0713977317027,0.11511409131120641,69.668999999999997,57.319399999999995,66.977000000000004,False,False,False,False,False,0,CROSS_SECTION_SHOCK|PROTECTIVE_INVENTORY_PENDING|ECONOMIC_CEILING_SEPARATE_FROM_DECLARATION,-0.16338375217087975,0.38211448693800676
2024-12-31,sh688256,6524.7329401148545,0.49619089502876762,440.60399999999998,379.53470000000004,287.38900000000001,False,False,False,True,False,0,CROSS_SECTION_SHOCK|PROTECTIVE_INVENTORY_PENDING|ECONOMIC_CEILING_SEPARATE_FROM_DECLARATION,0.18724314187373503,0.22784747988365861
2025-01-16,sh688256,1697.83260768593,0.12031979504621587,397.65100000000001,413.45600000000002,397.65100000000001,True,True,False,True,False,0.5,RECOVERY_WAIT|PROTECTIVE_INVENTORY_PENDING|ECONOMIC_CEILING_SEPARATE_FROM_DECLARATION,0.18774757794336172,0.13964915176043002
2025-01-27,sh603986,11998.027914248069,0.26648032931769033,126.31,111.00000000000001,127.11,False,False,False,False,False,0,CROSS_SECTION_SHOCK|PROTECTIVE_INVENTORY_PENDING|ECONOMIC_CEILING_SEPARATE_FROM_DECLARATION,-0.12408759124087576,0.18406031992107663
2025-01-27,sh688205,21948.920342423942,0.29789528135934246,77.185000000000002,65.215350000000001,71.531000000000006,False,False,False,False,False,0,CROSS_SECTION_SHOCK|PROTECTIVE_INVENTORY_PENDING|ECONOMIC_CEILING_SEPARATE_FROM_DECLARATION,-0.38944433108889343,0.47488798156229162
2025-02-24,sh688205,7412.5099479644923,0.094243277051551319,72.591999999999999,68.131,83.284999999999997,False,True,False,False,False,1,TREND_OPEN|PROTECTIVE_INVENTORY_PENDING|ECONOMIC_CEILING_SEPARATE_FROM_DECLARATION,-0.4512713666128072,0.5060066724895832
2025-02-28,sh601869,38936.990037096897,0.26292074692613232,35.936999999999998,35.213999999999999,38.697000000000003,False,True,False,False,False,1,MARKET_WEAK_WARNING|PROTECTIVE_INVENTORY_PENDING|ECONOMIC_CEILING_SEPARATE_FROM_DECLARATION,-0.12393600798513871,0.21842658365924394
2025-03-20,sh600206,121444.52524413049,0.42434658387313096,17.591999999999999,17.742000000000001,19.981999999999999,True,True,False,False,False,1,MARKET_WEAK_WARNING|PROTECTIVE_INVENTORY_PENDING|ECONOMIC_CEILING_SEPARATE_FROM_DECLARATION,0.066089334548769418,0.15255439924314085
2025-03-21,sh688256,4000.8834296933233,0.36884404754846056,458.75799999999998,459.101,532.54999999999995,True,True,False,False,False,1,MARKET_WEAK_WARNING|PROTECTIVE_INVENTORY_PENDING|ECONOMIC_CEILING_SEPARATE_FROM_DECLARATION,-0.025595010314538369,0.1743438642440116
2025-04-07,sh688019,15699.634017093065,0.30364134458918896,89.310000000000002,90.168299999999988,95.228999999999999,True,True,False,False,False,0,CROSS_SECTION_SHOCK|PROTECTIVE_INVENTORY_PENDING|ECONOMIC_CEILING_SEPARATE_FROM_DECLARATION,0.17993546105560965,0.095402278101702209
2025-04-07,sh688037,9414.3149869634835,0.1796407790774871,88.114000000000004,88.334000000000003,100.354,True,True,False,False,False,0,CROSS_SECTION_SHOCK|PROTECTIVE_INVENTORY_PENDING|ECONOMIC_CEILING_SEPARATE_FROM_DECLARATION,0.089147199676237188,0.087740360565860209
2025-05-09,sz002371,4204.5344823424339,0.29803243816151875,325.00900000000001,317.72000000000003,345.11200000000002,False,True,False,False,False,1,TREND_OPEN|PROTECTIVE_INVENTORY_PENDING|ECONOMIC_CEILING_SEPARATE_FROM_DECLARATION,0.016463425838024071,0.075244014504271872
2025-05-15,sh688268,13748.25352112676,0.14922859485322129,48.43,49.979999999999997,53.759999999999998,True,True,False,False,False,1,MARKET_WEAK_WARNING|PROTECTIVE_INVENTORY_PENDING|ECONOMIC_CEILING_SEPARATE_FROM_DECLARATION,0.025683172385453146,0.077480378345743506
2025-05-27,sh688019,23458.330646275739,0.5505120833247128,101.13500000000001,97.897999999999996,106,False,True,False,False,False,1,MARKET_WEAK_WARNING|PROTECTIVE_INVENTORY_PENDING|ECONOMIC_CEILING_SEPARATE_FROM_DECLARATION,0.16317349058368369,0.080306959772888931
2025-06-20,sh688205,25578.624257252712,0.33997639079940617,65.719999999999999,60.014649999999996,55.609999999999999,False,True,False,True,False,1,TREND_OPEN|PROTECTIVE_INVENTORY_PENDING|ECONOMIC_CEILING_SEPARATE_FROM_DECLARATION,0.049908703590992198,0.15170611743006457
2025-09-04,sh601869,41047.386380101481,0.38030497800835755,85.704999999999998,75.560299999999998,37.716999999999999,False,False,False,True,False,0,ACCUMULATED_MARKET_SHOCK|PROTECTIVE_INVENTORY_PENDING|ECONOMIC_CEILING_SEPARATE_FROM_DECLARATION,-0.027119049041275822,0.3313525867442344
2025-09-04,sh688498,15003.621518671236,0.40539085242213119,249.941,208.68940000000001,94.494,False,False,False,True,False,0,ACCUMULATED_MARKET_SHOCK|PROTECTIVE_INVENTORY_PENDING|ECONOMIC_CEILING_SEPARATE_FROM_DECLARATION,0.66251138921915942,0.19261937456454237
2025-10-14,sh688041,13232.726639632961,0.34767043462665848,227.36000000000001,213.7415,245.75999999999999,False,False,False,False,False,0,CROSS_SECTION_SHOCK|PROTECTIVE_INVENTORY_PENDING|ECONOMIC_CEILING_SEPARATE_FROM_DECLARATION,-0.03895762042642803,0.17835639379560586
2025-10-14,sz300308,1906.5095563223454,0.076030580212751761,345.10000000000002,357.88999999999999,410.01999999999998,True,True,False,False,False,0,CROSS_SECTION_SHOCK|PROTECTIVE_INVENTORY_PENDING|ECONOMIC_CEILING_SEPARATE_FROM_DECLARATION,0.75872093023255816,0.12298930193180946
2025-11-04,sz300502,3508.1967213114754,0.10456366870832744,247.886,232.84100000000001,289.35700000000003,False,True,False,False,False,0.5,RECOVERY_WAIT|PROTECTIVE_INVENTORY_PENDING|ECONOMIC_CEILING_SEPARATE_FROM_DECLARATION,0.33193514999392404,0.17910571121580299
2025-11-21,sh688498,3504.2219068750051,0.15853330052484782,371.505,343.98899999999998,425.12299999999999,False,True,False,False,False,0,CROSS_SECTION_SHOCK|PROTECTIVE_INVENTORY_PENDING|ECONOMIC_CEILING_SEPARATE_FROM_DECLARATION,,
2025-11-21,sz300308,2204.0967579747121,0.1242754271430238,463.00999999999999,461.81999999999999,519.72000000000003,False,False,False,False,False,0,CROSS_SECTION_SHOCK|PROTECTIVE_INVENTORY_PENDING|ECONOMIC_CEILING_SEPARATE_FROM_DECLARATION,,
