formation,maturity,names,learned,original
2023-04-04,2023-04-20,25,0.57333333333333336,0.54666666666666663
2023-04-06,2023-04-21,25,0.66000000000000003,0.64666666666666661
2023-04-07,2023-04-24,25,0.60666666666666669,0.63666666666666671
2023-04-10,2023-04-25,25,0.62666666666666671,0.65000000000000002
2023-04-11,2023-04-26,25,0.65666666666666662,0.66666666666666663
2023-04-12,2023-04-27,25,0.64333333333333331,0.57333333333333336
2023-04-13,2023-04-28,25,0.65666666666666662,0.59999999999999998
2023-04-14,2023-05-04,25,0.66666666666666663,0.68000000000000005
2023-04-17,2023-05-05,25,0.65000000000000002,0.66666666666666663
2023-04-18,2023-05-08,25,0.6166666666666667,0.65666666666666662
2023-04-19,2023-05-09,26,0.56923076923076921,0.64000000000000001
2023-04-20,2023-05-10,26,0.55692307692307697,0.60307692307692307
2023-04-21,2023-05-11,26,0.49230769230769234,0.59999999999999998
2023-04-24,2023-05-12,26,0.51692307692307693,0.50153846153846149
2023-04-25,2023-05-15,26,0.4523076923076923,0.42153846153846153
2023-04-26,2023-05-16,26,0.42153846153846153,0.45538461538461539
2023-04-27,2023-05-17,26,0.42461538461538462,0.39384615384615385
2023-04-28,2023-05-18,26,0.44,0.41230769230769232
2023-05-04,2023-05-19,26,0.51076923076923075,0.45846153846153848
2023-05-05,2023-05-22,26,0.44923076923076921,0.38153846153846155
2023-05-08,2023-05-23,26,0.38769230769230767,0.35384615384615387
2023-05-09,2023-05-24,26,0.30153846153846153,0.29230769230769232
2023-05-10,2023-05-25,26,0.40000000000000002,0.32307692307692309
2023-05-11,2023-05-26,26,0.38153846153846155,0.31384615384615383
2023-05-12,2023-05-29,26,0.51076923076923075,0.42461538461538462
2023-05-15,2023-05-30,26,0.56615384615384612,0.52923076923076928
2023-05-16,2023-05-31,26,0.61230769230769233,0.52923076923076928
2023-05-17,2023-06-01,26,0.59999999999999998,0.55384615384615388
2023-05-18,2023-06-02,26,0.54461538461538461,0.51076923076923075
2023-05-19,2023-06-05,27,0.66096866096866091,0.61253561253561251
2023-05-22,2023-06-06,27,0.66096866096866091,0.60113960113960119
2023-05-23,2023-06-07,27,0.62108262108262113,0.62108262108262113
2023-05-24,2023-06-08,27,0.57834757834757833,0.57549857549857553
2023-05-25,2023-06-09,27,0.5641025641025641,0.59544159544159547
2023-05-26,2023-06-12,27,0.4757834757834758,0.47863247863247865
2023-05-29,2023-06-13,27,0.48148148148148145,0.48433048433048431
2023-05-30,2023-06-14,27,0.45868945868945871,0.46438746438746437
2023-05-31,2023-06-15,27,0.50142450142450146,0.48148148148148145
2023-06-01,2023-06-16,27,0.50997150997150997,0.48148148148148145
2023-06-02,2023-06-19,28,0.41798941798941797,0.46296296296296297
2023-06-05,2023-06-20,28,0.36507936507936506,0.46560846560846558
2023-06-06,2023-06-21,28,0.52910052910052907,0.51322751322751325
2023-06-07,2023-06-26,28,0.48677248677248675,0.48941798941798942
2023-06-08,2023-06-27,28,0.45238095238095238,0.42592592592592593
2023-06-09,2023-06-28,28,0.48148148148148145,0.41005291005291006
2023-06-12,2023-06-29,28,0.51587301587301593,0.42328042328042326
2023-06-13,2023-06-30,28,0.46031746031746029,0.42063492063492064
2023-06-14,2023-07-03,28,0.46296296296296297,0.3835978835978836
2023-06-15,2023-07-04,28,0.37566137566137564,0.33333333333333331
2023-06-16,2023-07-05,28,0.29365079365079366,0.24603174603174602
2023-06-19,2023-07-06,28,0.20370370370370369,0.18518518518518517
2023-06-20,2023-07-07,28,0.28042328042328041,0.24603174603174602
2023-06-21,2023-07-10,28,0.29894179894179895,0.25925925925925924
2023-06-26,2023-07-11,28,0.31746031746031744,0.29365079365079366
2023-06-27,2023-07-12,28,0.31481481481481483,0.36772486772486773
2023-06-28,2023-07-13,28,0.35978835978835977,0.32275132275132273
2023-06-29,2023-07-14,28,0.42063492063492064,0.35185185185185186
2023-06-30,2023-07-17,28,0.39153439153439151,0.38624338624338622
2023-07-03,2023-07-18,28,0.48412698412698413,0.42857142857142855
2023-07-04,2023-07-19,28,0.45767195767195767,0.43650793650793651
2023-07-05,2023-07-20,28,0.46825396825396826,0.46031746031746029
2023-07-06,2023-07-21,28,0.37037037037037035,0.43121693121693122
2023-07-07,2023-07-24,28,0.30687830687830686,0.34126984126984128
2023-07-10,2023-07-25,28,0.30687830687830686,0.33597883597883599
2023-07-11,2023-07-26,28,0.25132275132275134,0.31746031746031744
2023-07-12,2023-07-27,28,0.26190476190476192,0.29100529100529099
2023-07-13,2023-07-28,28,0.28042328042328041,0.26984126984126983
2023-07-14,2023-07-31,28,0.27777777777777779,0.29100529100529099
2023-07-17,2023-08-01,28,0.35978835978835977,0.30952380952380953
2023-07-18,2023-08-02,28,0.41798941798941797,0.34920634920634919
2023-07-19,2023-08-03,28,0.47883597883597884,0.37301587301587302
2023-07-20,2023-08-04,28,0.46825396825396826,0.4417989417989418
2023-07-21,2023-08-07,28,0.56084656084656082,0.52380952380952384
2023-07-24,2023-08-08,28,0.58465608465608465,0.48148148148148145
2023-07-25,2023-08-09,28,0.58994708994709,0.52380952380952384
2023-07-26,2023-08-10,28,0.48148148148148145,0.53968253968253965
2023-07-27,2023-08-11,28,0.41798941798941797,0.50529100529100535
2023-07-28,2023-08-14,28,0.50529100529100535,0.58465608465608465
2023-07-31,2023-08-15,28,0.52910052910052907,0.62169312169312174
2023-08-01,2023-08-16,28,0.48677248677248675,0.55555555555555558
2023-08-02,2023-08-17,28,0.50529100529100535,0.51322751322751325
2023-08-03,2023-08-18,28,0.50529100529100535,0.59523809523809523
2023-08-04,2023-08-21,28,0.49206349206349204,0.455026455026455
2023-08-07,2023-08-22,28,0.49206349206349204,0.51058201058201058
2023-08-08,2023-08-23,28,0.47619047619047616,0.53703703703703709
2023-08-09,2023-08-24,28,0.54232804232804233,0.64021164021164023
2023-08-10,2023-08-25,28,0.51851851851851849,0.51058201058201058
2023-08-11,2023-08-28,28,0.41534391534391535,0.56613756613756616
2023-08-14,2023-08-29,28,0.56613756613756616,0.46031746031746029
2023-08-15,2023-08-30,28,0.52380952380952384,0.42063492063492064
2023-08-16,2023-08-31,28,0.56084656084656082,0.49206349206349204
2023-08-17,2023-09-01,28,0.65873015873015872,0.48148148148148145
2023-08-18,2023-09-04,28,0.55026455026455023,0.53174603174603174
2023-08-21,2023-09-05,29,0.56650246305418717,0.47290640394088668
2023-08-22,2023-09-06,29,0.55911330049261088,0.42857142857142855
2023-08-23,2023-09-07,29,0.55172413793103448,0.40147783251231528
2023-08-24,2023-09-08,29,0.55172413793103448,0.37192118226600984
2023-08-25,2023-09-11,29,0.45566502463054187,0.33004926108374383
2023-08-28,2023-09-12,29,0.58866995073891626,0.39408866995073893
2023-08-29,2023-09-13,29,0.57635467980295563,0.45812807881773399
2023-08-30,2023-09-14,29,0.61576354679802958,0.39655172413793105
2023-08-31,2023-09-15,29,0.54926108374384242,0.33004926108374383
2023-09-01,2023-09-18,29,0.55418719211822665,0.28078817733990147
2023-09-04,2023-09-19,29,0.52216748768472909,0.33004926108374383
2023-09-05,2023-09-20,29,0.42857142857142855,0.3251231527093596
2023-09-06,2023-09-21,29,0.5,0.33497536945812806
2023-09-07,2023-09-22,29,0.45566502463054187,0.37192118226600984
2023-09-08,2023-09-25,29,0.48029556650246308,0.39655172413793105
2023-09-11,2023-09-26,29,0.4211822660098522,0.39408866995073893
2023-09-12,2023-09-27,29,0.36206896551724138,0.47044334975369456
2023-09-13,2023-09-28,29,0.38423645320197042,0.44581280788177341
2023-09-14,2023-10-09,29,0.45812807881773399,0.60591133004926112
2023-09-15,2023-10-10,29,0.53448275862068961,0.6280788177339901
2023-09-18,2023-10-11,29,0.49261083743842365,0.60591133004926112
2023-09-19,2023-10-12,29,0.61083743842364535,0.67487684729064035
2023-09-20,2023-10-13,29,0.60837438423645318,0.65270935960591137
2023-09-21,2023-10-16,29,0.62315270935960587,0.64778325123152714
2023-09-22,2023-10-17,29,0.69950738916256161,0.49753694581280788
2023-09-25,2023-10-18,29,0.72413793103448276,0.51724137931034486
2023-09-26,2023-10-19,29,0.71182266009852213,0.50985221674876846
2023-09-27,2023-10-20,29,0.66748768472906406,0.52709359605911332
2023-09-28,2023-10-23,29,0.39901477832512317,0.49507389162561577
2023-10-09,2023-10-24,29,0.47783251231527096,0.45812807881773399
2023-10-10,2023-10-25,29,0.48029556650246308,0.48768472906403942
2023-10-11,2023-10-26,29,0.52463054187192115,0.43349753694581283
2023-10-12,2023-10-27,29,0.39162561576354682,0.48768472906403942
2023-10-13,2023-10-30,29,0.41625615763546797,0.48522167487684731
2023-10-16,2023-10-31,29,0.45073891625615764,0.4211822660098522
2023-10-17,2023-11-01,29,0.45320197044334976,0.40640394088669951
2023-10-18,2023-11-02,29,0.46551724137931033,0.40640394088669951
2023-10-19,2023-11-03,29,0.43842364532019706,0.40640394088669951
2023-10-20,2023-11-06,29,0.39162561576354682,0.44827586206896552
2023-10-23,2023-11-07,29,0.48029556650246308,0.35714285714285715
2023-10-24,2023-11-08,29,0.56157635467980294,0.3891625615763547
2023-10-25,2023-11-09,29,0.59113300492610843,0.44827586206896552
2023-10-26,2023-11-10,29,0.56650246305418717,0.35714285714285715
2023-10-27,2023-11-13,29,0.55665024630541871,0.37684729064039407
2023-10-30,2023-11-14,29,0.53940886699507384,0.45073891625615764
2023-10-31,2023-11-15,29,0.50492610837438423,0.48768472906403942
2023-11-01,2023-11-16,29,0.51724137931034486,0.45073891625615764
2023-11-02,2023-11-17,29,0.6280788177339901,0.45566502463054187
2023-11-03,2023-11-20,29,0.56157635467980294,0.49507389162561577
2023-11-06,2023-11-21,29,0.47044334975369456,0.53448275862068961
2023-11-07,2023-11-22,29,0.43596059113300495,0.58620689655172409
2023-11-08,2023-11-23,29,0.40886699507389163,0.58128078817733986
2023-11-09,2023-11-24,29,0.44581280788177341,0.55418719211822665
2023-11-10,2023-11-27,29,0.5,0.51724137931034486
2023-11-13,2023-11-28,29,0.45073891625615764,0.54926108374384242
2023-11-14,2023-11-29,29,0.44088669950738918,0.51231527093596063
2023-11-15,2023-11-30,29,0.56403940886699511,0.54187192118226601
2023-11-16,2023-12-01,29,0.49014778325123154,0.61083743842364535
2023-11-17,2023-12-04,29,0.52216748768472909,0.47290640394088668
2023-11-20,2023-12-05,29,0.46551724137931033,0.53448275862068961
2023-11-21,2023-12-06,29,0.47290640394088668,0.55418719211822665
2023-11-22,2023-12-07,29,0.50492610837438423,0.56157635467980294
2023-11-23,2023-12-08,29,0.44334975369458129,0.51477832512315269
2023-11-24,2023-12-11,29,0.44827586206896552,0.54926108374384242
2023-11-27,2023-12-12,29,0.5073891625615764,0.46305418719211822
2023-11-28,2023-12-13,29,0.60837438423645318,0.44334975369458129
2023-11-29,2023-12-14,29,0.58620689655172409,0.43842364532019706
2023-11-30,2023-12-15,29,0.67487684729064035,0.33497536945812806
2023-12-01,2023-12-18,29,0.58866995073891626,0.42610837438423643
2023-12-04,2023-12-19,29,0.48768472906403942,0.4605911330049261
2023-12-05,2023-12-20,29,0.5714285714285714,0.44827586206896552
2023-12-06,2023-12-21,29,0.5714285714285714,0.43842364532019706
2023-12-07,2023-12-22,29,0.56403940886699511,0.44581280788177341
2023-12-08,2023-12-25,29,0.70197044334975367,0.33497536945812806
2023-12-11,2023-12-26,29,0.7068965517241379,0.29802955665024633
2023-12-12,2023-12-27,29,0.69950738916256161,0.33497536945812806
2023-12-13,2023-12-28,29,0.69211822660098521,0.35714285714285715
2023-12-14,2023-12-29,29,0.66502463054187189,0.39162561576354682
2023-12-15,2024-01-02,29,0.57635467980295563,0.39901477832512317
2023-12-18,2024-01-03,29,0.53201970443349755,0.39901477832512317
2023-12-19,2024-01-04,29,0.58866995073891626,0.41625615763546797
2023-12-20,2024-01-05,29,0.51231527093596063,0.47536945812807879
2023-12-21,2024-01-08,29,0.62068965517241381,0.37931034482758619
2023-12-22,2024-01-09,29,0.49014778325123154,0.46551724137931033
2023-12-25,2024-01-10,29,0.49507389162561577,0.49753694581280788
2023-12-26,2024-01-11,29,0.53448275862068961,0.47044334975369456
2023-12-27,2024-01-12,29,0.58866995073891626,0.43842364532019706
2023-12-28,2024-01-15,29,0.56896551724137934,0.47044334975369456
2023-12-29,2024-01-16,29,0.48768472906403942,0.50492610837438423
2024-01-02,2024-01-17,29,0.50985221674876846,0.47783251231527096
2024-01-03,2024-01-18,29,0.47290640394088668,0.5
2024-01-04,2024-01-19,29,0.48768472906403942,0.51231527093596063
2024-01-05,2024-01-22,29,0.39408866995073893,0.61330049261083741
2024-01-08,2024-01-23,29,0.39408866995073893,0.60591133004926112
2024-01-09,2024-01-24,29,0.3817733990147783,0.59852216748768472
2024-01-10,2024-01-25,29,0.41871921182266009,0.58866995073891626
2024-01-11,2024-01-26,29,0.41379310344827586,0.55418719211822665
2024-01-12,2024-01-29,29,0.39655172413793105,0.57635467980295563
2024-01-15,2024-01-30,29,0.47536945812807879,0.50492610837438423
2024-01-16,2024-01-31,29,0.50492610837438423,0.47536945812807879
2024-01-17,2024-02-01,29,0.44581280788177341,0.47536945812807879
2024-01-18,2024-02-02,29,0.49753694581280788,0.45073891625615764
2024-01-19,2024-02-05,29,0.44088669950738918,0.49753694581280788
2024-01-22,2024-02-06,29,0.49261083743842365,0.50246305418719217
2024-01-23,2024-02-07,29,0.54679802955665024,0.45320197044334976
2024-01-24,2024-02-08,29,0.52955665024630538,0.47536945812807879
2024-01-25,2024-02-19,29,0.51724137931034486,0.45073891625615764
2024-01-26,2024-02-20,29,0.48768472906403942,0.49014778325123154
2024-01-29,2024-02-21,29,0.56650246305418717,0.46305418719211822
2024-01-30,2024-02-22,29,0.51231527093596063,0.50985221674876846
2024-01-31,2024-02-23,29,0.54433497536945807,0.47783251231527096
2024-02-01,2024-02-26,29,0.56403940886699511,0.5
2024-02-02,2024-02-27,29,0.69458128078817738,0.35467980295566504
2024-02-05,2024-02-28,29,0.82019704433497542,0.27093596059113301
2024-02-06,2024-02-29,29,0.74876847290640391,0.30295566502463056
2024-02-07,2024-03-01,29,0.76847290640394084,0.24630541871921183
2024-02-08,2024-03-04,29,0.69950738916256161,0.31773399014778325
2024-02-19,2024-03-05,29,0.61083743842364535,0.38423645320197042
2024-02-20,2024-03-06,29,0.57635467980295563,0.41871921182266009
2024-02-21,2024-03-07,29,0.6280788177339901,0.36206896551724138
2024-02-22,2024-03-08,29,0.51970443349753692,0.48029556650246308
2024-02-23,2024-03-11,29,0.46798029556650245,0.51477832512315269
2024-02-26,2024-03-12,29,0.46305418719211822,0.48275862068965519
2024-02-27,2024-03-13,29,0.47044334975369456,0.49753694581280788
2024-02-28,2024-03-14,29,0.53201970443349755,0.45073891625615764
2024-02-29,2024-03-15,29,0.44581280788177341,0.49753694581280788
2024-03-01,2024-03-18,29,0.53694581280788178,0.45073891625615764
2024-03-04,2024-03-19,29,0.53448275862068961,0.41871921182266009
2024-03-05,2024-03-20,29,0.56896551724137934,0.35467980295566504
2024-03-06,2024-03-21,29,0.54679802955665024,0.4211822660098522
2024-03-07,2024-03-22,29,0.58128078817733986,0.39408866995073893
2024-03-08,2024-03-25,29,0.54433497536945807,0.43349753694581283
2024-03-11,2024-03-26,29,0.5,0.5
2024-03-12,2024-03-27,29,0.50492610837438423,0.48768472906403942
2024-03-13,2024-03-28,29,0.44827586206896552,0.55665024630541871
2024-03-14,2024-03-29,29,0.47783251231527096,0.51477832512315269
2024-03-15,2024-04-01,29,0.3891625615763547,0.59359605911330049
2024-03-18,2024-04-02,29,0.39655172413793105,0.55172413793103448
2024-03-19,2024-04-03,29,0.49261083743842365,0.51477832512315269
2024-03-20,2024-04-08,29,0.49261083743842365,0.52955665024630538
2024-03-21,2024-04-09,29,0.47290640394088668,0.56650246305418717
2024-03-22,2024-04-10,29,0.57389162561576357,0.46305418719211822
2024-03-25,2024-04-11,29,0.55172413793103448,0.44088669950738918
2024-03-26,2024-04-12,29,0.54679802955665024,0.45073891625615764
2024-03-27,2024-04-15,29,0.55911330049261088,0.45320197044334976
2024-03-28,2024-04-16,29,0.51724137931034486,0.49507389162561577
2024-03-29,2024-04-17,29,0.49014778325123154,0.51477832512315269
2024-04-01,2024-04-18,29,0.57635467980295563,0.43349753694581283
2024-04-02,2024-04-19,29,0.51477832512315269,0.48029556650246308
2024-04-03,2024-04-22,29,0.50246305418719217,0.45566502463054187
2024-04-08,2024-04-23,29,0.54433497536945807,0.46551724137931033
2024-04-09,2024-04-24,29,0.56157635467980294,0.42610837438423643
2024-04-10,2024-04-25,29,0.52216748768472909,0.46798029556650245
2024-04-11,2024-04-26,29,0.48522167487684731,0.5073891625615764
2024-04-12,2024-04-29,29,0.40640394088669951,0.55418719211822665
2024-04-15,2024-04-30,29,0.53201970443349755,0.48768472906403942
2024-04-16,2024-05-06,29,0.56157635467980294,0.48029556650246308
2024-04-17,2024-05-07,29,0.5788177339901478,0.44827586206896552
2024-04-18,2024-05-08,29,0.60344827586206895,0.44088669950738918
2024-04-19,2024-05-09,29,0.55418719211822665,0.49507389162561577
2024-04-22,2024-05-10,29,0.59605911330049266,0.41871921182266009
2024-04-23,2024-05-13,29,0.55172413793103448,0.41379310344827586
2024-04-24,2024-05-14,29,0.53448275862068961,0.43349753694581283
2024-04-25,2024-05-15,29,0.57389162561576357,0.40640394088669951
2024-04-26,2024-05-16,29,0.54679802955665024,0.45812807881773399
2024-04-29,2024-05-17,29,0.51724137931034486,0.44827586206896552
2024-04-30,2024-05-20,29,0.58866995073891626,0.3817733990147783
2024-05-06,2024-05-21,29,0.50985221674876846,0.45073891625615764
2024-05-07,2024-05-22,29,0.57635467980295563,0.40886699507389163
2024-05-08,2024-05-23,29,0.61083743842364535,0.3891625615763547
2024-05-09,2024-05-24,29,0.5,0.53201970443349755
2024-05-10,2024-05-27,29,0.54679802955665024,0.47044334975369456
2024-05-13,2024-05-28,29,0.54679802955665024,0.44581280788177341
2024-05-14,2024-05-29,29,0.53940886699507384,0.47290640394088668
2024-05-15,2024-05-30,29,0.53694581280788178,0.43596059113300495
2024-05-16,2024-05-31,29,0.53448275862068961,0.40147783251231528
2024-05-17,2024-06-03,29,0.58866995073891626,0.42857142857142855
2024-05-20,2024-06-04,29,0.63793103448275867,0.34482758620689657
2024-05-21,2024-06-05,29,0.51724137931034486,0.47536945812807879
2024-05-22,2024-06-06,29,0.52709359605911332,0.45073891625615764
2024-05-23,2024-06-07,29,0.57389162561576357,0.40886699507389163
2024-05-24,2024-06-11,29,0.59113300492610843,0.37684729064039407
2024-05-27,2024-06-12,29,0.56403940886699511,0.42610837438423643
2024-05-28,2024-06-13,29,0.56403940886699511,0.42610837438423643
2024-05-29,2024-06-14,29,0.53448275862068961,0.44827586206896552
2024-05-30,2024-06-17,29,0.49014778325123154,0.48275862068965519
2024-05-31,2024-06-18,29,0.40886699507389163,0.58866995073891626
2024-06-03,2024-06-19,29,0.37931034482758619,0.60098522167487689
2024-06-04,2024-06-20,29,0.43103448275862066,0.56403940886699511
2024-06-05,2024-06-21,29,0.41625615763546797,0.55665024630541871
2024-06-06,2024-06-24,29,0.5,0.58620689655172409
2024-06-07,2024-06-25,29,0.47783251231527096,0.59605911330049266
2024-06-11,2024-06-26,29,0.52709359605911332,0.62315270935960587
2024-06-12,2024-06-27,29,0.58866995073891626,0.56650246305418717
2024-06-13,2024-06-28,29,0.55665024630541871,0.58374384236453203
2024-06-14,2024-07-01,29,0.51970443349753692,0.59359605911330049
2024-06-17,2024-07-02,29,0.54187192118226601,0.5714285714285714
2024-06-18,2024-07-03,29,0.45073891625615764,0.65517241379310343
2024-06-19,2024-07-04,29,0.46551724137931033,0.6428571428571429
2024-06-20,2024-07-05,29,0.48768472906403942,0.60344827586206895
2024-06-21,2024-07-08,29,0.42364532019704432,0.62315270935960587
2024-06-24,2024-07-09,29,0.36699507389162561,0.6576354679802956
2024-06-25,2024-07-10,29,0.37684729064039407,0.58866995073891626
2024-06-26,2024-07-11,29,0.39162561576354682,0.60591133004926112
2024-06-27,2024-07-12,29,0.46798029556650245,0.53448275862068961
2024-06-28,2024-07-15,29,0.44334975369458129,0.54187192118226601
2024-07-01,2024-07-16,29,0.39655172413793105,0.55665024630541871
2024-07-02,2024-07-17,29,0.31527093596059114,0.6428571428571429
2024-07-03,2024-07-18,29,0.4211822660098522,0.53201970443349755
2024-07-04,2024-07-19,29,0.46551724137931033,0.5073891625615764
2024-07-05,2024-07-22,29,0.51724137931034486,0.49261083743842365
2024-07-08,2024-07-23,29,0.55418719211822665,0.42857142857142855
2024-07-09,2024-07-24,29,0.50985221674876846,0.45073891625615764
2024-07-10,2024-07-25,29,0.47536945812807879,0.49753694581280788
2024-07-11,2024-07-26,29,0.53940886699507384,0.46798029556650245
2024-07-12,2024-07-29,29,0.50492610837438423,0.48029556650246308
2024-07-15,2024-07-30,29,0.52216748768472909,0.4605911330049261
2024-07-16,2024-07-31,29,0.61576354679802958,0.33004926108374383
2024-07-17,2024-08-01,29,0.54433497536945807,0.42857142857142855
2024-07-18,2024-08-02,29,0.58128078817733986,0.36945812807881773
2024-07-19,2024-08-05,29,0.58374384236453203,0.40147783251231528
2024-07-22,2024-08-06,29,0.47290640394088668,0.44827586206896552
2024-07-23,2024-08-07,29,0.48768472906403942,0.39408866995073893
2024-07-24,2024-08-08,29,0.53694581280788178,0.32758620689655171
2024-07-25,2024-08-09,29,0.5,0.37931034482758619
2024-07-26,2024-08-12,29,0.49261083743842365,0.41133004926108374
2024-07-29,2024-08-13,29,0.43103448275862066,0.4211822660098522
2024-07-30,2024-08-14,29,0.45320197044334976,0.43596059113300495
2024-07-31,2024-08-15,29,0.43349753694581283,0.48275862068965519
2024-08-01,2024-08-16,29,0.31527093596059114,0.56157635467980294
2024-08-02,2024-08-19,29,0.3817733990147783,0.55665024630541871
2024-08-05,2024-08-20,29,0.41871921182266009,0.5788177339901478
2024-08-06,2024-08-21,29,0.46551724137931033,0.66256157635467983
2024-08-07,2024-08-22,29,0.47536945812807879,0.63300492610837433
2024-08-08,2024-08-23,29,0.50985221674876846,0.58374384236453203
2024-08-09,2024-08-26,29,0.47290640394088668,0.59113300492610843
2024-08-12,2024-08-27,29,0.47290640394088668,0.54433497536945807
2024-08-13,2024-08-28,29,0.3891625615763547,0.62068965517241381
2024-08-14,2024-08-29,29,0.39408866995073893,0.54926108374384242
2024-08-15,2024-08-30,29,0.44334975369458129,0.5
2024-08-16,2024-09-02,29,0.45073891625615764,0.47783251231527096
2024-08-19,2024-09-03,29,0.42610837438423643,0.52709359605911332
2024-08-20,2024-09-04,29,0.53201970443349755,0.44827586206896552
2024-08-21,2024-09-05,29,0.56650246305418717,0.39901477832512317
2024-08-22,2024-09-06,29,0.62561576354679804,0.37684729064039407
2024-08-23,2024-09-09,29,0.5788177339901478,0.43103448275862066
2024-08-26,2024-09-10,29,0.48522167487684731,0.49261083743842365
2024-08-27,2024-09-11,29,0.51970443349753692,0.45073891625615764
2024-08-28,2024-09-12,29,0.55418719211822665,0.46551724137931033
2024-08-29,2024-09-13,29,0.49507389162561577,0.49507389162561577
2024-08-30,2024-09-18,29,0.50246305418719217,0.43596059113300495
2024-09-02,2024-09-19,29,0.51724137931034486,0.47290640394088668
2024-09-03,2024-09-20,29,0.52955665024630538,0.45073891625615764
2024-09-04,2024-09-23,29,0.58620689655172409,0.41871921182266009
2024-09-05,2024-09-24,29,0.55665024630541871,0.49507389162561577
2024-09-06,2024-09-25,29,0.58128078817733986,0.43596059113300495
2024-09-09,2024-09-26,29,0.58620689655172409,0.40640394088669951
2024-09-10,2024-09-27,29,0.66995073891625612,0.31527093596059114
2024-09-11,2024-09-30,29,0.66009852216748766,0.28817733990147781
2024-09-12,2024-10-08,29,0.61330049261083741,0.32758620689655171
2024-09-13,2024-10-09,29,0.6354679802955665,0.34236453201970446
2024-09-18,2024-10-10,29,0.61330049261083741,0.35960591133004927
2024-09-19,2024-10-11,29,0.59359605911330049,0.35960591133004927
2024-09-20,2024-10-14,29,0.61083743842364535,0.36699507389162561
2024-09-23,2024-10-15,29,0.61330049261083741,0.39901477832512317
2024-09-24,2024-10-16,29,0.57389162561576357,0.41625615763546797
2024-09-25,2024-10-17,29,0.56157635467980294,0.45320197044334976
2024-09-26,2024-10-18,29,0.56650246305418717,0.44827586206896552
2024-09-27,2024-10-21,29,0.52463054187192115,0.44827586206896552
2024-09-30,2024-10-22,29,0.46551724137931033,0.54187192118226601
2024-10-08,2024-10-23,29,0.48275862068965519,0.55418719211822665
2024-10-09,2024-10-24,29,0.59605911330049266,0.40640394088669951
2024-10-10,2024-10-25,29,0.49261083743842365,0.45812807881773399
2024-10-11,2024-10-28,29,0.49261083743842365,0.48768472906403942
2024-10-14,2024-10-29,29,0.43842364532019706,0.52955665024630538
2024-10-15,2024-10-30,29,0.41871921182266009,0.58866995073891626
2024-10-16,2024-10-31,29,0.44088669950738918,0.56403940886699511
2024-10-17,2024-11-01,29,0.44334975369458129,0.50985221674876846
2024-10-18,2024-11-04,29,0.56896551724137934,0.46798029556650245
2024-10-21,2024-11-05,29,0.53201970443349755,0.50492610837438423
2024-10-22,2024-11-06,29,0.53940886699507384,0.47290640394088668
2024-10-23,2024-11-07,29,0.51231527093596063,0.4605911330049261
2024-10-24,2024-11-08,29,0.49753694581280788,0.5073891625615764
2024-10-25,2024-11-11,29,0.56403940886699511,0.41379310344827586
2024-10-28,2024-11-12,28,0.56878306878306883,0.43915343915343913
2024-10-29,2024-11-13,28,0.55555555555555558,0.48677248677248675
2024-10-30,2024-11-14,28,0.6164021164021164,0.3968253968253968
2024-10-31,2024-11-15,28,0.57671957671957674,0.42063492063492064
2024-11-01,2024-11-18,28,0.58201058201058198,0.42592592592592593
2024-11-04,2024-11-19,28,0.55291005291005291,0.43121693121693122
2024-11-05,2024-11-20,28,0.56084656084656082,0.4417989417989418
2024-11-06,2024-11-21,28,0.52380952380952384,0.46031746031746029
2024-11-07,2024-11-22,28,0.47354497354497355,0.5
2024-11-08,2024-11-25,28,0.43386243386243384,0.5714285714285714
2024-11-11,2024-11-26,28,0.48677248677248675,0.51587301587301593
2024-11-12,2024-11-27,28,0.56084656084656082,0.47089947089947087
2024-11-13,2024-11-28,28,0.5,0.50264550264550267
2024-11-14,2024-11-29,28,0.48148148148148145,0.50793650793650791
2024-11-15,2024-12-02,28,0.42063492063492064,0.52380952380952384
2024-11-18,2024-12-03,28,0.39947089947089948,0.57936507936507942
2024-11-19,2024-12-04,28,0.41269841269841268,0.51851851851851849
2024-11-20,2024-12-05,28,0.52116402116402116,0.48148148148148145
2024-11-21,2024-12-06,28,0.58730158730158732,0.47619047619047616
2024-11-22,2024-12-09,28,0.53703703703703709,0.52380952380952384
2024-11-25,2024-12-10,28,0.52645502645502651,0.56349206349206349
2024-11-26,2024-12-11,28,0.52380952380952384,0.55291005291005291
2024-11-27,2024-12-12,28,0.58201058201058198,0.48941798941798942
2024-11-28,2024-12-13,28,0.50793650793650791,0.51058201058201058
2024-11-29,2024-12-16,28,0.62962962962962965,0.41005291005291006
2024-12-02,2024-12-17,28,0.57936507936507942,0.43915343915343913
2024-12-03,2024-12-18,28,0.62169312169312174,0.40211640211640209
2024-12-04,2024-12-19,28,0.59788359788359791,0.43650793650793651
2024-12-05,2024-12-20,29,0.52955665024630538,0.43349753694581283
2024-12-06,2024-12-23,29,0.48522167487684731,0.44334975369458129
2024-12-09,2024-12-24,29,0.42364532019704432,0.49261083743842365
2024-12-10,2024-12-25,29,0.42364532019704432,0.48768472906403942
2024-12-11,2024-12-26,29,0.47044334975369456,0.47044334975369456
2024-12-12,2024-12-27,29,0.4605911330049261,0.4211822660098522
2024-12-13,2024-12-30,29,0.41379310344827586,0.39162561576354682
2024-12-16,2024-12-31,29,0.40147783251231528,0.44088669950738918
2024-12-17,2025-01-02,29,0.3251231527093596,0.48522167487684731
2024-12-18,2025-01-03,29,0.42364532019704432,0.49753694581280788
2024-12-19,2025-01-06,29,0.48029556650246308,0.46798029556650245
2024-12-20,2025-01-07,29,0.62068965517241381,0.43596059113300495
2024-12-23,2025-01-08,29,0.47044334975369456,0.45812807881773399
2024-12-24,2025-01-09,29,0.44827586206896552,0.48768472906403942
2024-12-25,2025-01-10,29,0.41625615763546797,0.52463054187192115
2024-12-26,2025-01-13,29,0.48275862068965519,0.48768472906403942
2024-12-27,2025-01-14,29,0.49507389162561577,0.48029556650246308
2024-12-30,2025-01-15,29,0.55172413793103448,0.4605911330049261
2024-12-31,2025-01-16,29,0.43842364532019706,0.49261083743842365
2025-01-02,2025-01-17,29,0.4605911330049261,0.49261083743842365
2025-01-03,2025-01-20,29,0.54433497536945807,0.47783251231527096
2025-01-06,2025-01-21,29,0.50985221674876846,0.48029556650246308
2025-01-07,2025-01-22,29,0.46305418719211822,0.50985221674876846
2025-01-08,2025-01-23,29,0.47044334975369456,0.46551724137931033
2025-01-09,2025-01-24,29,0.5073891625615764,0.44088669950738918
2025-01-10,2025-01-27,29,0.55665024630541871,0.4211822660098522
2025-01-13,2025-02-05,29,0.58374384236453203,0.46798029556650245
2025-01-14,2025-02-06,29,0.56403940886699511,0.47290640394088668
2025-01-15,2025-02-07,29,0.63054187192118227,0.49507389162561577
2025-01-16,2025-02-10,29,0.51970443349753692,0.50492610837438423
2025-01-17,2025-02-11,29,0.62068965517241381,0.47290640394088668
2025-01-20,2025-02-12,29,0.64532019704433496,0.48029556650246308
2025-01-21,2025-02-13,29,0.73891625615763545,0.42610837438423643
2025-01-22,2025-02-14,29,0.7068965517241379,0.34729064039408869
2025-01-23,2025-02-17,29,0.70443349753694584,0.36699507389162561
2025-01-24,2025-02-18,29,0.70443349753694584,0.39901477832512317
2025-01-27,2025-02-19,29,0.64778325123152714,0.42857142857142855
2025-02-05,2025-02-20,29,0.63793103448275867,0.37438423645320196
2025-02-06,2025-02-21,29,0.61083743842364535,0.41379310344827586
2025-02-07,2025-02-24,29,0.6354679802955665,0.44827586206896552
2025-02-10,2025-02-25,29,0.49507389162561577,0.48275862068965519
2025-02-11,2025-02-26,29,0.48029556650246308,0.5
2025-02-12,2025-02-27,29,0.49753694581280788,0.53448275862068961
2025-02-13,2025-02-28,29,0.49014778325123154,0.51970443349753692
2025-02-14,2025-03-03,29,0.45073891625615764,0.56157635467980294
2025-02-17,2025-03-04,29,0.46551724137931033,0.4605911330049261
2025-02-18,2025-03-05,29,0.48768472906403942,0.54679802955665024
2025-02-19,2025-03-06,28,0.61111111111111116,0.55820105820105825
2025-02-20,2025-03-07,28,0.56613756613756616,0.56084656084656082
2025-02-21,2025-03-10,28,0.57407407407407407,0.46296296296296297
2025-02-24,2025-03-11,29,0.62561576354679804,0.43349753694581283
2025-02-25,2025-03-12,29,0.59359605911330049,0.48275862068965519
2025-02-26,2025-03-13,29,0.54679802955665024,0.52463054187192115
2025-02-27,2025-03-14,29,0.59113300492610843,0.40640394088669951
2025-02-28,2025-03-17,29,0.6428571428571429,0.39162561576354682
2025-03-03,2025-03-18,29,0.61576354679802958,0.37438423645320196
2025-03-04,2025-03-19,29,0.66009852216748766,0.35221674876847292
2025-03-05,2025-03-20,28,0.68253968253968256,0.28306878306878308
2025-03-06,2025-03-21,28,0.71164021164021163,0.31216931216931215
2025-03-07,2025-03-24,28,0.66137566137566139,0.35185185185185186
2025-03-10,2025-03-25,28,0.60846560846560849,0.40211640211640209
2025-03-11,2025-03-26,28,0.64814814814814814,0.32010582010582012
2025-03-12,2025-03-27,28,0.55026455026455023,0.41269841269841268
2025-03-13,2025-03-28,28,0.49735449735449733,0.37566137566137564
2025-03-14,2025-03-31,28,0.56613756613756616,0.36507936507936506
2025-03-17,2025-04-01,28,0.60052910052910058,0.35185185185185186
2025-03-18,2025-04-02,28,0.58201058201058198,0.36507936507936506
2025-03-19,2025-04-03,28,0.59788359788359791,0.34126984126984128
2025-03-20,2025-04-07,29,0.52955665024630538,0.37684729064039407
2025-03-21,2025-04-08,29,0.48522167487684731,0.46551724137931033
2025-03-24,2025-04-09,29,0.4039408866995074,0.50492610837438423
2025-03-25,2025-04-10,29,0.40147783251231528,0.56650246305418717
2025-03-26,2025-04-11,29,0.43596059113300495,0.53694581280788178
2025-03-27,2025-04-14,29,0.47044334975369456,0.51477832512315269
2025-03-28,2025-04-15,29,0.43596059113300495,0.49753694581280788
2025-03-31,2025-04-16,29,0.35467980295566504,0.5714285714285714
2025-04-01,2025-04-17,29,0.33004926108374383,0.55911330049261088
2025-04-02,2025-04-18,29,0.32019704433497537,0.53448275862068961
2025-04-03,2025-04-21,29,0.38423645320197042,0.52216748768472909
2025-04-07,2025-04-22,29,0.52216748768472909,0.45566502463054187
2025-04-08,2025-04-23,29,0.53201970443349755,0.46305418719211822
2025-04-09,2025-04-24,29,0.51477832512315269,0.50492610837438423
2025-04-10,2025-04-25,29,0.48275862068965519,0.54679802955665024
2025-04-11,2025-04-28,29,0.43596059113300495,0.56896551724137934
2025-04-14,2025-04-29,29,0.51477832512315269,0.51970443349753692
2025-04-15,2025-04-30,29,0.5714285714285714,0.44088669950738918
2025-04-16,2025-05-06,29,0.63300492610837433,0.3645320197044335
2025-04-17,2025-05-07,29,0.61822660098522164,0.4039408866995074
2025-04-18,2025-05-08,29,0.64532019704433496,0.3645320197044335
2025-04-21,2025-05-09,29,0.68226600985221675,0.33251231527093594
2025-04-22,2025-05-12,29,0.64778325123152714,0.38423645320197042
2025-04-23,2025-05-13,29,0.59605911330049266,0.43103448275862066
2025-04-24,2025-05-14,29,0.63300492610837433,0.37931034482758619
2025-04-25,2025-05-15,29,0.67733990147783252,0.33990147783251229
2025-04-28,2025-05-16,29,0.65024630541871919,0.36945812807881773
2025-04-29,2025-05-19,29,0.64039408866995073,0.35714285714285715
2025-04-30,2025-05-20,29,0.56650246305418717,0.38423645320197042
2025-05-06,2025-05-21,29,0.52216748768472909,0.43349753694581283
2025-05-07,2025-05-22,29,0.44334975369458129,0.5
2025-05-08,2025-05-23,29,0.41625615763546797,0.55911330049261088
2025-05-09,2025-05-26,28,0.56349206349206349,0.43386243386243384
2025-05-12,2025-05-27,28,0.55820105820105825,0.47089947089947087
2025-05-13,2025-05-28,28,0.54232804232804233,0.45767195767195767
2025-05-14,2025-05-29,28,0.51322751322751325,0.47883597883597884
2025-05-15,2025-05-30,28,0.59523809523809523,0.40740740740740738
2025-05-16,2025-06-03,28,0.55026455026455023,0.41534391534391535
2025-05-19,2025-06-04,28,0.5,0.47354497354497355
2025-05-20,2025-06-05,28,0.50264550264550267,0.45767195767195767
2025-05-21,2025-06-06,28,0.48148148148148145,0.49470899470899471
2025-05-22,2025-06-09,28,0.46560846560846558,0.53439153439153442
2025-05-23,2025-06-10,28,0.46560846560846558,0.54761904761904767
2025-05-26,2025-06-11,28,0.4417989417989418,0.53439153439153442
2025-05-27,2025-06-12,28,0.41798941798941797,0.5714285714285714
2025-05-28,2025-06-13,28,0.36772486772486773,0.61111111111111116
2025-05-29,2025-06-16,28,0.39947089947089948,0.58994708994709
2025-05-30,2025-06-17,28,0.455026455026455,0.53439153439153442
2025-06-03,2025-06-18,28,0.41798941798941797,0.49735449735449733
2025-06-04,2025-06-19,28,0.43650793650793651,0.54761904761904767
2025-06-05,2025-06-20,28,0.43121693121693122,0.57936507936507942
2025-06-06,2025-06-23,28,0.46560846560846558,0.52116402116402116
2025-06-09,2025-06-24,28,0.46825396825396826,0.51058201058201058
2025-06-10,2025-06-25,28,0.50793650793650791,0.51322751322751325
2025-06-11,2025-06-26,28,0.53703703703703709,0.49470899470899471
2025-06-12,2025-06-27,28,0.55291005291005291,0.46296296296296297
2025-06-13,2025-06-30,28,0.49735449735449733,0.48412698412698413
2025-06-16,2025-07-01,28,0.46296296296296297,0.50529100529100535
2025-06-17,2025-07-02,28,0.50264550264550267,0.48941798941798942
2025-06-18,2025-07-03,28,0.5,0.48941798941798942
2025-06-19,2025-07-04,29,0.51970443349753692,0.45320197044334976
2025-06-20,2025-07-07,29,0.54679802955665024,0.39655172413793105
2025-06-23,2025-07-08,29,0.56403940886699511,0.41133004926108374
2025-06-24,2025-07-09,29,0.55911330049261088,0.39901477832512317
2025-06-25,2025-07-10,29,0.56896551724137934,0.39655172413793105
2025-06-26,2025-07-11,29,0.53940886699507384,0.44827586206896552
2025-06-27,2025-07-14,29,0.61822660098522164,0.42364532019704432
2025-06-30,2025-07-15,29,0.56403940886699511,0.45812807881773399
2025-07-01,2025-07-16,29,0.5714285714285714,0.40147783251231528
2025-07-02,2025-07-17,29,0.59605911330049266,0.40640394088669951
2025-07-03,2025-07-18,29,0.54926108374384242,0.46305418719211822
2025-07-04,2025-07-21,29,0.56157635467980294,0.46551724137931033
2025-07-07,2025-07-22,29,0.54679802955665024,0.50246305418719217
2025-07-08,2025-07-23,29,0.52216748768472909,0.53448275862068961
2025-07-09,2025-07-24,29,0.54433497536945807,0.46305418719211822
2025-07-10,2025-07-25,29,0.61330049261083741,0.37438423645320196
2025-07-11,2025-07-28,29,0.51970443349753692,0.48522167487684731
2025-07-14,2025-07-29,29,0.51970443349753692,0.48522167487684731
2025-07-15,2025-07-30,29,0.5073891625615764,0.51970443349753692
2025-07-16,2025-07-31,29,0.42610837438423643,0.59852216748768472
2025-07-17,2025-08-01,29,0.45566502463054187,0.5073891625615764
2025-07-18,2025-08-04,29,0.45812807881773399,0.52463054187192115
2025-07-21,2025-08-05,29,0.41871921182266009,0.59605911330049266
2025-07-22,2025-08-06,29,0.45812807881773399,0.57389162561576357
2025-07-23,2025-08-07,29,0.4605911330049261,0.5788177339901478
2025-07-24,2025-08-08,29,0.4211822660098522,0.61822660098522164
2025-07-25,2025-08-11,29,0.50985221674876846,0.53201970443349755
2025-07-28,2025-08-12,29,0.45812807881773399,0.53694581280788178
2025-07-29,2025-08-13,29,0.43349753694581283,0.52216748768472909
2025-07-30,2025-08-14,29,0.47783251231527096,0.49261083743842365
2025-07-31,2025-08-15,29,0.46798029556650245,0.51970443349753692
2025-08-01,2025-08-18,28,0.43650793650793651,0.54232804232804233
2025-08-04,2025-08-19,28,0.48148148148148145,0.50264550264550267
2025-08-05,2025-08-20,28,0.455026455026455,0.53703703703703709
2025-08-06,2025-08-21,28,0.43650793650793651,0.60846560846560849
2025-08-07,2025-08-22,28,0.48941798941798942,0.53968253968253965
2025-08-08,2025-08-25,28,0.47354497354497355,0.55026455026455023
2025-08-11,2025-08-26,28,0.41269841269841268,0.61904761904761907
2025-08-12,2025-08-27,28,0.46560846560846558,0.51322751322751325
2025-08-13,2025-08-28,28,0.50793650793650791,0.50529100529100535
2025-08-14,2025-08-29,28,0.46031746031746029,0.55026455026455023
2025-08-15,2025-09-01,28,0.43915343915343913,0.55820105820105825
2025-08-18,2025-09-02,28,0.37301587301587302,0.59788359788359791
2025-08-19,2025-09-03,28,0.37566137566137564,0.60846560846560849
2025-08-20,2025-09-04,28,0.3888888888888889,0.6164021164021164
2025-08-21,2025-09-05,28,0.3835978835978836,0.65343915343915349
2025-08-22,2025-09-08,28,0.42063492063492064,0.60052910052910058
2025-08-25,2025-09-09,28,0.46296296296296297,0.53174603174603174
2025-08-26,2025-09-10,28,0.42857142857142855,0.53968253968253965
2025-08-27,2025-09-11,28,0.39947089947089948,0.6243386243386243
2025-08-28,2025-09-12,28,0.43915343915343913,0.60052910052910058
2025-08-29,2025-09-15,28,0.52116402116402116,0.48148148148148145
2025-09-01,2025-09-16,28,0.53439153439153442,0.46031746031746029
2025-09-02,2025-09-17,28,0.46031746031746029,0.57407407407407407
2025-09-03,2025-09-18,28,0.55291005291005291,0.53174603174603174
2025-09-04,2025-09-19,28,0.46825396825396826,0.544973544973545
2025-09-05,2025-09-22,28,0.53439153439153442,0.44973544973544971
2025-09-08,2025-09-23,28,0.42063492063492064,0.58730158730158732
2025-09-09,2025-09-24,28,0.5,0.46560846560846558
2025-09-10,2025-09-25,29,0.52955665024630538,0.45812807881773399
2025-09-11,2025-09-26,29,0.53694581280788178,0.3645320197044335
2025-09-12,2025-09-29,29,0.58866995073891626,0.36699507389162561
2025-09-15,2025-09-30,29,0.57389162561576357,0.39901477832512317
2025-09-16,2025-10-09,29,0.64039408866995073,0.38669950738916259
2025-09-17,2025-10-10,29,0.66748768472906406,0.35960591133004927
2025-09-18,2025-10-13,29,0.69458128078817738,0.33743842364532017
2025-09-19,2025-10-14,29,0.66502463054187189,0.35960591133004927
2025-09-22,2025-10-15,29,0.52216748768472909,0.33497536945812806
2025-09-23,2025-10-16,29,0.50492610837438423,0.39162561576354682
2025-09-24,2025-10-17,29,0.54433497536945807,0.39901477832512317
2025-09-25,2025-10-20,29,0.54433497536945807,0.47044334975369456
2025-09-26,2025-10-21,29,0.52463054187192115,0.48275862068965519
2025-09-29,2025-10-22,29,0.47783251231527096,0.45812807881773399
2025-09-30,2025-10-23,29,0.44581280788177341,0.46551724137931033
2025-10-09,2025-10-24,29,0.44827586206896552,0.55172413793103448
2025-10-10,2025-10-27,29,0.32266009852216748,0.60837438423645318
2025-10-13,2025-10-28,29,0.35467980295566504,0.54433497536945807
2025-10-14,2025-10-29,29,0.33251231527093594,0.55418719211822665
2025-10-15,2025-10-30,29,0.35714285714285715,0.56403940886699511
2025-10-16,2025-10-31,29,0.41871921182266009,0.53940886699507384
2025-10-17,2025-11-03,29,0.55172413793103448,0.48029556650246308
2025-10-20,2025-11-04,29,0.56896551724137934,0.49014778325123154
2025-10-21,2025-11-05,29,0.58620689655172409,0.41133004926108374
2025-10-22,2025-11-06,29,0.5788177339901478,0.42610837438423643
2025-10-23,2025-11-07,29,0.60344827586206895,0.43103448275862066
2025-10-24,2025-11-10,29,0.61576354679802958,0.37438423645320196
2025-10-27,2025-11-11,29,0.56157635467980294,0.35221674876847292
2025-10-28,2025-11-12,29,0.57635467980295563,0.33743842364532017
2025-10-29,2025-11-13,29,0.60344827586206895,0.33497536945812806
2025-10-30,2025-11-14,29,0.55911330049261088,0.3645320197044335
2025-10-31,2025-11-17,29,0.4605911330049261,0.45566502463054187
2025-11-03,2025-11-18,29,0.52216748768472909,0.40886699507389163
2025-11-04,2025-11-19,29,0.45073891625615764,0.56650246305418717
2025-11-05,2025-11-20,29,0.51724137931034486,0.56157635467980294
2025-11-06,2025-11-21,29,0.59113300492610843,0.40147783251231528
2025-11-07,2025-11-24,29,0.64778325123152714,0.45320197044334976
2025-11-10,2025-11-25,29,0.68965517241379315,0.41625615763546797
2025-11-11,2025-11-26,29,0.69950738916256161,0.52955665024630538
2025-11-12,2025-11-27,29,0.70443349753694584,0.59852216748768472
2025-11-13,2025-11-28,29,0.73645320197044339,0.53448275862068961
2025-11-14,2025-12-01,29,0.77339901477832518,0.48768472906403942
2025-11-17,2025-12-02,29,0.68472906403940892,0.49753694581280788
2025-11-18,2025-12-03,29,0.68719211822660098,0.41133004926108374
2025-11-19,2025-12-04,29,0.59605911330049266,0.37684729064039407
2025-11-20,2025-12-05,29,0.56157635467980294,0.52955665024630538
2025-11-21,2025-12-08,29,0.52709359605911332,0.47290640394088668
2025-11-24,2025-12-09,29,0.59852216748768472,0.59113300492610843
2025-11-25,2025-12-10,29,0.5714285714285714,0.61083743842364535
2025-11-26,2025-12-11,29,0.51477832512315269,0.56157635467980294
2025-11-27,2025-12-12,29,0.45566502463054187,0.58866995073891626
2025-11-28,2025-12-15,29,0.47783251231527096,0.53940886699507384
2025-12-01,2025-12-16,29,0.49014778325123154,0.53694581280788178
2025-12-02,2025-12-17,29,0.52955665024630538,0.48768472906403942
2025-12-03,2025-12-18,29,0.5,0.54433497536945807
2025-12-04,2025-12-19,28,0.455026455026455,0.52645502645502651
2025-12-05,2025-12-22,28,0.47354497354497355,0.55555555555555558
2025-12-08,2025-12-23,28,0.50793650793650791,0.50264550264550267
2025-12-09,2025-12-24,28,0.50529100529100535,0.47089947089947087
2025-12-10,2025-12-25,28,0.52116402116402116,0.43650793650793651
2025-12-11,2025-12-26,28,0.51058201058201058,0.48412698412698413
2025-12-12,2025-12-29,28,0.56613756613756616,0.47883597883597884
2025-12-15,2025-12-30,28,0.65343915343915349,0.50529100529100535
2025-12-16,2025-12-31,28,0.66666666666666663,0.51851851851851849
