date,participation_log,selection_log,execution_log,total_log
2023-01-03,0,0,0,0
2023-01-04,0,0,0,0
2023-01-05,0,0,0,0
2023-01-06,0,0,0,0
2023-01-09,0,0,0,0
2023-01-10,0,0,0,0
2023-01-11,0,0,0,0
2023-01-12,0,0,0,0
2023-01-13,0,0,0,0
2023-01-16,0,0,0,0
2023-01-17,0,0,0,0
2023-01-18,0,0,0,0
2023-01-19,0,0,0,0
2023-01-20,-0,0,0,0
2023-01-30,-0,0,0,0
2023-01-31,-0,0,0,0
2023-02-01,0,0,0,0
2023-02-02,0,0,0,0
2023-02-03,-0,0,0,0
2023-02-06,-0,0,0,0
2023-02-07,-0,0,0,0
2023-02-08,-0,0,0,0
2023-02-09,0,0,0,0
2023-02-10,-0,0,0,0
2023-02-13,0,0,0,0
2023-02-14,-0,0,0,0
2023-02-15,0,0,0,0
2023-02-16,-0,0,0,0
2023-02-17,-0,0,0,0
2023-02-20,0,0,0,0
2023-02-21,0,0,0,0
2023-02-22,-0,0,0,0
2023-02-23,0,0,0,0
2023-02-24,0,0,0,0
2023-02-27,-0,0,0,0
2023-02-28,0,0,0,0
2023-03-01,0,0,0,0
2023-03-02,0,0,0,0
2023-03-03,0,0,0,0
2023-03-06,0,0,0,0
2023-03-07,-0,0,0,0
2023-03-08,0,0,0,0
2023-03-09,0,0,0,0
2023-03-10,0,0,0,0
2023-03-13,0,0,0,0
2023-03-14,0,0,0,0
2023-03-15,-0,0,0,0
2023-03-16,-0,0,0,0
2023-03-17,0,0,0,0
2023-03-20,0,0,0,0
2023-03-21,0,0,0,0
2023-03-22,0,0,0,0
2023-03-23,0,0,0,0
2023-03-24,0,0,0,0
2023-03-27,0,0,0,0
2023-03-28,-0,0,0,0
2023-03-29,0,0,0,0
2023-03-30,0,0,0,0
2023-03-31,0,0,0,0
2023-04-03,0,0,0,0
2023-04-04,0,0,0,0
2023-04-06,-0,0,0,0
2023-04-07,0,0,0,0
2023-04-10,-0,0,0,0
2023-04-11,-0,0,0,0
2023-04-12,0,0,0,0
2023-04-13,-0,0,0,0
2023-04-14,0,0,0,0
2023-04-17,0,0,0,0
2023-04-18,-0,0,0,0
2023-04-19,0,0,0,0
2023-04-20,0,0,0,0
2023-04-21,-0,0,0,0
2023-04-24,-0,0,0,0
2023-04-25,0,0,0,0
2023-04-26,-0,0,0,0
2023-04-27,-0,0,0,0
2023-04-28,0,0,0,0
2023-05-04,-0,0,0,0
2023-05-05,-0,0,0,0
2023-05-08,-0,0,0,0
2023-05-09,0,0,0,0
2023-05-10,-0,0,0,0
2023-05-11,-0,0,0,0
2023-05-12,-0,0,0,0
2023-05-15,0,0,0,0
2023-05-16,0,0,0,0
2023-05-17,0,0,0,0
2023-05-18,0,0,0,0
2023-05-19,-0,0,0,0
2023-05-22,-0,0,0,0
2023-05-23,-0,0,0,0
2023-05-24,0,0,0,0
2023-05-25,0,0,0,0
2023-05-26,0,0,0,0
2023-05-29,0,0,0,0
2023-05-30,-0,0,0,0
2023-05-31,-0,0,0,0
2023-06-01,-0,0,0,0
2023-06-02,0,0,0,0
2023-06-05,0,0,0,0
2023-06-06,-0,0,0,0
2023-06-07,-0,0,0,0
2023-06-08,-0,0,0,0
2023-06-09,0,0,0,0
2023-06-12,-0,0,0,0
2023-06-13,0,0,0,0
2023-06-14,0,0,0,0
2023-06-15,-0,0,0,0
2023-06-16,0,0,0,0
2023-06-19,-0,0,0,0
2023-06-20,-0,0,0,0
2023-06-21,-0,0,0,0
2023-06-26,0,0,0,0
2023-06-27,0,0,0,0
2023-06-28,0,0,0,0
2023-06-29,0,0,0,0
2023-06-30,0,0,0,0
2023-07-03,0,0,0,0
2023-07-04,0,0,0,0
2023-07-05,0,0,0,0
2023-07-06,0,0,0,0
2023-07-07,0,0,0,0
2023-07-10,0,0,0,0
2023-07-11,0,0,0,0
2023-07-12,0,0,0,0
2023-07-13,0,0,0,0
2023-07-14,0,0,0,0
2023-07-17,0,0,0,0
2023-07-18,0,0,0,0
2023-07-19,0,0,0,0
2023-07-20,0,0,0,0
2023-07-21,0,0,0,0
2023-07-24,0,0,0,0
2023-07-25,0,0,0,0
2023-07-26,0,0,0,0
2023-07-27,0,0,0,0
2023-07-28,0,0,0,0
2023-07-31,0,0,0,0
2023-08-01,0,0,0,0
2023-08-02,0,0,0,0
2023-08-03,0,0,0,0
2023-08-04,0,0,0,0
2023-08-07,0,0,0,0
2023-08-08,0,0,0,0
2023-08-09,0,0,0,0
2023-08-10,0,0,0,0
2023-08-11,0,0,0,0
2023-08-14,0,0,0,0
2023-08-15,0,0,0,0
2023-08-16,0,0,0,0
2023-08-17,0,0,0,0
2023-08-18,0,0,0,0
2023-08-21,0,0,0,0
2023-08-22,0,0,0,0
2023-08-23,0,0,0,0
2023-08-24,0,0,0,0
2023-08-25,0,0,0,0
2023-08-28,0,0,0,0
2023-08-29,0,0,0,0
2023-08-30,0,0,0,0
2023-08-31,0,0,0,0
2023-09-01,0,0,0,0
2023-09-04,0,0,0,0
2023-09-05,-0,0,0,0
2023-09-06,0,0,0,0
2023-09-07,-0,0,0,0
2023-09-08,-0,0,0,0
2023-09-11,0,0,0,0
2023-09-12,-0,0,0,0
2023-09-13,0,0,0,0
2023-09-14,-0,0,0,0
2023-09-15,0,0,0,0
2023-09-18,-0,0,0,0
2023-09-19,-0,0,0,0
2023-09-20,-0,0,0,0
2023-09-21,0,0,0,0
2023-09-22,0,0,0,0
2023-09-25,-0,0,0,0
2023-09-26,-0,0,0,0
2023-09-27,-0,0,0,0
2023-09-28,0,0,0,0
2023-10-09,-0,0,0,0
2023-10-10,-0,0,0,0
2023-10-11,0,0,0,0
2023-10-12,0,0,0,0
2023-10-13,-0,0,0,0
2023-10-16,-0,0,0,0
2023-10-17,0,0,-0.023727022024580911,-0.023727022024580911
2023-10-18,0.0090911567876508174,0.00070496249617290501,0,0.0097961192838237222
2023-10-19,-0.00012453529167356375,0.0028208903138611111,0,0.002696355022187547
2023-10-20,0.01582436468888632,-0.0096442647752290715,0,0.0061800999136572485
2023-10-23,0.0027131900857457932,0.0035388884788835197,0.00084085890208280894,0.0070929374667121218
2023-10-24,-0.032008248756714257,0.0011677991116498254,-0.018574694381179417,-0.049415144026243848
2023-10-25,6.9015486004145947e-05,0.034944183522804699,0,0.035013199008808844
2023-10-26,-5.0917823213788429e-06,-0.0028263159881516749,0,-0.002831407770473054
2023-10-27,6.4080917698553514e-06,-0.0078698693109994257,0,-0.0078634612192295707
2023-10-30,9.9643556624665693e-05,0.015227567482142244,0,0.01532721103876691
2023-10-31,1.7830510601181819e-05,-0.010845716635787785,0,-0.010827886125186603
2023-11-01,1.5319118645664543e-06,0.031332273144409249,0,0.031333805056273818
2023-11-02,-5.0739354906262849e-05,0.003044884859089146,0,0.0029941455041828831
2023-11-03,6.6543646182165342e-05,0.020509658718352093,0,0.020576202364534259
2023-11-06,-2.7238603534421989e-05,0.0015266568032689519,0,0.0014994181997345299
2023-11-07,9.8144015640322243e-06,0.010295840676164762,0,0.010305655077728794
2023-11-08,6.5558816244514915e-05,-0.014913452074405123,0,-0.014847893258160608
2023-11-09,-0.00010169280027031166,-0.018565601142124449,0,-0.018667293942394761
2023-11-10,4.4646088365331367e-07,-0.005403997770624001,0,-0.0054035513097403474
2023-11-13,3.9641659532258934e-05,-0.002250681124353541,0,-0.0022110394648212819
2023-11-14,5.8698694463653588e-05,0.019407425930119803,0,0.019466124624583456
2023-11-15,-5.8029236532282933e-05,0.010230225806713537,0,0.010172196570181254
2023-11-16,-7.2570784113760986e-05,-0.0015947011520273287,0,-0.0016672719361410897
2023-11-17,2.9294396857067729e-06,-0.0096721838631728067,0.00019903814523659281,-0.009470216278250506
2023-11-20,0.00045969030286023799,0.025195222295804544,-0.039877260963110117,-0.014222348364445334
2023-11-21,-8.7934282575517946e-05,0.056402920808347225,0,0.056314986525771708
2023-11-22,-2.9518523275754217e-05,-0.0031547218491417136,-0.0055952354435565618,-0.0087794758159740298
2023-11-23,-0.00014036154233391682,0.026749527653970324,0.00020105756796004229,0.02681022367959645
2023-11-24,-0.0090347161122386888,0.01400726367153389,-0.013118310071563832,-0.0081457625122686311
2023-11-27,0.016025420833148341,0.010826288969832681,0.0047044944819390373,0.031556204284920057
2023-11-28,0.019801298737090654,0.00047742664940681259,0.00012064457039116547,0.020399369956888635
2023-11-29,0.00031352990692341544,0.0013276215954229893,-0.00043685648639067774,0.0012042950159557269
2023-11-30,0.010080670049143613,0.0076523051345627618,0,0.017732975183706375
2023-12-01,0.0051263477516503113,-0.0032436167057430594,0,0.0018827310459072514
2023-12-04,0.0020554923154364633,0.00080347293101329777,0,0.002858965246449761
2023-12-05,-0.0062431041072029143,0.0052028845007122664,0,-0.0010402196064906478
2023-12-06,0.015072378695103313,0.0069677646083725446,0,0.022040143303475857
2023-12-07,-0.017212998858660462,-0.0053709400843704449,0,-0.022583938943030905
2023-12-08,0.038708080790073887,0.0038331381591157356,0,0.042541218949189621
2023-12-11,0.018339809292772839,0.012883017043776902,0,0.031222826336549742
2023-12-12,-0.0054323035425229938,0.0019625817478250095,0,-0.0034697217946979839
2023-12-13,-0.016227898431868237,-0.0056717742058715794,0,-0.021899672637739814
2023-12-14,-0.0046730464289562006,0.0031190214799832494,0,-0.0015540249489729516
2023-12-15,-0.013704464278148991,-0.0022937337253097286,-0.0025158501678631518,-0.018514048171321872
2023-12-18,0.0050451197429349894,-0.00092637363579012181,0,0.0041187461071448671
2023-12-19,0.0077212915364997239,-0.00018156902734413639,0,0.0075397225091555879
2023-12-20,-0.01558748768331783,0.00020666842806376772,0.0073645444764824592,-0.0080162747787716031
2023-12-21,0.0087228764437196713,0.005104797092303901,0,0.013827673536023573
2023-12-22,-0.0070406218150647999,-0.00092290114487925752,0,-0.0079635229599440572
2023-12-25,-0.010929778464004997,-0.00072382732564386519,0,-0.011653605789648861
2023-12-26,-0.0073934027118768642,0.0012814574216072955,-0.0046223701470944059,-0.010734315437363974
2023-12-27,-0.0036825530334455596,0,0.0045717989121200984,0.00088924587867453915
2023-12-28,0,0,0,0
2023-12-29,0,0,0,0
2024-01-02,0,0,0,0
2024-01-03,0,0,0,0
2024-01-04,0,0,0,0
2024-01-05,0,0,0,0
2024-01-08,0,0,0,0
2024-01-09,0,0,0,0
2024-01-10,0,0,0,0
2024-01-11,0,0,0,0
2024-01-12,0,0,0,0
2024-01-15,0,0,0,0
2024-01-16,0,0,0,0
2024-01-17,0,0,0,0
2024-01-18,0,0,0,0
2024-01-19,0,0,0,0
2024-01-22,0,0,0,0
2024-01-23,0,0,0,0
2024-01-24,0,0,0,0
2024-01-25,0,0,0,0
2024-01-26,0,0,0,0
2024-01-29,0,0,0,0
2024-01-30,0,0,0,0
2024-01-31,0,0,0,0
2024-02-01,0,0,0,0
2024-02-02,0,0,0,0
2024-02-05,0,0,0,0
2024-02-06,0,0,0,0
2024-02-07,0,0,0,0
2024-02-08,0,0,0,0
2024-02-19,0,0,0,0
2024-02-20,0,0,0,0
2024-02-21,0,0,0,0
2024-02-22,0,0,3.1090359846746261e-05,3.1090359846746261e-05
2024-02-23,-4.863187198236258e-05,2.3869867484503239e-05,0,-2.4762004497859338e-05
2024-02-26,-1.4987938194824181e-05,-4.1917284647569552e-05,0,-5.6905222842393733e-05
2024-02-27,0.0002371118968296396,-6.522837468387085e-05,0,0.00017188352214576874
2024-02-28,-0.00018054513632460175,5.9489564549373747e-05,0.00013189491553222519,1.0839343756997161e-05
2024-02-29,8.0508471159587456e-05,0.00025901753777803028,0,0.00033952600893761772
2024-03-01,5.4271199790466332e-05,3.1424756513706763e-06,6.7061149018465374e-05,0.00012447482446030153
2024-03-04,-4.0889835924897141e-05,8.3713457717945607e-05,0,4.2823621793048466e-05
2024-03-05,-7.7964934655833822e-06,-2.2995025216048182e-05,0,-3.0791518681631564e-05
2024-03-06,-6.604805408755353e-05,0.00012905046684887295,0,6.3002412761319418e-05
2024-03-07,-0.00012359054452228829,0.00025924337164323641,0,0.00013565282712094812
2024-03-08,0.00014095697355116446,0.00011255081637134841,0,0.00025350778992251286
2024-03-11,6.837491072760541e-05,-7.3217482176728314e-05,-2.9594410304128376e-05,-3.4436981753250412e-05
2024-03-12,-0.00010334477798498918,0.00013261896377613481,0,2.9274185791145629e-05
2024-03-13,-4.3933435990173314e-05,-7.4617963609481861e-05,0,-0.00011855139959965517
2024-03-14,2.8264218361497264e-06,-0.0001029468491638568,0,-0.00010012042732770706
2024-03-15,-5.8364781392695669e-06,-9.0964397410194063e-06,0,-1.4932917880288972e-05
2024-03-18,0.00010425878472273332,2.2246071225669201e-06,0,0.00010648339184530023
2024-03-19,-6.6364925637079345e-05,9.6035802224006393e-05,0,2.9670876586927047e-05
2024-03-20,-1.6721786828349416e-06,4.3638124682354472e-05,0,4.1965945999519532e-05
2024-03-21,1.266273332071332e-05,0.00013100051594643099,0,0.00014366324926714429
2024-03-22,8.877029279271052e-05,0.00011981811558840053,5.1407774320532875e-05,0.00025999618270164393
2024-03-25,8.8748797252667013e-05,9.4114995055459674e-19,0.0070618538340364873,0.0071506026312891553
2024-03-26,-0.00068937001823950802,-0.0011670632573369038,-0.0030366176161249797,-0.0048930508917013919
2024-03-27,0,0,0,0
2024-03-28,0,0,0,0
2024-03-29,0,0,0,0
2024-04-01,0,0,0,0
2024-04-02,0,0,0,0
2024-04-03,0,0,0,0
2024-04-08,0,0,0,0
2024-04-09,0,0,0,0
2024-04-10,0,0,0,0
2024-04-11,0,0,0,0
2024-04-12,0,0,0,0
2024-04-15,0,0,0,0
2024-04-16,0,0,0,0
2024-04-17,0,0,0,0
2024-04-18,0,0,0,0
2024-04-19,0,0,0,0
2024-04-22,0,0,0,0
2024-04-23,0,0,0,0
2024-04-24,0,0,0,0
2024-04-25,0,0,0,0
2024-04-26,0,0,0,0
2024-04-29,0,0,-3.7309683284993816e-05,-3.7309683284993816e-05
2024-04-30,-4.0250633891635653e-07,-1.6016633815444136e-05,0,-1.6419140154360495e-05
2024-05-06,-3.0491769702742038e-07,2.6978849808086827e-05,0,2.6673932111059406e-05
2024-05-07,-6.8390337968052004e-07,2.8760112422455076e-05,0,2.8076209042774553e-05
2024-05-08,-8.9023816363073505e-07,-2.4070093710757347e-06,0,-3.2972475347064698e-06
2024-05-09,1.3496546672287043e-07,7.3255311608772169e-06,0,7.460496627600087e-06
2024-05-10,-2.9218982781037914e-06,-4.3112731931555325e-05,0,-4.6034630209659116e-05
2024-05-13,-6.2237435344018491e-07,-3.2117830923097124e-05,8.7194195326133654e-06,-2.4020785743924383e-05
2024-05-14,2.0962517062543745e-05,2.0416206121578675e-20,0.0079737798650580845,0.0079947423821206259
2024-05-15,0.0040518203980451752,0.0094898516353011577,0,0.013541672033346334
2024-05-16,0.00711247198554559,0.019339727989005601,0,0.026452199974551192
2024-05-17,0.0089635876410699075,0.014201981835717751,0,0.023165569476787658
2024-05-20,0.0065426618156002297,0.0088661929495101321,0,0.01540885476511036
2024-05-21,-0.0088821003505368205,-0.011553340344073048,0,-0.020435440694609869
2024-05-22,0.00024692211921576595,0.0062839340715252403,0,0.0065308561907410061
2024-05-23,-0.0062673358873886736,-0.0077132483074412814,0,-0.013980584194829955
2024-05-24,-0.012661702063006042,-0.020168259127199384,0,-0.032829961190205426
2024-05-27,0.0082418805759756457,-0.0079264597077480202,0.00044501797324754259,0.00076043884147516776
2024-05-28,-0.0047450716618031245,0.0021891574999341693,0.0019249254735632315,-0.00063098868830572391
2024-05-29,0.00042364909509494392,0.012767343842344616,0.0017720465701254122,0.01496303950756497
2024-05-30,0.0005526897624066403,-0.015371528938678136,0.0082657840858223683,-0.0065530550904491277
2024-05-31,0.0049904040872688765,0.0076271014040520512,0.0023762324816583636,0.014993737972979291
2024-06-03,-9.4921326043906075e-05,0.019187561136516658,0,0.019092639810472753
2024-06-04,3.0909699269349291e-05,-0.001030115722077548,0,-0.00099920602280819878
2024-06-05,3.3547758456001694e-05,-0.0014371828611630445,0,-0.0014036351027070428
2024-06-06,7.9463471921294518e-05,-0.022443680945087748,0,-0.022364217473166453
2024-06-07,-6.2035481642011862e-05,0.035434634959292076,0,0.035372599477650063
2024-06-11,-9.883219355845364e-05,-0.00057797668814080954,0,-0.00067680888169926318
2024-06-12,-5.9359158062319203e-06,-0.028616131371531697,0,-0.028622067287337929
2024-06-13,-7.7761745937492333e-05,0.021393507618837331,0,0.02131574587289984
2024-06-14,-4.4224355476317533e-05,0.012205074494233635,0,0.012160850138757317
2024-06-17,-0.00010291380425814277,0.0076918454577883343,0,0.0075889316535301919
2024-06-18,3.3100854032418795e-06,0.0057587862636940624,0,0.0057620963490973044
2024-06-19,-7.5086019142618947e-05,0.033306701942695957,0,0.033231615923553337
2024-06-20,1.1858673965608278e-06,-0.013672923969651737,0,-0.013671738102255176
2024-06-21,-1.6699833037111819e-05,0.0017548382040555319,0,0.0017381383710184202
2024-06-24,5.6002158834545787e-05,0.008225918018586225,0,0.0082819201774207707
2024-06-25,0.00010404582629929382,0.0039132668407946677,0.0049801649750991503,0.0089974776421931114
2024-06-26,0,-0.0035193184895893148,0.0030707312244972183,-0.00044858726509209657
2024-06-27,0,0,0,0
2024-06-28,0,0,0,0
2024-07-01,0,0,0,0
2024-07-02,0,0,0,0
2024-07-03,0,0,0,0
2024-07-04,0,0,0,0
2024-07-05,0,0,0,0
2024-07-08,0,0,0,0
2024-07-09,0,0,0,0
2024-07-10,0,0,0,0
2024-07-11,0,0,0,0
2024-07-12,0,0,-0.0061464856741483137,-0.0061464856741483137
2024-07-15,-0.0003113816016427641,-0.0025246367920674548,-0.00016388263594221484,-0.0029999010296524334
2024-07-16,-0.00035427451235616858,-0.0011187677083516912,0,-0.0014730422207078599
2024-07-17,0.00080577821602744858,0.0028595815791911594,0.0014671920479090953,0.0051325518431277022
2024-07-18,8.0974419200754073e-06,-0.009765335312834373,0,-0.0097572378709142957
2024-07-19,-4.7669506401779011e-05,0.011567968452061719,-2.2594159123467506e-05,0.011497704786536471
2024-07-22,9.5550231103781856e-07,-0.017587678129584623,0.0081710755520294741,-0.0094156470752441088
2024-07-23,-0.00058623385066866325,0.017246619315933635,0,0.016660385465264972
2024-07-24,-0.0001730372062581756,-0.012439056762441964,0.0036171883283184244,-0.0089949056403817156
2024-07-25,0,0,0,0
2024-07-26,0,0,0,0
2024-07-29,0,0,0,0
2024-07-30,0,0,0,0
2024-07-31,0,0,0,0
2024-08-01,0,0,0,0
2024-08-02,0,0,0,0
2024-08-05,0,0,0,0
2024-08-06,0,0,0,0
2024-08-07,0,0,0,0
2024-08-08,0,0,0,0
2024-08-09,0,0,0,0
2024-08-12,0,0,0,0
2024-08-13,0,0,0,0
2024-08-14,0,0,0,0
2024-08-15,0,0,0,0
2024-08-16,0,0,0,0
2024-08-19,0,0,0,0
2024-08-20,0,0,0,0
2024-08-21,0,0,0,0
2024-08-22,0,0,0,0
2024-08-23,0,0,0,0
2024-08-26,0,0,0,0
2024-08-27,0,0,0,0
2024-08-28,0,0,0,0
2024-08-29,0,0,0,0
2024-08-30,0,0,0,0
2024-09-02,0,0,0,0
2024-09-03,0,0,0,0
2024-09-04,0,0,0,0
2024-09-05,0,0,0,0
2024-09-06,0,0,0,0
2024-09-09,0,0,0,0
2024-09-10,0,0,0,0
2024-09-11,0,0,0,0
2024-09-12,0,0,0,0
2024-09-13,0,0,0,0
2024-09-18,0,0,0,0
2024-09-19,0,0,0,0
2024-09-20,0,0,0,0
2024-09-23,0,0,0,0
2024-09-24,0,0,0,0
2024-09-25,0,0,0,0
2024-09-26,0,0,0,0
2024-09-27,0,0,-0.0076990422341086349,-0.0076990422341086349
2024-09-30,-0.027313715795071719,-0.0025517148258017187,0.014909587944256373,-0.014955842676617065
2024-10-08,-0.0094596246219752159,-0.00024738777020523922,0,-0.0097070123921804558
2024-10-09,0.00047026903552100486,-0.0046516040841279279,-0.023227146054224684,-0.02740848110283161
2024-10-10,0.0018852772209403117,-0.011619278165575262,-0.0041278792041723796,-0.013861880148807331
2024-10-11,-0.006199219921860559,0.0014303762183324165,0.0048237725469531265,5.492884342498533e-05
2024-10-14,-0.00010141634869508537,3.2868492983148482e-05,-0.019629966269174137,-0.019698514124886074
2024-10-15,0.01336734678792219,-0.001658284240114534,-0.0027479521085864126,0.008961110439221244
2024-10-16,0.0028446786204331816,0.0042990684099383494,0,0.0071437470303715306
2024-10-17,-0.0018273509817820653,-0.0085652773796554092,0,-0.010392628361437475
2024-10-18,-0.012615089060205973,-0.021941042904264216,0,-0.034556131964470188
2024-10-21,0.0010268020335709636,-0.0068733459199691541,0,-0.005846543886398191
2024-10-22,0.0020146327561974728,0.011111354879755123,0,0.013125987635952595
2024-10-23,0.0018706056233861654,0.0016226447458192227,0,0.0034932503692053883
2024-10-24,0.00077045330418281624,-0.0030004329902650964,8.988172135667867e-05,-0.0021400979647256011
2024-10-25,-0.00012730664919828079,0.0073314470434266317,-0.0034443933532855272,0.0037597470409428237
2024-10-28,-0.00023283916878439248,-0.0098865502386364344,0,-0.010119389407420827
2024-10-29,0.0023879020463065696,-0.0078075827301558234,0,-0.0054196806838492546
2024-10-30,-0.0013124931967619321,-0.0048644344667978521,0,-0.006176927663559784
2024-10-31,0.0050586453097374515,0.0023018815656626612,0,0.0073605268754001127
2024-11-01,-0.007810233613123151,0.0098789777982427902,0,0.0020687441851196392
2024-11-04,0.0036917177002931344,0.011783754478548502,0,0.015475472178841636
2024-11-05,0.0063211087441536083,-0.0095632915094223895,0,-0.0032421827652687821
2024-11-06,0.0022607268091109235,-0.01610293874590147,0,-0.013842211936790545
2024-11-07,0.0069815154258484734,-0.014476089592927861,0,-0.0074945741670793889
2024-11-08,-0.0019091582823581,0.03206084344597282,0,0.030151685163614717
2024-11-11,0.0058751580661888922,0.016412974081791796,0,0.022288132147980685
2024-11-12,-0.010617211768179849,0.0010633080137176659,0,-0.0095539037544621827
2024-11-13,0.0024410737513438589,-0.023489359430827347,0,-0.02104828567948349
2024-11-14,-0.0058577969523654853,-0.0012999714394316985,0,-0.0071577683917971834
2024-11-15,-0.0062176686147966996,0.0036140252305299847,0,-0.0026036433842667149
2024-11-18,0.00077284588272215403,0.00015657747710478057,5.5431265255570301e-05,0.00098485462508250514
2024-11-19,0.0032991162220093479,-0.0025798628377326862,0.010087216106250296,0.010806469490526958
2024-11-20,2.0939885460169732e-05,-0.054943950662002361,0,-0.054923010776542186
2024-11-21,0.0005328908458682364,-0.028957282616840115,0,-0.028424391770971877
2024-11-22,-0.0034214074309216573,-0.046210039589636417,0,-0.049631447020558078
2024-11-25,0.0016104753986067306,-0.0348851897025634,-0.0056059145064959173,-0.038880628810452594
2024-11-26,-0.0005568460891794962,0.061553783816739094,0.0028139795345927775,0.063810917262152378
2024-11-27,0.01058544751937554,0.0091105145377215774,0.013781343626461079,0.033477305683558195
2024-11-28,-0.0078944728068773944,0.031911461283968809,-0.028194513508462533,-0.0041775250313711189
2024-11-29,0.0039024358560727618,-0.0033641318068088383,-0.0065176280660859606,-0.0059793240168220371
2024-12-02,0.00056668664314990058,0.0020081485604740512,-0.00032128688447455517,0.0022535483191493963
2024-12-03,-0.00056896482018337882,-0.010439739582669872,0,-0.011008704402853252
2024-12-04,-0.0018002163754760115,-0.0032329988833213075,0,-0.0050332152587973192
2024-12-05,0.00034959574436167057,-0.010381530729511777,0,-0.010031934985150107
2024-12-06,0.00050037602702532075,0.018305764078349829,-0.0037540446677375165,0.015052095437637632
2024-12-09,-0.0071142290783368549,-0.0062238114554886148,0,-0.013338040533825471
2024-12-10,0.0028885669846622536,0.0079122118923103651,0.00030574404234119868,0.011106522919313817
2024-12-11,-0.0021155790175069007,-1.2947248760581692e-18,0.0068232633338737719,0.0047076843163668695
2024-12-12,0.0064626961745354993,-0.0037181155841175934,0,0.0027445805904179055
2024-12-13,-0.0033861565667916982,-0.0059051339647334666,0,-0.0092912905315251648
2024-12-16,-0.0035991637168763615,-0.0050204175000549394,0,-0.0086195812169313005
2024-12-17,-0.0017842091577059741,-0.0001832443698802064,0.0034645011294951495,0.0014970476019089685
2024-12-18,-0.029044165849131161,0.014042394171538975,0.0093384312716976361,-0.00566334040589455
2024-12-19,-0.0015972389310819465,-0.00094522445020922216,0,-0.0025424633812911688
2024-12-20,-0.0064107199220629499,0.0133544030472741,0.0061942827983024413,0.01313796592351359
2024-12-23,-0.0043742323404856584,-0.0060882099281714796,-0.0010136183522015283,-0.011476060620858666
2024-12-24,0.00037799255555623286,-0.0013462922084649769,0,-0.00096829965290874415
2024-12-25,0.00075097163946077341,0.007143222268847246,0,0.0078941939083080198
2024-12-26,0.00014007894393812056,0.0046973505301772991,0,0.0048374294741154195
2024-12-27,-0.00088680862688603689,-0.0091727174083663099,0.0013986712467171896,-0.0086608547885351581
2024-12-30,-0.0012171962315527928,-0.0065606877749005985,0,-0.0077778840064533922
2024-12-31,0.001716011465792209,-0.0028024488914689936,0,-0.0010864374256767846
2025-01-02,0.00055647830308672109,0.0081345272208104939,-0.0032534258778801148,0.0054375796460171006
2025-01-03,0,0,0,0
2025-01-06,0,0,0,0
2025-01-07,0,0,0,0
2025-01-08,0,0,0,0
2025-01-09,0,0,0,0
2025-01-10,0,0,0,0
2025-01-13,0,0,0,0
2025-01-14,0,0,0,0
2025-01-15,0,0,0,0
2025-01-16,0,0,-2.2800150881997772e-05,-2.2800150881997772e-05
2025-01-17,4.7367798250400224e-06,-2.7535286935917234e-06,-3.673511378855195e-06,-1.690260247406896e-06
2025-01-20,-6.6904421901138144e-07,-1.3401937971767546e-19,0.00044301965845347686,0.00044235061423446515
2025-01-21,0.0063161270976559956,0.0099494489738684959,-0.0047988329057418117,0.011466743165782681
2025-01-22,-0.0020581873107685484,-0.049574824667411678,0.002720611381571033,-0.048912400596609187
2025-01-23,-0.0025435970588323,-0.010917544995797182,0,-0.013461142054629484
2025-01-24,0.00036662533641145938,-0.01458735891506832,0,-0.014220733578656861
2025-01-27,-0.0022312268999812586,0.00060225440600516307,0,-0.0016289724939760955
2025-02-05,0.00010794455197117404,0.02833708314700727,0,0.028445027698978442
2025-02-06,0.00064637817173617657,-0.045795543837339373,-0.0064895071698318875,-0.051638672835435079
2025-02-07,0.0071259645875767523,-0.020402800258509018,0.0066349758266119069,-0.0066418598443203601
2025-02-10,-0.0010476973271011281,0.007763829643811654,0,0.0067161323167105255
2025-02-11,-0.0013696168651403009,-0.02973838059288526,0,-0.03110799745802556
2025-02-12,0.00010843147998071295,-0.010878056587605866,0,-0.010769625107625152
2025-02-13,-0.0010536982825171096,0.023549018289900664,0,0.022495320007383555
2025-02-14,-0.0015863078043997936,0.004078398944753021,0,0.0024920911403532274
2025-02-17,0.00058626788508687815,-0.00050224908974314984,0,8.4018795343728317e-05
2025-02-18,-6.0515588851635219e-06,0.017826467068342219,0,0.017820415509457056
2025-02-19,0.0031541025359403257,0.0039818593578246622,0,0.0071359618937649888
2025-02-20,0.0011929177039770073,-0.0088044526140692789,0,-0.007611534910092272
2025-02-21,0.0031794274562161893,0.0075339982488876528,0,0.010713425705103842
2025-02-24,0.0016602220586069156,0.046151623844349773,0,0.047811845902956694
2025-02-25,-0.00093842592554542448,0.01978623874612289,-0.0044190789726449567,0.01442873384793251
2025-02-26,-0.0053208080368056078,-0.0023188224988075919,-0.0067336097829936046,-0.014373240318606803
2025-02-27,-0.0031016050384783142,-0.010112506270740644,0,-0.01321411130921896
2025-02-28,-0.0012627690070168727,0.029852600941809655,0,0.028589831934792784
2025-03-03,-9.3961039313999051e-06,0.028217303626538705,0,0.028207907522607305
2025-03-04,0.0022603464302715032,0.0031571968881171971,0,0.0054175433183887003
2025-03-05,0.00017759660115380832,-0.016430693077987248,0,-0.016253096476833442
2025-03-06,0.0027402818351057608,-0.024871252346103444,0,-0.022130970510997685
2025-03-07,-0.0027388888537563903,0.0060933419981943444,0,0.0033544531444379549
2025-03-10,-0.0016492347057680879,-0.018845802810332556,0,-0.020495037516100642
2025-03-11,-0.0032241902497851197,-0.013941598131629205,0,-0.017165788381414325
2025-03-12,0.00040114780338332766,0.010974068473833948,0.00040877073166142679,0.011783987008878703
2025-03-13,-0.0010146422425547366,0.01071073321631834,0,0.009696090973763602
2025-03-14,-6.3486848556160201e-05,-0.0090130097440001954,0,-0.0090764965925563563
2025-03-17,-0.00054004392100422095,1.4618521081329806e-07,-0.001364098741793893,-0.0019039964775873002
2025-03-18,0.00052881095113357175,0.0078963677752842965,-0.0010545310482366116,0.0073706476781812569
2025-03-19,0.017008882151017909,-0.014084939474011987,-0.0026254584881446421,0.00029848418886127895
2025-03-20,0.00032254640356224081,0.00089560419292841992,4.6833799896495568e-05,0.0012649843963871566
2025-03-21,-0.0018401920094845089,-0.0013869556928519542,-0.001560383079244581,-0.0047875307815810446
2025-03-24,0.00056539041983692492,-0.0014763700729238929,-0.0016215542810147825,-0.0025325339341017504
2025-03-25,0.0019312512803757603,-8.8233266504280139e-19,-0.0082895866206135829,-0.0063583353402378237
2025-03-26,-0.0061661855762278938,-0.0045448838188334537,0,-0.010711069395061348
2025-03-27,0.0087790312935447038,-0.01013363383621394,0,-0.0013546025426692358
2025-03-28,-0.0036405840744941757,0.00095270288238970377,-0.0071739685140518516,-0.0098618497061563233
2025-03-31,0.0045454665487177645,0.00068379258179474402,0,0.0052292591305125088
2025-04-01,-0.0062366846086930215,0.0033516207701550478,0,-0.0028850638385379736
2025-04-02,-0.01274500077040441,-0.0019527594986190166,0,-0.014697760269023426
2025-04-03,-0.0004704666270902395,0.0033668191953256481,-0.003219376953434844,-0.0003230243851994356
2025-04-07,-0.016717158810121365,0.0051798409066940434,-0.0011468073665721436,-0.012684125269999465
2025-04-08,0.0042505279866193553,8.6593932223008911e-19,-0.0029535314309066529,0.0012969965557127036
2025-04-09,0,0,0,0
2025-04-10,0,0,0,0
2025-04-11,0,0,0,0
2025-04-14,0,0,0,0
2025-04-15,0,0,0,0
2025-04-16,0,0,-0.00046222208402835023,-0.00046222208402835023
2025-04-17,0.00013167177503911178,-1.3213730444779126e-05,0,0.00011845804459433267
2025-04-18,0.00030867036593319101,-5.5323879958193191e-05,0,0.00025334648597499787
2025-04-21,-0.00010441149917359109,2.9997352692624771e-05,0,-7.4414146480966323e-05
2025-04-22,-0.00024510161932215732,0.00010488769041263495,0,-0.00014021392890952236
2025-04-23,0.0002018102966513639,-4.6021064710843365e-05,0,0.00015578923194052054
2025-04-24,0.0001959198801166324,-0.00020699570580011073,0,-1.1075825683478334e-05
2025-04-25,4.4444769077519371e-05,3.1603541598536041e-05,0,7.6048310676055412e-05
2025-04-28,-4.037908911913239e-05,1.0532208823819361e-05,0,-2.9846880295313028e-05
2025-04-29,-3.451603395292325e-05,3.4614722465735793e-05,0,9.8688512812543719e-08
2025-04-30,3.2764908309779346e-05,5.7986377120166844e-05,0,9.0751285429946198e-05
2025-05-06,-0.00028068210380198863,0.0001088067513609781,0,-0.00017187535244101056
2025-05-07,0.00017856503904981774,6.2813021500991847e-05,0,0.00024137806055080958
2025-05-08,-5.4660162114446765e-06,-9.9799379435131648e-06,0,-1.5445954154957842e-05
2025-05-09,0.00025861400236929215,-4.556574171812787e-05,0,0.00021304826065116425
2025-05-12,6.1014179955829415e-05,4.9661573093272332e-05,-0.00014518539418244354,-3.4509641133341788e-05
2025-05-13,6.4172323577764754e-07,9.9958422473276416e-20,0.019244875214384907,0.019245516937620687
2025-05-14,-0.0033032345280985991,0.0073220660277251055,0,0.0040188314996265056
2025-05-15,0.0099529105061464812,-0.018093417373797764,0,-0.0081405068676512829
2025-05-16,0.0025008071924851882,-0.0048594653534354678,-3.79524829221112e-05,-0.0023966106438723907
2025-05-19,-0.0011592379626557529,0.018451559351398451,0,0.017292321388742701
2025-05-20,0.0013781444759855097,-0.0027720921472839262,0,-0.0013939476712984168
2025-05-21,0.001217055445102561,-0.023358712370756585,0,-0.022141656925654025
2025-05-22,0.0025645836151324225,0.016785975079541597,0.0015704807171170966,0.020921039411791117
2025-05-23,0.0068560250516917012,0.010510208918230911,0.0046584460029756242,0.022024679972898236
2025-05-26,0,-0.0014330824814675,0.0071355851973877223,0.0057025027159202232
2025-05-27,0,0.0083599655652876418,-0.007768325915852514,0.00059163964943512865
2025-05-28,0.0012549968417936333,-0.0054625999660213561,0,-0.0042076031242277226
2025-05-29,0.0015894940410854463,-0.00098255570264737342,-0.0015836951250839885,-0.00097675678664591557
2025-05-30,0.0013635296291813303,-6.6920234056022613e-19,-0.0024509436697795249,-0.0010874140405981933
2025-06-03,-0.0024394744020263953,0,0,-0.0024394744020263953
2025-06-04,0.0064211731369543459,-4.1065335184878384e-18,0.00013736617360341478,0.0065585393105577552
2025-06-05,4.4192438267759005e-05,0.0019781072894321876,0,0.0020222997276999471
2025-06-06,-2.0780550877204548e-05,-0.0030932653846293626,0,-0.0031140459355065674
2025-06-09,2.9071279385613482e-06,0.00037314862316261137,0,0.00037605575110117272
2025-06-10,9.3987564983299287e-06,0.0040036805005640944,0,0.0040130792570624244
2025-06-11,-7.0824862162265486e-06,-0.001292695855632982,0,-0.0012997783418492084
2025-06-12,1.1545741732172434e-05,0.0025996075334680647,0,0.0026111532752002373
2025-06-13,-1.1923010589037282e-05,0.0012260236145409981,0,0.0012141006039519606
2025-06-16,2.8158383320202217e-05,0.0031159824949213641,0,0.0031441408782415664
2025-06-17,9.6853430212414344e-06,0.0010241852988785169,0,0.0010338706418997583
2025-06-18,3.1911160848647051e-05,0.0032639235770800475,0,0.0032958347379286948
2025-06-19,-1.9307699995306241e-06,-0.0011212393926297067,0,-0.0011231701626292375
2025-06-20,-5.2509474184977743e-05,-0.0072565558845014951,0,-0.0073090653586864729
2025-06-23,-4.1133454154130116e-05,-0.0012377949851546859,0.0037501090421184304,0.0024711806028096146
2025-06-24,-0.00076396726423557043,4.3195618348683087e-19,0.00024806066862769854,-0.00051590659560787162
2025-06-25,0,0,0.0088582739334551238,0.0088582739334551238
2025-06-26,0.0025453973016136573,-0.015494089844140409,-0.0083523035862583719,-0.021300996128785124
2025-06-27,0.0020737654305654687,-0.0042327070284762765,-0.0023383260054343925,-0.0044972676033451994
2025-06-30,-4.5890768467816585e-05,0.020250632465654457,0,0.02020474169718664
2025-07-01,1.2593205177778572e-05,0.0094007291263004285,0,0.0094133223314782077
2025-07-02,3.6050174670244694e-05,-0.001446854228886402,0,-0.0014108040542161575
2025-07-03,5.6446743989530518e-06,-0.003649507646373566,-0.0028156801376369991,-0.0064595431096116113
2025-07-04,0.0012814348245845041,0.016749860929831679,0.0088784974051496698,0.026909793159565855
2025-07-07,0.0015399080205187547,0.01077331603875965,0,0.012313224059278403
2025-07-08,0.0011075518952890176,-0.040643814885902234,0,-0.039536262990613212
2025-07-09,-0.0042229768078043111,0.0040913072481441898,0,-0.00013166955966012125
2025-07-10,-0.00022798028175796182,0.0018020253677968707,0,0.0015740450860389087
2025-07-11,0.0074531479870740651,0.030229486612275196,0,0.037682634599349257
2025-07-14,-0.005077087951401619,-0.033054344762263439,0,-0.038131432713665057
2025-07-15,-0.001055014790218163,-0.020509804717377997,0.0026109681597751011,-0.018953851347821057
2025-07-16,0.0005237500625199737,-0.0063143962655544967,0.0011757937852444795,-0.0046148524177900439
2025-07-17,0.00049761447922071211,-0.064127690911030918,0.0054754597666091366,-0.058154616665201067
2025-07-18,-0.00035561514219480497,0.027110014416511705,0,0.026754399274316904
2025-07-21,0.00058241977919824362,0.023255709250628327,0,0.023838129029826571
2025-07-22,0.0021343582152732118,0.0076464599602904353,0,0.0097808181755636471
2025-07-23,-0.0008605310783672569,-0.0019730296161309287,-0.0032115592065037166,-0.0060451199010019023
2025-07-24,0.0085842522554057249,0.046974243922996449,0,0.055558496178402181
2025-07-25,0.0054500556304113617,0.016927125857173538,0,0.022377181487584902
2025-07-28,0.0071734932585813364,0.010229203234074124,0,0.01740269649265546
2025-07-29,0.013381101113820812,-0.02060919955381757,0,-0.0072280984399967566
2025-07-30,-0.0013072796426024796,-0.06143120919523111,0,-0.062738488837833589
2025-07-31,-0.0016277749961391237,-0.044902022846640355,0,-0.046529797842779476
2025-08-01,-0.0075466010978171814,-0.0075936180947709167,0,-0.015140219192588098
2025-08-04,0.0075171835559975989,0.023152812911862285,0,0.030669996467859888
2025-08-05,0.00075895052509392558,-0.05068452193861122,0,-0.049925571413517292
2025-08-06,0.00077586710235080889,0.041519966622594794,0,0.042295833724945602
2025-08-07,0.0032739182926489444,-0.001557325799890587,-0.0037588336385509192,-0.0020422411457925622
2025-08-08,0.0061695376024802871,-0.05475006028478592,0.00044488060103220061,-0.048135642081273432
2025-08-11,0.0080323473372167498,-0.02750507034175808,0.0039728384572051143,-0.015499884547336215
2025-08-12,0.004041500065148868,-0.014523587419200235,0,-0.010482087354051366
2025-08-13,0.0024683793950505931,-0.0082944960651161435,0,-0.0058261166700655509
2025-08-14,0.0014954412172156414,0.069046608466500903,0,0.070542049683716537
2025-08-15,0.010355979502682553,0.051227401934762447,0,0.061583381437444996
2025-08-18,0.0015158621181801904,-0.023830428579899639,0,-0.022314566461719452
2025-08-19,-0.00030483864125820819,-0.035706197573911309,0,-0.036011036215169517
2025-08-20,0.003218167086720655,0.0042971574875718998,0,0.0075153245742925548
2025-08-21,-0.0021920699007513399,0.042220353719680206,0,0.040028283818928867
2025-08-22,0.0042368987238884919,-0.0022348938284106213,0,0.0020020048954778706
2025-08-25,0.0012127720030271235,-0.07019379211798292,0,-0.068981020114955799
2025-08-26,4.2954665524995447e-05,-0.037214625252818163,0,-0.037171670587293169
2025-08-27,-0.0022107537974177236,-0.072551167572045841,0.0050144656324016511,-0.069747455737061925
2025-08-28,0.0082292022138607014,-0.031920445442392156,0,-0.023691243228531458
2025-08-29,-0.0037063232047815239,-0.058891211015153946,0,-0.062597534219935469
2025-09-01,0.010249035542663942,0.0053029626207708709,0.014490168722850515,0.030042166886285332
2025-09-02,0.016364821646298763,0.03298653719816403,-0.02110953214441149,0.028241826700051299
2025-09-03,0.00058020923369554126,-0.093321106290857686,0,-0.092740897057162139
2025-09-04,0.0041906081205419768,0.0028588844791591983,0,0.0070494925997011751
2025-09-05,-0.0015193462353362906,-0.013221290424045013,0.032371224366329297,0.017630587706947986
2025-09-08,0,0,0,0
2025-09-09,0,0,0,0
2025-09-10,0,0,0,0
2025-09-11,0,0,0,0
2025-09-12,0,0,0,0
2025-09-15,0,0,0,0
2025-09-16,0,0,-0.0063881163053803661,-0.0063881163053803661
2025-09-17,0.0015013414921422623,0.007070153326251505,0,0.0085714948183937666
2025-09-18,0.0042334344199809115,0.0061267239740785077,0,0.010360158394059418
2025-09-19,-0.0023206760655508272,0.0029334116695243946,-0.0050048382002642004,-0.0043921025962906333
2025-09-22,0.013081759415516444,-0.011632830184234151,0,0.0014489292312822935
2025-09-23,0.0045136261728123328,0.0068250956724236573,0.0039864972118536651,0.015325219057089657
2025-09-24,0.016039376418596037,0.029824224735310045,0,0.045863601153906079
2025-09-25,-0.0029965488264985765,-0.016681897727044238,0,-0.019678446553542814
2025-09-26,-0.0016403789782875741,0.01287640577884757,0,0.011236026800559996
2025-09-29,0.0035889491919487144,0.0084623000850372037,0,0.012051249276985919
2025-09-30,0.00064682461994910751,-0.0049071485122155452,0,-0.0042603238922664377
2025-10-09,0.004276826914520717,-0.011871222372789909,-3.1546143378266737e-05,-0.0076259416016474582
2025-10-10,-0.0091246499904236566,0.014157691432745463,0,0.0050330414423218062
2025-10-13,-0.0028432458521978243,-0.0031051637363237218,0,-0.0059484095885215457
2025-10-14,-0.015356414437360856,-0.0052514423866428924,0,-0.020607856824003748
2025-10-15,0.0057064301238774241,-0.011413406467057068,0.009222211521829924,0.0035152351786502801
2025-10-16,0,0,0,0
2025-10-17,0,0,0,0
2025-10-20,0,0,0,0
2025-10-21,0,0,0,0
2025-10-22,0,0,0,0
2025-10-23,0,0,0,0
2025-10-24,0,0,0,0
2025-10-27,0,0,0,0
2025-10-28,0,0,0,0
2025-10-29,0,0,-0.0023751940904631979,-0.0023751940904631979
2025-10-30,-0.00081405000670072144,0.00016574052517959889,0,-0.00064830948152112258
2025-10-31,-0.0028621826669526854,0.0018872861675259514,0,-0.00097489649942673375
2025-11-03,-0.0024609481638757339,-0.008685318595049063,0,-0.011146266758924796
2025-11-04,-0.0013545580879781853,-0.0016306912653679337,0,-0.002985249353346119
2025-11-05,-0.00065944441587903013,-0.0024231854895783471,-0.0056557728480912421,-0.0087384027535486204
2025-11-06,-0.0030424723055041485,-0.01313675689649127,0.019734634658208322,0.0035554054562129053
2025-11-07,-0.003595181175520679,0.00029857331577957279,0,-0.0032966078597411064
2025-11-10,0.001511320890015498,0.0049742820121791553,0,0.0064856029021946532
2025-11-11,-0.0021660526731593008,0.00039428988407664341,0,-0.0017717627890826574
2025-11-12,-0.0021781812853667848,0.0009566576197028257,0,-0.0012215236656639593
2025-11-13,-0.0012766513093558408,-0.0019511544306634813,0,-0.0032278057400193221
2025-11-14,-0.0067338059584702474,-7.8763934094728844e-05,0.0031599644473159511,-0.0036526054452490266
2025-11-17,0.00024981296207316915,-0.0019773435157326644,0.0063216713151508803,0.0045941407614913856
2025-11-18,-0.0023911433529002768,-0.0067169074901721002,0.010319533779666209,0.0012114829365938327
2025-11-19,-0.00035173833495940839,0.0033918450272810863,0,0.0030401066923216782
2025-11-20,7.7038337516678509e-05,0.0030617405688391159,-0.00095580197307123258,0.0021829769332845621
2025-11-21,-0.0064734686958397812,1.7632693448947966e-18,0,-0.0064734686958397795
2025-11-24,-0.0020165370623006496,4.3341278338628094e-19,0.0022636147029798394,0.00024707764067919032
2025-11-25,0,0,0,0
2025-11-26,0,0,0,0
2025-11-27,0,0,0,0
2025-11-28,0,0,0,0
2025-12-01,0,0,0,0
2025-12-02,0,0,0,0
2025-12-03,0,0,-0.005023092204594821,-0.005023092204594821
2025-12-04,0.0010417794412468321,-0.010113925675218223,0.0043603984161302012,-0.0047117478178411911
2025-12-05,-0.0010079648069388225,0.0044612481982864837,0,0.0034532833913476606
2025-12-08,-0.0034877359529776725,0.012600714379619956,0.0021745960821561712,0.011287574508798456
2025-12-09,0.0025006291391423334,0.019246622263696965,0,0.021747251402839299
2025-12-10,0.00096867692865770436,0.0046283464780491734,-0.0056608469600970233,-6.3823553390145518e-05
2025-12-11,0.0006998610524759604,-0.0022022045119218445,0,-0.0015023434594458838
2025-12-12,-0.00068438894818640403,0.0031061538843111299,0,0.0024217649361247262
2025-12-15,0.0007928347520418051,-0.0025155010602743708,0,-0.0017226663082325656
2025-12-16,0.00085077653549813642,-0.0026383554034896672,0,-0.0017875788679915308
2025-12-17,-0.00047305809667442812,0.0018914204283072683,0,0.0014183623316328404
2025-12-18,-6.1733751721884908e-05,0.00085833951669666978,0,0.00079660576497478483
2025-12-19,0.00045023845820402691,-0.0041376488518805876,0,-0.0036874103936765604
2025-12-22,-0.00086542262329423276,-0.00082874456173179277,0,-0.0016941671850260256
2025-12-23,-0.00084719683279118436,-0.00045502992558873459,0.0024977296027990405,0.0011955028444191225
2025-12-24,-0.00025868379361098731,-0.00035145650959456174,0,-0.00061014030320554911
2025-12-25,-0.00089071977989526783,-4.0947187265506642e-05,0,-0.00093166696716077448
2025-12-26,-0.0018964724315062523,-0.00043602995623734213,0,-0.0023325023877435944
2025-12-29,-0.00070441688966843812,3.6339500238472816e-05,0,-0.00066807738942996527
2025-12-30,0.00042175464924554311,-0.00046379042226481426,0,-4.2035773019271153e-05
2025-12-31,-0.00057747488824220724,-0.00089418931540738401,0,-0.0014716642036495912
