date,cash_fraction,exposure,slots,pending_exit,market_admission,shadowed_admissible,denied_preallocation,price_ready_below_score,reason
2023-01-03,1,0,4,False,False,,,,RETAIN_PREDICTED_TRENDS
2023-01-04,1,0,4,False,False,,,,RETAIN_PREDICTED_TRENDS
2023-01-05,1,0,4,False,False,,,,RETAIN_PREDICTED_TRENDS
2023-01-06,1,0,4,False,False,,,,RETAIN_PREDICTED_TRENDS
2023-01-09,1,0,4,False,False,,,,RETAIN_PREDICTED_TRENDS
2023-01-10,1,0,4,False,False,,,,RETAIN_PREDICTED_TRENDS
2023-01-11,1,0,4,False,False,,,,RETAIN_PREDICTED_TRENDS
2023-01-12,1,0,4,False,False,,,,RETAIN_PREDICTED_TRENDS
2023-01-13,1,0,4,False,False,,,,RETAIN_PREDICTED_TRENDS
2023-01-16,1,0,4,False,False,,,,RETAIN_PREDICTED_TRENDS
2023-01-17,1,0,4,False,True,,,,RETAIN_PREDICTED_TRENDS
2023-01-18,1,0,4,False,True,,,,RETAIN_PREDICTED_TRENDS
2023-01-19,1,0,4,False,True,,,,RETAIN_PREDICTED_TRENDS
2023-01-20,1,0,4,False,True,,,,RETAIN_PREDICTED_TRENDS
2023-01-30,1,0,4,False,True,,,,RETAIN_PREDICTED_TRENDS
2023-01-31,1,0,4,False,True,,,,RETAIN_PREDICTED_TRENDS
2023-02-01,1,0,4,False,True,,,,RETAIN_PREDICTED_TRENDS
2023-02-02,1,0,4,False,True,,,,RETAIN_PREDICTED_TRENDS
2023-02-03,1,0,4,False,True,,,,RETAIN_PREDICTED_TRENDS
2023-02-06,1,0,4,False,True,,,sz300604,FUNDED_EXPECTED_RETURN_ENTRY
2023-02-07,0.01356817287719566,0.98643182712280442,0,False,True,,,,RETAIN_PREDICTED_TRENDS
2023-02-08,0.013971787983533313,0.98602821201646673,0,False,True,,,,RETAIN_PREDICTED_TRENDS
2023-02-09,0.013022693947667559,0.98697730605233258,0,False,True,,,,RETAIN_PREDICTED_TRENDS
2023-02-10,0.012906876711112049,0.98709312328888799,0,False,True,,,,RETAIN_PREDICTED_TRENDS
2023-02-13,0.012174601211563184,0.987825398788437,0,False,True,,,,RETAIN_PREDICTED_TRENDS
2023-02-14,0.012275040405805532,0.9877249595941946,0,False,True,,,,RETAIN_PREDICTED_TRENDS
2023-02-15,0.011742431879891029,0.98825756812010912,0,False,True,,,,RETAIN_PREDICTED_TRENDS
2023-02-16,0.012479245227405478,0.9875207547725946,0,True,True,,,,FULL_EXIT_RETRY
2023-02-17,0.5089721716414769,0.49102782835852299,2,False,True,,,,FUNDED_EXPECTED_RETURN_ENTRY
2023-02-20,0.0060652577032493287,0.99393474229675072,0,False,True,,,,RETAIN_PREDICTED_TRENDS
2023-02-21,0.0060871715792154991,0.99391282842078454,0,False,True,,,,RETAIN_PREDICTED_TRENDS
2023-02-22,0.0060120713028841023,0.99398792869711605,0,False,True,,,,RETAIN_PREDICTED_TRENDS
2023-02-23,0.006062451160144487,0.99393754883985563,0,False,True,,,,RETAIN_PREDICTED_TRENDS
2023-02-24,0.0060613877349097282,0.99393861226509028,0,False,True,,,,RETAIN_PREDICTED_TRENDS
2023-02-27,0.006076889750150403,0.99392311024984958,0,False,True,,,,RETAIN_PREDICTED_TRENDS
2023-02-28,0.0060513096056698029,0.99394869039433009,0,False,True,,,,RETAIN_PREDICTED_TRENDS
2023-03-01,0.0060515884854727055,0.99394841151452729,0,False,True,,,,RETAIN_PREDICTED_TRENDS
2023-03-02,0.0060463564134182824,0.99395364358658167,0,False,True,,,,RETAIN_PREDICTED_TRENDS
2023-03-03,0.0059717539173386805,0.99402824608266149,0,True,True,,,,FULL_EXIT_RETRY|OBSERVED_TREND_EXIT
2023-03-06,0.22749218488812559,0.77250781511187439,1,False,True,,,,FUNDED_EXPECTED_RETURN_ENTRY
2023-03-07,0.00035439189218433592,0.99964560810781555,0,False,True,,,,RETAIN_PREDICTED_TRENDS
2023-03-08,0.00034623923995346994,0.99965376076004653,0,False,True,,,,RETAIN_PREDICTED_TRENDS
2023-03-09,0.00033760871017367267,0.99966239128982615,0,False,True,,,,RETAIN_PREDICTED_TRENDS
2023-03-10,0.00033381753066121872,0.99966618246933869,0,False,True,,,,RETAIN_PREDICTED_TRENDS
2023-03-13,0.00032782176925921362,0.99967217823074073,0,False,True,,,,RETAIN_PREDICTED_TRENDS
2023-03-14,0.00032099886950173745,0.99967900113049812,0,False,True,,,,RETAIN_PREDICTED_TRENDS
2023-03-15,0.0003292012928795419,0.99967079870712039,0,False,True,,,,RETAIN_PREDICTED_TRENDS
2023-03-16,0.00033934755907666093,0.99966065244092328,0,False,True,,,,RETAIN_PREDICTED_TRENDS
2023-03-17,0.00031744842370325511,0.99968255157629671,0,False,True,,,,RETAIN_PREDICTED_TRENDS
2023-03-20,0.00030989823859702687,0.99969010176140294,0,False,True,,,,RETAIN_PREDICTED_TRENDS
2023-03-21,0.00030911817303465295,0.99969088182696531,0,False,True,,,,RETAIN_PREDICTED_TRENDS
2023-03-22,0.00029076796299618214,0.99970923203700368,0,False,True,,,,RETAIN_PREDICTED_TRENDS
2023-03-23,0.00028523184242212316,0.99971476815757776,0,False,True,,,,RETAIN_PREDICTED_TRENDS
2023-03-24,0.00027996506175799224,0.99972003493824191,0,False,True,,,,RETAIN_PREDICTED_TRENDS
2023-03-27,0.00027507418883349348,0.99972492581116656,0,False,True,,,,RETAIN_PREDICTED_TRENDS
2023-03-28,0.00029294076975026667,0.99970705923024972,0,False,True,,,,RETAIN_PREDICTED_TRENDS
2023-03-29,0.00028123680659998795,0.99971876319339992,0,False,True,,,,RETAIN_PREDICTED_TRENDS
2023-03-30,0.00028218233266611527,0.99971781766733381,0,False,True,,,,RETAIN_PREDICTED_TRENDS
2023-03-31,0.0002697822132542968,0.99973021778674576,0,False,True,,,,RETAIN_PREDICTED_TRENDS
2023-04-03,0.00024427279630923521,0.99975572720369088,0,False,True,,,,RETAIN_PREDICTED_TRENDS
2023-04-04,0.00024561990653010102,0.99975438009346995,0,True,True,,,,EXPECTED_RETURN_LEADER_REPLACEMENT
2023-04-06,0.19406160123181301,0.80593839876818696,1,False,True,,,,FUNDED_EXPECTED_RETURN_ENTRY
2023-04-07,3.1202527138549178e-05,0.99996879747286127,0,False,True,,,,RETAIN_PREDICTED_TRENDS
2023-04-10,3.2222358461892342e-05,0.99996777764153799,0,False,True,,,,RETAIN_PREDICTED_TRENDS
2023-04-11,3.305051653194145e-05,0.99996694948346798,0,False,True,,,,RETAIN_PREDICTED_TRENDS
2023-04-12,3.2746344635504814e-05,0.99996725365536454,0,False,True,,,,RETAIN_PREDICTED_TRENDS
2023-04-13,3.4562383183791208e-05,0.99996543761681633,0,True,True,,,,FULL_EXIT_RETRY
2023-04-14,0.35029566857028238,0.64970433142971762,1,False,True,,,,FUNDED_EXPECTED_RETURN_ENTRY
2023-04-17,0.00011233245570037528,0.99988766754429959,0,False,True,,,,RETAIN_PREDICTED_TRENDS
2023-04-18,0.00011177767161424104,0.9998882223283857,0,False,True,,,,RETAIN_PREDICTED_TRENDS
2023-04-19,0.00010765555323005954,0.99989234444676989,0,False,True,,,,RETAIN_PREDICTED_TRENDS
2023-04-20,0.00010389182510968432,0.99989610817489005,0,False,True,,,,RETAIN_PREDICTED_TRENDS
2023-04-21,0.00011161876858807055,0.99988838123141188,0,False,True,,,,RETAIN_PREDICTED_TRENDS
2023-04-24,0.00011165984255955508,0.99988834015744033,0,False,True,,,,RETAIN_PREDICTED_TRENDS
2023-04-25,0.00011488107246044558,0.99988511892753962,0,True,True,,,,FULL_EXIT_RETRY
2023-04-26,0.20395826809774273,0.79604173190225724,1,True,True,,,,FULL_EXIT_RETRY
2023-04-27,0.40847720281525274,0.59152279718474732,2,False,True,,,,RETAIN_PREDICTED_TRENDS
2023-04-28,0.40174972340965143,0.59825027659034857,2,False,True,,,,FUNDED_EXPECTED_RETURN_ENTRY
2023-05-04,0.0087966246319373213,0.99120337536806269,0,True,True,,,,FULL_EXIT_RETRY
2023-05-05,0.205617193138143,0.79438280686185681,1,True,True,,,,FULL_EXIT_RETRY
2023-05-08,0.3818449437379195,0.61815505626208045,2,False,True,,,,FUNDED_EXPECTED_RETURN_ENTRY
2023-05-09,0.0028077349969288239,0.99719226500307112,1,False,True,,,,RETAIN_PREDICTED_TRENDS
2023-05-10,0.0028933310849861798,0.99710666891501387,1,False,False,,,,RETAIN_PREDICTED_TRENDS
2023-05-11,0.0028255388949293345,0.99717446110507091,1,False,False,,,,RETAIN_PREDICTED_TRENDS
2023-05-12,0.002877244846701901,0.99712275515329807,1,False,False,,,,RETAIN_PREDICTED_TRENDS
2023-05-15,0.0028248385766893513,0.99717516142331086,1,False,False,,,,RETAIN_PREDICTED_TRENDS
2023-05-16,0.0027330097866552108,0.99726699021334464,1,False,False,,,,RETAIN_PREDICTED_TRENDS
2023-05-17,0.0027356726993344148,0.99726432730066583,1,False,False,,,,RETAIN_PREDICTED_TRENDS
2023-05-18,0.0027141010896311268,0.9972858989103689,1,False,True,,,,RETAIN_PREDICTED_TRENDS
2023-05-19,0.0026419464935891505,0.99735805350641082,1,False,True,,,,RETAIN_PREDICTED_TRENDS
2023-05-22,0.0026793946397665846,0.99732060536023326,1,False,True,,,,RETAIN_PREDICTED_TRENDS
2023-05-23,0.0027343705710576303,0.99726562942894248,1,False,True,,,,RETAIN_PREDICTED_TRENDS
2023-05-24,0.0026700590430027049,0.99732994095699734,1,False,True,,,,RETAIN_PREDICTED_TRENDS
2023-05-25,0.0026721352239286195,0.99732786477607127,1,False,True,,,,RETAIN_PREDICTED_TRENDS
2023-05-26,0.0026104243651618856,0.99738957563483799,1,False,True,,,,RETAIN_PREDICTED_TRENDS
2023-05-29,0.0025554223058600564,0.99744457769413986,1,False,True,,,,RETAIN_PREDICTED_TRENDS
2023-05-30,0.0025439878722258152,0.99745601212777424,1,False,True,,,,RETAIN_PREDICTED_TRENDS
2023-05-31,0.0025727385329738328,0.9974272614670262,1,False,True,,,,RETAIN_PREDICTED_TRENDS
2023-06-01,0.0026301312436937648,0.99736986875630629,1,False,True,,,,RETAIN_PREDICTED_TRENDS
2023-06-02,0.0026170999324840812,0.99738290006751606,1,False,True,,,,RETAIN_PREDICTED_TRENDS
2023-06-05,0.0025389081529180002,0.99746109184708209,1,False,True,,,,RETAIN_PREDICTED_TRENDS
2023-06-06,0.0026036110732450936,0.99739638892675475,1,False,True,,,,RETAIN_PREDICTED_TRENDS
2023-06-07,0.0026606425224529519,0.99733935747754709,1,False,True,,,,RETAIN_PREDICTED_TRENDS
2023-06-08,0.002683425873711598,0.99731657412628838,1,False,True,,,,RETAIN_PREDICTED_TRENDS
2023-06-09,0.0025774332829836106,0.99742256671701623,1,False,True,,,,RETAIN_PREDICTED_TRENDS
2023-06-12,0.0026172643623544331,0.99738273563764568,1,False,True,,,,RETAIN_PREDICTED_TRENDS
2023-06-13,0.0025560019753212561,0.99744399802467876,1,False,True,,,,RETAIN_PREDICTED_TRENDS
2023-06-14,0.0025131515113644021,0.99748684848863567,1,False,True,,,,RETAIN_PREDICTED_TRENDS
2023-06-15,0.0026057811730844471,0.99739421882691548,1,False,True,,,,RETAIN_PREDICTED_TRENDS
2023-06-16,0.002570541196089958,0.99742945880390987,1,False,True,,,,RETAIN_PREDICTED_TRENDS
2023-06-19,0.0025772169960936453,0.9974227830039063,1,False,True,,,,RETAIN_PREDICTED_TRENDS
2023-06-20,0.0026046117914896665,0.99739538820851048,1,False,True,,,,RETAIN_PREDICTED_TRENDS
2023-06-21,0.002717173039797861,0.9972828269602021,1,False,True,,,,RETAIN_PREDICTED_TRENDS
2023-06-26,0.0026887235175126062,0.99731127648248741,1,True,True,,,,FULL_EXIT_RETRY|OBSERVED_TREND_EXIT
2023-06-27,0.24508899235138437,0.75491100764861563,2,False,True,,sz300776,,FUNDED_EXPECTED_RETURN_ENTRY|WAIT_FOR_OBSERVED_RISING_TREND
2023-06-28,0.23934871864609975,0.76065128135390014,2,False,True,,sz300776,sh688361,FUNDED_EXPECTED_RETURN_ENTRY|WAIT_FOR_OBSERVED_RISING_TREND
2023-06-29,0.12082479723444048,0.8791752027655596,1,False,True,"sz002371,sh688361",sz300776,,FUNDED_EXPECTED_RETURN_ENTRY|WAIT_FOR_OBSERVED_RISING_TREND
2023-06-30,0.11594492173439468,0.88405507826560537,1,False,True,,,,FUNDED_EXPECTED_RETURN_ENTRY
2023-07-03,0.0028851153356206404,0.99711488466437936,0,False,True,,,,RETAIN_PREDICTED_TRENDS
2023-07-04,0.0029180352116945744,0.99708196478830557,0,False,True,,,,RETAIN_PREDICTED_TRENDS
2023-07-05,0.0031115975193406011,0.99688840248065935,0,True,True,,,,FULL_EXIT_RETRY
2023-07-06,0.3397687771185004,0.66023122288149949,1,True,True,,,,FULL_EXIT_RETRY|OBSERVED_TREND_EXIT
2023-07-07,0.45119776767311093,0.54880223232688907,2,False,True,,,,FUNDED_EXPECTED_RETURN_ENTRY
2023-07-10,2.1021185737356926e-05,0.99997897881426256,0,False,True,,,,RETAIN_PREDICTED_TRENDS
2023-07-11,1.9629426754128368e-05,0.99998037057324596,0,False,True,,,,RETAIN_PREDICTED_TRENDS
2023-07-12,1.9073268993823339e-05,0.99998092673100614,0,False,True,,,,RETAIN_PREDICTED_TRENDS
2023-07-13,1.7323014769825903e-05,0.99998267698523025,0,False,True,,,,RETAIN_PREDICTED_TRENDS
2023-07-14,1.7102371551713858e-05,0.99998289762844839,0,False,True,,,,RETAIN_PREDICTED_TRENDS
2023-07-17,1.7635229918642854e-05,0.99998236477008151,0,True,True,,,,FULL_EXIT_RETRY|OBSERVED_TREND_EXIT
2023-07-18,0.10003165611040314,0.89996834388959701,1,False,True,,,sh603986,FUNDED_EXPECTED_RETURN_ENTRY
2023-07-19,6.9795592032698248e-05,0.9999302044079672,0,False,True,,,,RETAIN_PREDICTED_TRENDS
2023-07-20,7.378876201547457e-05,0.99992621123798453,0,True,False,,,,FULL_EXIT_RETRY|OBSERVED_TREND_EXIT
2023-07-21,0.51056509438334785,0.48943490561665226,2,False,False,,,,RETAIN_PREDICTED_TRENDS
2023-07-24,0.51008460093400698,0.48991539906599296,2,False,False,,,,RETAIN_PREDICTED_TRENDS
2023-07-25,0.51513811942432075,0.48486188057567925,2,False,False,,,,RETAIN_PREDICTED_TRENDS
2023-07-26,0.51966790531695473,0.48033209468304527,2,True,False,,,,FULL_EXIT_RETRY|OBSERVED_TREND_EXIT
2023-07-27,0.6148981438352934,0.3851018561647066,3,False,False,,sh688361,,FUNDED_EXPECTED_RETURN_ENTRY|WAIT_FOR_OBSERVED_RISING_TREND
2023-07-28,0.61725591695778215,0.3827440830422178,3,True,False,,,,FULL_EXIT_RETRY|OBSERVED_TREND_EXIT
2023-07-31,1,0,4,False,False,,sh688012,,FUNDED_EXPECTED_RETURN_ENTRY|WAIT_FOR_OBSERVED_RISING_TREND
2023-08-01,1,0,4,False,False,,sh688361,,FUNDED_EXPECTED_RETURN_ENTRY|WAIT_FOR_OBSERVED_RISING_TREND
2023-08-02,1,0,4,False,False,,,,RETAIN_PREDICTED_TRENDS
2023-08-03,1,0,4,False,False,,,,RETAIN_PREDICTED_TRENDS
2023-08-04,1,0,4,False,False,,,,RETAIN_PREDICTED_TRENDS
2023-08-07,1,0,4,False,False,,,,RETAIN_PREDICTED_TRENDS
2023-08-08,1,0,4,False,False,,sz002281,,FUNDED_EXPECTED_RETURN_ENTRY|WAIT_FOR_OBSERVED_RISING_TREND
2023-08-09,1,0,4,False,False,,,,RETAIN_PREDICTED_TRENDS
2023-08-10,1,0,4,False,False,,sh688082,,FUNDED_EXPECTED_RETURN_ENTRY|WAIT_FOR_OBSERVED_RISING_TREND
2023-08-11,1,0,4,False,False,,,,RETAIN_PREDICTED_TRENDS
2023-08-14,1,0,4,False,False,,,,RETAIN_PREDICTED_TRENDS
2023-08-15,1,0,4,False,False,,,,RETAIN_PREDICTED_TRENDS
2023-08-16,1,0,4,False,False,,,,RETAIN_PREDICTED_TRENDS
2023-08-17,1,0,4,False,False,,,,RETAIN_PREDICTED_TRENDS
2023-08-18,1,0,4,False,False,,,,RETAIN_PREDICTED_TRENDS
2023-08-21,1,0,4,False,False,,,,RETAIN_PREDICTED_TRENDS
2023-08-22,1,0,4,False,False,,,,RETAIN_PREDICTED_TRENDS
2023-08-23,1,0,4,False,False,,,,RETAIN_PREDICTED_TRENDS
2023-08-24,1,0,4,False,False,,,,RETAIN_PREDICTED_TRENDS
2023-08-25,1,0,4,False,False,,,,RETAIN_PREDICTED_TRENDS
2023-08-28,1,0,4,False,False,,,,RETAIN_PREDICTED_TRENDS
2023-08-29,1,0,4,False,False,,,,RETAIN_PREDICTED_TRENDS
2023-08-30,1,0,4,False,False,,"sz300604,sh688249,sh688361,sh688268",,FUNDED_EXPECTED_RETURN_ENTRY|WAIT_FOR_OBSERVED_RISING_TREND
2023-08-31,1,0,4,False,False,,"sh688249,sz300604,sz002409,sz300666",,FUNDED_EXPECTED_RETURN_ENTRY|WAIT_FOR_OBSERVED_RISING_TREND
2023-09-01,1,0,4,False,False,,"sh688535,sz300604,sh688361",,FUNDED_EXPECTED_RETURN_ENTRY|WAIT_FOR_OBSERVED_RISING_TREND
2023-09-04,1,0,4,False,False,,"sh688535,sh688361,sh688012,sh688409",,FUNDED_EXPECTED_RETURN_ENTRY|WAIT_FOR_OBSERVED_RISING_TREND
2023-09-05,1,0,4,False,False,,"sh688535,sh688361,sz300776,sh600206",,FUNDED_EXPECTED_RETURN_ENTRY|WAIT_FOR_OBSERVED_RISING_TREND
2023-09-06,1,0,4,False,False,,"sh688535,sh600206",,FUNDED_EXPECTED_RETURN_ENTRY|WAIT_FOR_OBSERVED_RISING_TREND
2023-09-07,1,0,4,False,False,,"sh688535,sz300776,sh688361,sh600206",,FUNDED_EXPECTED_RETURN_ENTRY|WAIT_FOR_OBSERVED_RISING_TREND
2023-09-08,1,0,4,False,False,,"sh688535,sz300776,sh600206,sz300666",,FUNDED_EXPECTED_RETURN_ENTRY|WAIT_FOR_OBSERVED_RISING_TREND
2023-09-11,1,0,4,False,False,,"sz300776,sz300666,sh688019,sh601869",,FUNDED_EXPECTED_RETURN_ENTRY|WAIT_FOR_OBSERVED_RISING_TREND
2023-09-12,1,0,4,False,False,,"sz300776,sh600206,sz300666",,FUNDED_EXPECTED_RETURN_ENTRY|WAIT_FOR_OBSERVED_RISING_TREND
2023-09-13,1,0,4,False,False,,,,RETAIN_PREDICTED_TRENDS
2023-09-14,1,0,4,False,False,,,,RETAIN_PREDICTED_TRENDS
2023-09-15,1,0,4,False,False,,sh688535,,FUNDED_EXPECTED_RETURN_ENTRY|WAIT_FOR_OBSERVED_RISING_TREND
2023-09-18,1,0,4,False,False,,,,RETAIN_PREDICTED_TRENDS
2023-09-19,1,0,4,False,False,,,,RETAIN_PREDICTED_TRENDS
2023-09-20,1,0,4,False,False,,,,RETAIN_PREDICTED_TRENDS
2023-09-21,1,0,4,False,False,,,,RETAIN_PREDICTED_TRENDS
2023-09-22,1,0,4,False,False,,,,RETAIN_PREDICTED_TRENDS
2023-09-25,1,0,4,False,False,,,,RETAIN_PREDICTED_TRENDS
2023-09-26,1,0,4,False,False,,,,RETAIN_PREDICTED_TRENDS
2023-09-27,1,0,4,False,False,,,,RETAIN_PREDICTED_TRENDS
2023-09-28,1,0,4,False,False,,"sh688012,sh688082,sh688205,sz300776",,FUNDED_EXPECTED_RETURN_ENTRY|WAIT_FOR_OBSERVED_RISING_TREND
2023-10-09,1,0,4,False,False,,"sh688082,sh601869,sh603986",,FUNDED_EXPECTED_RETURN_ENTRY|WAIT_FOR_OBSERVED_RISING_TREND
2023-10-10,1,0,4,False,False,,"sh688082,sh688072,sh601869,sh688012",,FUNDED_EXPECTED_RETURN_ENTRY|WAIT_FOR_OBSERVED_RISING_TREND
2023-10-11,1,0,4,False,False,,"sh688082,sz300776,sh688072,sh601869",,FUNDED_EXPECTED_RETURN_ENTRY|WAIT_FOR_OBSERVED_RISING_TREND
2023-10-12,1,0,4,False,True,,,,FUNDED_EXPECTED_RETURN_ENTRY
2023-10-13,0.14420075135977928,0.85579924864022072,0,False,True,,,,RETAIN_PREDICTED_TRENDS
2023-10-16,0.14632103637426616,0.85367896362573381,0,False,False,,,,RETAIN_PREDICTED_TRENDS
2023-10-17,0.14415691801378827,0.85584308198621173,0,False,False,,,,RETAIN_PREDICTED_TRENDS
2023-10-18,0.14653299350617349,0.85346700649382667,0,False,False,,,,RETAIN_PREDICTED_TRENDS
2023-10-19,0.1475139111963982,0.85248608880360188,0,True,False,,,,FULL_EXIT_RETRY|OBSERVED_TREND_EXIT
2023-10-20,0.25968744224430945,0.74031255775569049,1,False,False,,,,RETAIN_PREDICTED_TRENDS
2023-10-23,0.26152551082433229,0.73847448917566783,1,False,False,,,,RETAIN_PREDICTED_TRENDS
2023-10-24,0.2493319496931817,0.75066805030681838,1,False,False,,,,RETAIN_PREDICTED_TRENDS
2023-10-25,0.25356481872174158,0.74643518127825847,1,False,False,,,,RETAIN_PREDICTED_TRENDS
2023-10-26,0.24973958921101908,0.75026041078898098,1,False,False,,,,RETAIN_PREDICTED_TRENDS
2023-10-27,0.2489497516195224,0.75105024838047763,1,False,False,,sh688037,,FUNDED_EXPECTED_RETURN_ENTRY|WAIT_FOR_OBSERVED_RISING_TREND
2023-10-30,0.24739226746327161,0.7526077325367283,1,False,False,,sh688072,,FUNDED_EXPECTED_RETURN_ENTRY|WAIT_FOR_OBSERVED_RISING_TREND
2023-10-31,0.24516807346532118,0.75483192653467879,1,False,False,,sh688205,,FUNDED_EXPECTED_RETURN_ENTRY|WAIT_FOR_OBSERVED_RISING_TREND
2023-11-01,0.25034232541324197,0.74965767458675803,1,False,False,,sz300054,,FUNDED_EXPECTED_RETURN_ENTRY|WAIT_FOR_OBSERVED_RISING_TREND
2023-11-02,0.25398487458948876,0.74601512541051118,1,False,False,,sh688041,,FUNDED_EXPECTED_RETURN_ENTRY|WAIT_FOR_OBSERVED_RISING_TREND
2023-11-03,0.25285793422371894,0.74714206577628117,1,False,True,,,"sh603986,sh688008,sh688037,sh688120,sh688268,sz300604",FUNDED_EXPECTED_RETURN_ENTRY
2023-11-06,0.00046154692185072587,0.99953845307814926,0,False,True,,,,RETAIN_PREDICTED_TRENDS
2023-11-07,0.00046306098602574554,0.99953693901397411,0,False,True,,,,RETAIN_PREDICTED_TRENDS
2023-11-08,0.00045471397149475154,0.99954528602850534,0,False,True,,,,RETAIN_PREDICTED_TRENDS
2023-11-09,0.00046361417780340188,0.99953638582219673,0,False,True,,,,RETAIN_PREDICTED_TRENDS
2023-11-10,0.00046060470838218715,0.99953939529161773,0,False,True,,,,RETAIN_PREDICTED_TRENDS
2023-11-13,0.00045548475985187243,0.99954451524014809,0,False,True,,,,RETAIN_PREDICTED_TRENDS
2023-11-14,0.00045054692271541657,0.9995494530772846,0,False,True,,,,RETAIN_PREDICTED_TRENDS
2023-11-15,0.00046008690416963121,0.99953991309583023,0,False,True,,,,RETAIN_PREDICTED_TRENDS
2023-11-16,0.000472013044537035,0.99952798695546285,0,False,True,,,,RETAIN_PREDICTED_TRENDS
2023-11-17,0.00046669829851714149,0.99953330170148291,0,False,True,,,,RETAIN_PREDICTED_TRENDS
2023-11-20,0.00046878515518532021,0.99953121484481455,0,False,True,,,,RETAIN_PREDICTED_TRENDS
2023-11-21,0.00047332287678105101,0.99952667712321885,0,False,True,,,,RETAIN_PREDICTED_TRENDS
2023-11-22,0.00048255828890225532,0.99951744171109769,0,True,True,,,,FULL_EXIT_RETRY|OBSERVED_TREND_EXIT
2023-11-23,0.23695700381469006,0.7630429961853098,1,False,True,,,"sh688041,sh688120,sh688256,sh688268,sh688300,sz002409",RETAIN_PREDICTED_TRENDS
2023-11-24,0.23927802345575983,0.76072197654424012,1,False,False,,,,RETAIN_PREDICTED_TRENDS
2023-11-27,0.23468377989921888,0.76531622010078104,1,False,True,,,sh688120,RETAIN_PREDICTED_TRENDS
2023-11-28,0.23586721571368899,0.76413278428631104,1,False,True,,,,FUNDED_EXPECTED_RETURN_ENTRY
2023-11-29,0.0019829479683285021,0.99801705203167135,0,False,True,,,,RETAIN_PREDICTED_TRENDS
2023-11-30,0.0019759660896638406,0.99802403391033601,0,True,True,,,,EXPECTED_RETURN_LEADER_REPLACEMENT
2023-12-01,0.26892923720183892,0.73107076279816119,1,False,True,,,"sh600206,sh688072,sh688120,sh688256,sh688268",FUNDED_EXPECTED_RETURN_ENTRY
2023-12-04,2.0252108667202503e-05,0.99997974789133293,0,True,True,,,,FULL_EXIT_RETRY|OBSERVED_TREND_EXIT
2023-12-05,0.23421543345758175,0.76578456654241822,1,False,False,,sh688205,,FUNDED_EXPECTED_RETURN_ENTRY|WAIT_FOR_OBSERVED_RISING_TREND
2023-12-06,0.23272054557015967,0.76727945442984014,1,False,False,,,,RETAIN_PREDICTED_TRENDS
2023-12-07,0.23576530820100802,0.76423469179899206,1,False,False,,,,RETAIN_PREDICTED_TRENDS
2023-12-08,0.2280664262192281,0.77193357378077176,1,False,True,,,"sh688072,sh688205,sh688256,sz002281",RETAIN_PREDICTED_TRENDS
2023-12-11,0.22561688870656357,0.7743831112934364,1,False,True,,,,FUNDED_EXPECTED_RETURN_ENTRY
2023-12-12,5.3133624005336924e-06,0.99999468663759938,0,False,True,,,,RETAIN_PREDICTED_TRENDS
2023-12-13,5.3889947510807905e-06,0.999994611005249,0,False,True,,,,RETAIN_PREDICTED_TRENDS
2023-12-14,5.4402801094653506e-06,0.99999455971989071,0,False,True,,,,RETAIN_PREDICTED_TRENDS
2023-12-15,5.5400700960543631e-06,0.9999944599299041,0,False,False,,,,RETAIN_PREDICTED_TRENDS
2023-12-18,5.5976576695690421e-06,0.9999944023423305,0,True,False,,,,FULL_EXIT_RETRY|OBSERVED_TREND_EXIT
2023-12-19,0.23921072697683032,0.76078927302316957,0,True,False,,,,FULL_EXIT_RETRY|OBSERVED_TREND_EXIT
2023-12-20,0.25291767642861152,0.74708232357138848,1,False,False,,,,RETAIN_PREDICTED_TRENDS
2023-12-21,0.24855016873814906,0.75144983126185094,1,False,False,,,,RETAIN_PREDICTED_TRENDS
2023-12-22,0.25306456041853603,0.74693543958146402,1,False,False,,,,RETAIN_PREDICTED_TRENDS
2023-12-25,0.25845150512643289,0.74154849487356711,1,False,False,,,,RETAIN_PREDICTED_TRENDS
2023-12-26,0.26232792810370437,0.73767207189629569,1,True,False,,,,FULL_EXIT_RETRY|OBSERVED_TREND_EXIT
2023-12-27,0.70711090153050848,0.29288909846949146,2,True,False,,,,FULL_EXIT_RETRY
2023-12-28,0.74773437225031947,0.25226562774968053,3,False,False,,,,RETAIN_PREDICTED_TRENDS
2023-12-29,0.74592790407312481,0.2540720959268753,3,False,False,,,,RETAIN_PREDICTED_TRENDS
2024-01-02,0.74223448673636028,0.25776551326363967,3,False,False,,,,RETAIN_PREDICTED_TRENDS
2024-01-03,0.74140983139225969,0.25859016860774031,3,False,False,,,,RETAIN_PREDICTED_TRENDS
2024-01-04,0.73553120822271578,0.26446879177728427,3,False,False,,,,RETAIN_PREDICTED_TRENDS
2024-01-05,0.74391606439930935,0.25608393560069065,3,False,False,,,,RETAIN_PREDICTED_TRENDS
2024-01-08,0.75290510991503912,0.24709489008496086,3,False,False,,,,RETAIN_PREDICTED_TRENDS
2024-01-09,0.75082825690851018,0.24917174309148971,3,True,False,,,,FULL_EXIT_RETRY|OBSERVED_TREND_EXIT
2024-01-10,1,0,4,False,False,,,,RETAIN_PREDICTED_TRENDS
2024-01-11,1,0,4,False,False,,,,RETAIN_PREDICTED_TRENDS
2024-01-12,1,0,4,False,False,,,,RETAIN_PREDICTED_TRENDS
2024-01-15,1,0,4,False,False,,,,RETAIN_PREDICTED_TRENDS
2024-01-16,1,0,4,False,False,,,,RETAIN_PREDICTED_TRENDS
2024-01-17,1,0,4,False,False,,,,RETAIN_PREDICTED_TRENDS
2024-01-18,1,0,4,False,False,,,,RETAIN_PREDICTED_TRENDS
2024-01-19,1,0,4,False,False,,,,RETAIN_PREDICTED_TRENDS
2024-01-22,1,0,4,False,False,,,,RETAIN_PREDICTED_TRENDS
2024-01-23,1,0,4,False,False,,,,RETAIN_PREDICTED_TRENDS
2024-01-24,1,0,4,False,False,,,,RETAIN_PREDICTED_TRENDS
2024-01-25,1,0,4,False,False,,,,RETAIN_PREDICTED_TRENDS
2024-01-26,1,0,4,False,False,,,,RETAIN_PREDICTED_TRENDS
2024-01-29,1,0,4,False,False,,,,RETAIN_PREDICTED_TRENDS
2024-01-30,1,0,4,False,False,,,,RETAIN_PREDICTED_TRENDS
2024-01-31,1,0,4,False,False,,,,RETAIN_PREDICTED_TRENDS
2024-02-01,1,0,4,False,False,,,,RETAIN_PREDICTED_TRENDS
2024-02-02,1,0,4,False,False,,,,RETAIN_PREDICTED_TRENDS
2024-02-05,1,0,4,False,False,,,,RETAIN_PREDICTED_TRENDS
2024-02-06,1,0,4,False,False,,,,RETAIN_PREDICTED_TRENDS
2024-02-07,1,0,4,False,False,,,,RETAIN_PREDICTED_TRENDS
2024-02-08,1,0,4,False,False,,,,RETAIN_PREDICTED_TRENDS
2024-02-19,1,0,4,False,False,,"sh688205,sz300223",,FUNDED_EXPECTED_RETURN_ENTRY|WAIT_FOR_OBSERVED_RISING_TREND
2024-02-20,1,0,4,False,False,,"sh688535,sh688205,sh603986",,FUNDED_EXPECTED_RETURN_ENTRY|WAIT_FOR_OBSERVED_RISING_TREND
2024-02-21,1,0,4,False,False,,"sh688498,sh688205,sh688082",,FUNDED_EXPECTED_RETURN_ENTRY|WAIT_FOR_OBSERVED_RISING_TREND
2024-02-22,1,0,4,False,False,,"sh688498,sh688535,sh688249,sh688409",,FUNDED_EXPECTED_RETURN_ENTRY|WAIT_FOR_OBSERVED_RISING_TREND
2024-02-23,1,0,4,False,False,,"sh688268,sh688535,sh688249,sh688498",,FUNDED_EXPECTED_RETURN_ENTRY|WAIT_FOR_OBSERVED_RISING_TREND
2024-02-26,1,0,4,False,False,,"sh688268,sh688535,sh688249,sz300604",,FUNDED_EXPECTED_RETURN_ENTRY|WAIT_FOR_OBSERVED_RISING_TREND
2024-02-27,1,0,4,False,False,,"sh688268,sh688249,sh688498,sh688535",,FUNDED_EXPECTED_RETURN_ENTRY|WAIT_FOR_OBSERVED_RISING_TREND
2024-02-28,1,0,4,False,False,,"sh688535,sh688205,sh688498,sh688256",,FUNDED_EXPECTED_RETURN_ENTRY|WAIT_FOR_OBSERVED_RISING_TREND
2024-02-29,1,0,4,False,False,,"sh688268,sh688347,sh688249,sz300604",,FUNDED_EXPECTED_RETURN_ENTRY|WAIT_FOR_OBSERVED_RISING_TREND
2024-03-01,1,0,4,False,True,"sh688498,sh688205","sh688268,sh688347,sz300604,sh688535","sh601869,sh688012,sh688120,sz002371,sz300223",FUNDED_EXPECTED_RETURN_ENTRY|WAIT_FOR_OBSERVED_RISING_TREND
2024-03-04,1,0,4,False,True,sh688205,"sh688347,sh688268","sh601869,sh688012,sh688072,sh688120,sz002371,sz002409,sz300054",FUNDED_EXPECTED_RETURN_ENTRY|WAIT_FOR_OBSERVED_RISING_TREND
2024-03-05,0.51296023793989654,0.48703976206010358,2,False,True,,,"sh601869,sh688012,sh688072,sh688120,sh688205,sz002371,sz002409,sz300054",FUNDED_EXPECTED_RETURN_ENTRY
2024-03-06,0.0014527414343157657,0.99854725856568427,0,False,True,,,,RETAIN_PREDICTED_TRENDS
2024-03-07,0.0015426118620495708,0.99845738813795037,0,True,True,,,,FULL_EXIT_RETRY
2024-03-08,0.22464307056903815,0.77535692943096191,1,False,True,,,"sh601869,sh688012,sh688205,sz002371",RETAIN_PREDICTED_TRENDS
2024-03-11,0.21461814933745774,0.78538185066254207,1,False,True,,,"sh601869,sh688012,sz002371,sz002409",RETAIN_PREDICTED_TRENDS
2024-03-12,0.2214704980659174,0.77852950193408255,1,True,True,,,,FULL_EXIT_RETRY
2024-03-13,0.50457448391948656,0.49542551608051355,2,False,True,,,"sh601869,sh688012,sh688037,sh688072,sh688120,sh688205,sh688409,sz002371,sz002409,sz300223",RETAIN_PREDICTED_TRENDS
2024-03-14,0.50881663108872655,0.49118336891127345,2,False,True,,,"sh601869,sh688205,sh688409,sz002409,sz300054,sz300223",FUNDED_EXPECTED_RETURN_ENTRY
2024-03-15,9.324285947044447e-06,0.99999067571405298,1,False,True,,,,RETAIN_PREDICTED_TRENDS
2024-03-18,8.7985660265906167e-06,0.99999120143397346,1,False,True,,,,RETAIN_PREDICTED_TRENDS
2024-03-19,9.0069428695602137e-06,0.99999099305713057,1,False,True,,,,RETAIN_PREDICTED_TRENDS
2024-03-20,8.9471477818444307e-06,0.99999105285221823,1,False,True,,,,RETAIN_PREDICTED_TRENDS
2024-03-21,8.9518390961951902e-06,0.99999104816090389,1,False,True,,,,RETAIN_PREDICTED_TRENDS
2024-03-22,8.9213149253419246e-06,0.99999107868507453,1,False,True,,,,RETAIN_PREDICTED_TRENDS
2024-03-25,9.1325262829517885e-06,0.99999086747371702,1,False,True,,,,RETAIN_PREDICTED_TRENDS
2024-03-26,9.4684275848810353e-06,0.99999053157241513,1,False,True,,,,RETAIN_PREDICTED_TRENDS
2024-03-27,9.8048315132398357e-06,0.99999019516848675,1,True,False,,,,FULL_EXIT_RETRY
2024-03-28,0.21213373184583936,0.78786626815416061,2,False,False,,,,RETAIN_PREDICTED_TRENDS
2024-03-29,0.21375249933008969,0.78624750066991034,2,False,False,,,,RETAIN_PREDICTED_TRENDS
2024-04-01,0.21154972203994901,0.78845027796005096,2,False,False,,,,RETAIN_PREDICTED_TRENDS
2024-04-02,0.21438775800246918,0.78561224199753077,2,False,False,,,,RETAIN_PREDICTED_TRENDS
2024-04-03,0.21682414722866003,0.78317585277133994,2,False,False,,,,RETAIN_PREDICTED_TRENDS
2024-04-08,0.21856473167690377,0.78143526832309629,2,False,False,,,,RETAIN_PREDICTED_TRENDS
2024-04-09,0.22047206280223186,0.77952793719776825,2,False,False,,,,RETAIN_PREDICTED_TRENDS
2024-04-10,0.226780058438728,0.77321994156127205,2,False,False,,,,RETAIN_PREDICTED_TRENDS
2024-04-11,0.22706938602565621,0.77293061397434393,2,True,False,,,,FULL_EXIT_RETRY|OBSERVED_TREND_EXIT
2024-04-12,1,0,4,False,False,,,,RETAIN_PREDICTED_TRENDS
2024-04-15,1,0,4,False,False,,,,RETAIN_PREDICTED_TRENDS
2024-04-16,1,0,4,False,False,,,,RETAIN_PREDICTED_TRENDS
2024-04-17,1,0,4,False,False,,,,RETAIN_PREDICTED_TRENDS
2024-04-18,1,0,4,False,False,,,,RETAIN_PREDICTED_TRENDS
2024-04-19,1,0,4,False,False,,,,RETAIN_PREDICTED_TRENDS
2024-04-22,1,0,4,False,False,,,,RETAIN_PREDICTED_TRENDS
2024-04-23,1,0,4,False,False,,,,RETAIN_PREDICTED_TRENDS
2024-04-24,1,0,4,False,False,,,,RETAIN_PREDICTED_TRENDS
2024-04-25,1,0,4,False,False,,,,RETAIN_PREDICTED_TRENDS
2024-04-26,1,0,4,False,False,,"sh688205,sh688535,sz002409,sz002371",,FUNDED_EXPECTED_RETURN_ENTRY|WAIT_FOR_OBSERVED_RISING_TREND
2024-04-29,1,0,4,False,False,,,,RETAIN_PREDICTED_TRENDS
2024-04-30,1,0,4,False,True,sh688409,sh688535,"sh603986,sh688008,sz300666",FUNDED_EXPECTED_RETURN_ENTRY|WAIT_FOR_OBSERVED_RISING_TREND
2024-05-06,0.24846042760752385,0.75153957239247626,1,False,True,,sh688205,"sh603986,sh688008,sh688268,sh688409,sz300223,sz300666",FUNDED_EXPECTED_RETURN_ENTRY|WAIT_FOR_OBSERVED_RISING_TREND
2024-05-07,0.2501813025587738,0.7498186974412262,1,False,True,,,"sh603986,sh688008,sh688249,sh688268,sh688409,sz300223,sz300666",RETAIN_PREDICTED_TRENDS
2024-05-08,0.2532633360963002,0.74673666390369964,1,False,True,,sh688535,"sh603986,sh688008,sh688268,sh688409,sz300223",FUNDED_EXPECTED_RETURN_ENTRY|WAIT_FOR_OBSERVED_RISING_TREND
2024-05-09,0.25274782457719613,0.74725217542280364,1,False,True,,,"sh603986,sh688249,sh688268,sz300223",RETAIN_PREDICTED_TRENDS
2024-05-10,0.25798975913627081,0.74201024086372924,1,False,True,,,"sh603986,sh688120,sh688249,sh688268",RETAIN_PREDICTED_TRENDS
2024-05-13,0.25923160861297639,0.74076839138702355,1,False,False,,,,RETAIN_PREDICTED_TRENDS
2024-05-14,0.26134192888762198,0.73865807111237802,1,False,False,,,,RETAIN_PREDICTED_TRENDS
2024-05-15,0.26137163806080066,0.73862836193919934,1,False,False,,,,RETAIN_PREDICTED_TRENDS
2024-05-16,0.2613777196473252,0.73862228035267474,1,True,False,,,,FULL_EXIT_RETRY|OBSERVED_TREND_EXIT
2024-05-17,0.49724567390813418,0.50275432609186566,2,False,False,,,,RETAIN_PREDICTED_TRENDS
2024-05-20,0.49268813988310212,0.50731186011689788,2,False,True,,,"sh688019,sh688268,sz300776",RETAIN_PREDICTED_TRENDS
2024-05-21,0.49664249349245859,0.50335750650754152,2,False,True,,,"sh688019,sh688268,sz300776",RETAIN_PREDICTED_TRENDS
2024-05-22,0.500646583402233,0.49935341659776694,2,False,True,,,"sh688008,sh688268,sz300604,sz300666,sz300776",RETAIN_PREDICTED_TRENDS
2024-05-23,0.50448435329269747,0.49551564670730247,2,False,True,,,"sh688008,sz300776",RETAIN_PREDICTED_TRENDS
2024-05-24,0.50893991169337782,0.49106008830662212,2,False,False,,,,RETAIN_PREDICTED_TRENDS
2024-05-27,0.49384911273406107,0.50615088726593882,2,False,True,,,sh688008,RETAIN_PREDICTED_TRENDS
2024-05-28,0.49878131776412205,0.50121868223587795,2,False,False,,,,RETAIN_PREDICTED_TRENDS
2024-05-29,0.50276268383879175,0.49723731616120825,2,False,False,,,,RETAIN_PREDICTED_TRENDS
2024-05-30,0.4998363552710739,0.50016364472892605,2,False,False,,sh688037,,FUNDED_EXPECTED_RETURN_ENTRY|WAIT_FOR_OBSERVED_RISING_TREND
2024-05-31,0.49996410914133371,0.50003589085866629,2,False,False,,sh688037,,FUNDED_EXPECTED_RETURN_ENTRY|WAIT_FOR_OBSERVED_RISING_TREND
2024-06-03,0.49596389575209654,0.50403610424790335,2,False,True,,sh688037,"sh603986,sh688008,sh688019,sh688072,sh688120,sh688249,sh688268,sh688347,sz300666",FUNDED_EXPECTED_RETURN_ENTRY|WAIT_FOR_OBSERVED_RISING_TREND
2024-06-04,0.49098426235326348,0.50901573764673658,2,False,True,,,"sh603986,sh688008,sh688019,sh688072,sh688120,sh688249,sh688268,sh688347,sz300666,sz300776",RETAIN_PREDICTED_TRENDS
2024-06-05,0.49255028915961097,0.50744971084038903,2,False,True,,,"sh603986,sh688019,sh688072,sh688120,sh688249,sh688268,sh688300,sh688347,sh688409,sz300666,sz300776",FUNDED_EXPECTED_RETURN_ENTRY
2024-06-06,0.0086582862299030578,0.99134171377009683,1,False,True,,,,RETAIN_PREDICTED_TRENDS
2024-06-07,0.0087564033091077319,0.99124359669089235,1,False,True,,,,RETAIN_PREDICTED_TRENDS
2024-06-11,0.0085318596817652113,0.99146814031823471,1,False,True,,,,RETAIN_PREDICTED_TRENDS
2024-06-12,0.0085574738390646662,0.99144252616093553,1,False,True,,,,RETAIN_PREDICTED_TRENDS
2024-06-13,0.0084647811336584309,0.99153521886634133,1,False,True,,,,RETAIN_PREDICTED_TRENDS
2024-06-14,0.0085421527019996883,0.99145784729800035,1,False,True,,,,RETAIN_PREDICTED_TRENDS
2024-06-17,0.0083695869268006606,0.99163041307319943,1,False,True,,,,RETAIN_PREDICTED_TRENDS
2024-06-18,0.0083954712887281992,0.9916045287112718,1,False,True,,,,RETAIN_PREDICTED_TRENDS
2024-06-19,0.0084738126985079709,0.99152618730149222,1,False,True,,,,RETAIN_PREDICTED_TRENDS
2024-06-20,0.0084778622109183202,0.9915221377890816,1,False,True,,,,RETAIN_PREDICTED_TRENDS
2024-06-21,0.0084305334834234372,0.99156946651657674,1,False,True,,,,RETAIN_PREDICTED_TRENDS
2024-06-24,0.0085704883700910822,0.99142951162990922,1,False,True,,,,RETAIN_PREDICTED_TRENDS
2024-06-25,0.0088483389626621122,0.99115166103733787,1,True,False,,,,FULL_EXIT_RETRY|OBSERVED_TREND_EXIT
2024-06-26,0.26179935696567691,0.73820064303432298,2,False,True,,,sh688008,RETAIN_PREDICTED_TRENDS
2024-06-27,0.26172299161029111,0.73827700838970889,2,False,False,,,,RETAIN_PREDICTED_TRENDS
2024-06-28,0.26115272246126553,0.73884727753873447,2,False,False,,,,RETAIN_PREDICTED_TRENDS
2024-07-01,0.25644355555727411,0.74355644444272584,2,False,False,,,,RETAIN_PREDICTED_TRENDS
2024-07-02,0.26063228388404991,0.73936771611594998,2,False,False,,,,RETAIN_PREDICTED_TRENDS
2024-07-03,0.25784826270844813,0.74215173729155182,2,False,False,,,,RETAIN_PREDICTED_TRENDS
2024-07-04,0.25947209396331478,0.74052790603668517,2,False,False,,,,RETAIN_PREDICTED_TRENDS
2024-07-05,0.26110068873208225,0.73889931126791764,2,False,False,,,,RETAIN_PREDICTED_TRENDS
2024-07-08,0.26032050313668842,0.73967949686331158,2,False,False,,,,RETAIN_PREDICTED_TRENDS
2024-07-09,0.25413194614979251,0.74586805385020738,2,False,False,,"sh603986,sh688008",,FUNDED_EXPECTED_RETURN_ENTRY|WAIT_FOR_OBSERVED_RISING_TREND
2024-07-10,0.2570296622743472,0.74297033772565291,2,False,False,,"sh603986,sh688008",,FUNDED_EXPECTED_RETURN_ENTRY|WAIT_FOR_OBSERVED_RISING_TREND
2024-07-11,0.25802388086776312,0.74197611913223693,2,False,False,,"sh603986,sh688008",,FUNDED_EXPECTED_RETURN_ENTRY|WAIT_FOR_OBSERVED_RISING_TREND
2024-07-12,0.25096179848477213,0.74903820151522793,2,False,False,,"sh688008,sh603986",,FUNDED_EXPECTED_RETURN_ENTRY|WAIT_FOR_OBSERVED_RISING_TREND
2024-07-15,0.2494467409499467,0.75055325905005321,2,False,True,,,"sh688008,sh688012,sh688082,sh688249,sh688347,sz300054,sz300604,sz300666",FUNDED_EXPECTED_RETURN_ENTRY
2024-07-16,0.00062179629562123873,0.9993782037043788,0,False,True,,,,RETAIN_PREDICTED_TRENDS
2024-07-17,0.00063249369386307467,0.99936750630613669,0,False,True,,,,RETAIN_PREDICTED_TRENDS
2024-07-18,0.00062063385803506497,0.99937936614196488,0,False,True,,,,RETAIN_PREDICTED_TRENDS
2024-07-19,0.000623012158231634,0.99937698784176821,0,False,True,,,,RETAIN_PREDICTED_TRENDS
2024-07-22,0.00062467700013575731,0.99937532299986431,0,False,True,,,,RETAIN_PREDICTED_TRENDS
2024-07-23,0.00066013234095580202,0.99933986765904415,0,False,False,,,,RETAIN_PREDICTED_TRENDS
2024-07-24,0.00067406077099573132,0.99932593922900403,0,True,False,,,,FULL_EXIT_RETRY|OBSERVED_TREND_EXIT
2024-07-25,0.24517763028745793,0.75482236971254224,1,True,False,,,,FULL_EXIT_RETRY|OBSERVED_TREND_EXIT
2024-07-26,0.35867691087850162,0.64132308912149838,2,False,False,,,,RETAIN_PREDICTED_TRENDS
2024-07-29,0.35786301893409872,0.64213698106590122,2,False,False,,,,RETAIN_PREDICTED_TRENDS
2024-07-30,0.3558843631072795,0.64411563689272044,2,False,False,,,,RETAIN_PREDICTED_TRENDS
2024-07-31,0.34988962684339481,0.65011037315660514,2,False,False,,"sh688041,sh688012",,FUNDED_EXPECTED_RETURN_ENTRY|WAIT_FOR_OBSERVED_RISING_TREND
2024-08-01,0.3476340546452692,0.6523659453547308,2,False,False,,"sh688072,sh688012",,FUNDED_EXPECTED_RETURN_ENTRY|WAIT_FOR_OBSERVED_RISING_TREND
2024-08-02,0.35328449616437252,0.64671550383562748,2,False,False,,,,RETAIN_PREDICTED_TRENDS
2024-08-05,0.363290924564034,0.636709075435966,2,False,False,,,,RETAIN_PREDICTED_TRENDS
2024-08-06,0.36261844772374929,0.63738155227625071,2,False,False,,,,RETAIN_PREDICTED_TRENDS
2024-08-07,0.36485900052574127,0.63514099947425873,2,True,False,,,,FULL_EXIT_RETRY|OBSERVED_TREND_EXIT
2024-08-08,0.85822322766308523,0.14177677233691474,3,False,False,,,,RETAIN_PREDICTED_TRENDS
2024-08-09,0.85998834289712234,0.14001165710287766,3,False,False,,,,RETAIN_PREDICTED_TRENDS
2024-08-12,0.85940698328566012,0.14059301671433982,3,False,False,,,,RETAIN_PREDICTED_TRENDS
2024-08-13,0.86064828932312487,0.13935171067687502,3,False,False,,,,RETAIN_PREDICTED_TRENDS
2024-08-14,0.86283422643494501,0.13716577356505497,3,False,False,,,,RETAIN_PREDICTED_TRENDS
2024-08-15,0.86361149516481506,0.13638850483518503,3,False,False,,,,RETAIN_PREDICTED_TRENDS
2024-08-16,0.863314620827626,0.13668537917237408,3,False,False,,,,RETAIN_PREDICTED_TRENDS
2024-08-19,0.86839677490866052,0.1316032250913394,3,False,False,,,,RETAIN_PREDICTED_TRENDS
2024-08-20,0.87044457904291328,0.12955542095708661,3,True,False,,,,FULL_EXIT_RETRY|OBSERVED_TREND_EXIT
2024-08-21,1,0,4,False,False,,,,RETAIN_PREDICTED_TRENDS
2024-08-22,1,0,4,False,False,,,,RETAIN_PREDICTED_TRENDS
2024-08-23,1,0,4,False,False,,,,RETAIN_PREDICTED_TRENDS
2024-08-26,1,0,4,False,False,,,,RETAIN_PREDICTED_TRENDS
2024-08-27,1,0,4,False,False,,,,RETAIN_PREDICTED_TRENDS
2024-08-28,1,0,4,False,False,,,,RETAIN_PREDICTED_TRENDS
2024-08-29,1,0,4,False,False,,,,RETAIN_PREDICTED_TRENDS
2024-08-30,1,0,4,False,False,,,,RETAIN_PREDICTED_TRENDS
2024-09-02,1,0,4,False,False,,,,RETAIN_PREDICTED_TRENDS
2024-09-03,1,0,4,False,False,,,,RETAIN_PREDICTED_TRENDS
2024-09-04,1,0,4,False,False,,,,RETAIN_PREDICTED_TRENDS
2024-09-05,1,0,4,False,False,,,,RETAIN_PREDICTED_TRENDS
2024-09-06,1,0,4,False,False,,,,RETAIN_PREDICTED_TRENDS
2024-09-09,1,0,4,False,False,,,,RETAIN_PREDICTED_TRENDS
2024-09-10,1,0,4,False,False,,,,RETAIN_PREDICTED_TRENDS
2024-09-11,1,0,4,False,False,,,,RETAIN_PREDICTED_TRENDS
2024-09-12,1,0,4,False,False,,,,RETAIN_PREDICTED_TRENDS
2024-09-13,1,0,4,False,False,,,,RETAIN_PREDICTED_TRENDS
2024-09-18,1,0,4,False,False,,,,RETAIN_PREDICTED_TRENDS
2024-09-19,1,0,4,False,False,,,,RETAIN_PREDICTED_TRENDS
2024-09-20,1,0,4,False,False,,,,RETAIN_PREDICTED_TRENDS
2024-09-23,1,0,4,False,False,,,,RETAIN_PREDICTED_TRENDS
2024-09-24,1,0,4,False,False,,,,RETAIN_PREDICTED_TRENDS
2024-09-25,1,0,4,False,False,,,,RETAIN_PREDICTED_TRENDS
2024-09-26,1,0,4,False,False,,,,RETAIN_PREDICTED_TRENDS
2024-09-27,1,0,4,False,False,,,,RETAIN_PREDICTED_TRENDS
2024-09-30,1,0,4,False,True,,,"sh600206,sh601869,sh603986,sh688008,sh688019,sh688037,sh688041,sh688082,sh688249,sh688268,sh688347,sh688361,sh688409,sz300054,sz300223,sz300604,sz300666,sz300776",RETAIN_PREDICTED_TRENDS
2024-10-08,1,0,4,False,True,,,"sh600206,sh601869,sh603986,sh688012,sh688037,sh688249,sh688268,sh688300,sh688361,sh688409,sz300054,sz300223",RETAIN_PREDICTED_TRENDS
2024-10-09,1,0,4,False,True,,,"sh600206,sh601869,sh603986,sh688012,sh688037,sh688082,sh688249,sh688268,sh688347,sh688361,sh688409,sz300054,sz300223,sz300604",RETAIN_PREDICTED_TRENDS
2024-10-10,1,0,4,False,True,,,"sh600206,sh601869,sh688072,sh688249,sh688361,sz300054,sz300223",RETAIN_PREDICTED_TRENDS
2024-10-11,1,0,4,False,True,,,"sh600206,sh601869,sh688019,sh688072,sh688082,sh688249,sh688268,sh688361,sz300054,sz300604,sz300666,sz300776",RETAIN_PREDICTED_TRENDS
2024-10-14,1,0,4,False,True,,,"sh688249,sz300054",RETAIN_PREDICTED_TRENDS
2024-10-15,1,0,4,False,True,,,,RETAIN_PREDICTED_TRENDS
2024-10-16,1,0,4,False,True,,,,RETAIN_PREDICTED_TRENDS
2024-10-17,1,0,4,False,True,,,,RETAIN_PREDICTED_TRENDS
2024-10-18,1,0,4,False,True,,,"sh600206,sh601869,sh688249,sz300054",RETAIN_PREDICTED_TRENDS
2024-10-21,1,0,4,False,True,,,"sh600206,sh601869,sh603986,sz300054",RETAIN_PREDICTED_TRENDS
2024-10-22,1,0,4,False,True,,,"sh600206,sh601869,sh688249,sz300054",RETAIN_PREDICTED_TRENDS
2024-10-23,1,0,4,False,True,,,"sh600206,sh603986,sh688409,sz300054",RETAIN_PREDICTED_TRENDS
2024-10-24,1,0,4,False,True,,,"sh600206,sh603986,sh688409,sz300054",RETAIN_PREDICTED_TRENDS
2024-10-25,1,0,4,False,True,,,"sh600206,sh603986,sh688249,sz300054",RETAIN_PREDICTED_TRENDS
2024-10-28,1,0,4,False,True,,,"sh600206,sh603986",RETAIN_PREDICTED_TRENDS
2024-10-29,1,0,4,False,True,,,sh600206,RETAIN_PREDICTED_TRENDS
2024-10-30,1,0,4,False,True,,,"sh601869,sh603986",RETAIN_PREDICTED_TRENDS
2024-10-31,1,0,4,False,True,,,"sh600206,sh601869,sh603986",RETAIN_PREDICTED_TRENDS
2024-11-01,1,0,4,False,True,,,sh600206,RETAIN_PREDICTED_TRENDS
2024-11-04,1,0,4,False,True,,,"sh600206,sh601869,sh688019",RETAIN_PREDICTED_TRENDS
2024-11-05,1,0,4,False,True,,,"sh600206,sh601869,sh603986,sh688019,sh688072,sh688082,sh688249,sh688300,sh688347,sh688361,sh688535,sz300054",RETAIN_PREDICTED_TRENDS
2024-11-06,1,0,4,False,True,,,"sh600206,sh601869,sh603986,sh688019,sh688037,sh688082,sh688249,sh688268,sh688300,sh688347,sh688535,sz300054,sz300223",RETAIN_PREDICTED_TRENDS
2024-11-07,1,0,4,False,True,,,"sh600206,sh601869,sh603986,sh688019,sh688082,sh688249,sh688268,sh688300,sh688535,sz300054,sz300223",RETAIN_PREDICTED_TRENDS
2024-11-08,1,0,4,False,True,,,"sh600206,sh601869,sh603986,sh688008,sh688019,sh688037,sh688041,sh688082,sh688249,sh688268,sh688300,sh688347,sh688535,sz300054,sz300223,sz300666",RETAIN_PREDICTED_TRENDS
2024-11-11,1,0,4,False,True,,,"sh600206,sh601869,sh603986,sh688008,sh688019,sh688037,sh688041,sh688082,sh688249,sh688268,sh688300,sh688535,sz300054,sz300223,sz300604",RETAIN_PREDICTED_TRENDS
2024-11-12,1,0,4,False,True,,,"sh600206,sh601869,sh603986,sh688012,sh688019,sh688268,sh688300,sz300054,sz300223",RETAIN_PREDICTED_TRENDS
2024-11-13,1,0,4,False,True,,,"sh600206,sh601869,sh603986,sh688012,sh688268,sh688300,sz300054,sz300223",RETAIN_PREDICTED_TRENDS
2024-11-14,1,0,4,False,True,,,"sh601869,sh688008,sh688012,sh688037,sh688072,sh688082,sh688249,sz300054,sz300223,sz300604,sz300776",FUNDED_EXPECTED_RETURN_ENTRY
2024-11-15,0.010074099881925704,0.98992590011807435,2,False,True,,,,FUNDED_EXPECTED_RETURN_ENTRY
2024-11-18,0.0099762340737350828,0.99002376592626495,2,False,True,,,,RETAIN_PREDICTED_TRENDS
2024-11-19,0.009843552515303812,0.99015644748469622,2,False,True,,,,RETAIN_PREDICTED_TRENDS
2024-11-20,0.0098197229242011005,0.99018027707579903,2,False,True,,,,RETAIN_PREDICTED_TRENDS
2024-11-21,0.0096340539603472896,0.99036594603965278,2,False,True,,,,RETAIN_PREDICTED_TRENDS
2024-11-22,0.0101959433528169,0.98980405664718307,2,True,True,,,,FULL_EXIT_RETRY
2024-11-25,0.51153158338186222,0.48846841661813778,3,False,True,,,"sh601869,sh688082,sh688300",RETAIN_PREDICTED_TRENDS
2024-11-26,0.5166057203154315,0.48339427968456855,3,False,True,,,,RETAIN_PREDICTED_TRENDS
2024-11-27,0.51083951429754804,0.48916048570245196,3,False,True,,,"sh601869,sh688300",RETAIN_PREDICTED_TRENDS
2024-11-28,0.51449391818709356,0.48550608181290644,3,False,True,,,"sh688072,sh688249,sh688300",RETAIN_PREDICTED_TRENDS
2024-11-29,0.50247773065571966,0.4975222693442804,3,False,True,,,"sh601869,sh688008,sh688012,sh688037,sh688072,sh688082,sh688249,sh688300,sh688409,sz300054,sz300776",FUNDED_EXPECTED_RETURN_ENTRY
2024-12-02,5.4312090916673601e-05,0.99994568790908334,2,False,True,,,,RETAIN_PREDICTED_TRENDS
2024-12-03,5.4630565726449279e-05,0.99994536943427348,2,False,True,,,,RETAIN_PREDICTED_TRENDS
2024-12-04,5.5514700009770937e-05,0.99994448529999036,2,False,True,,,,RETAIN_PREDICTED_TRENDS
2024-12-05,5.6321507728789667e-05,0.99994367849227117,2,False,True,,,,RETAIN_PREDICTED_TRENDS
2024-12-06,5.5590439982854073e-05,0.99994440956001718,2,False,True,,,,RETAIN_PREDICTED_TRENDS
2024-12-09,5.7049363539865829e-05,0.9999429506364601,2,False,True,,,,RETAIN_PREDICTED_TRENDS
2024-12-10,5.6314243467617205e-05,0.99994368575653236,2,False,True,,,,RETAIN_PREDICTED_TRENDS
2024-12-11,5.6409495253558922e-05,0.99994359050474657,2,False,True,,,,RETAIN_PREDICTED_TRENDS
2024-12-12,5.5856184981838307e-05,0.99994414381501817,2,False,True,,,,RETAIN_PREDICTED_TRENDS
2024-12-13,5.6904828751082228e-05,0.99994309517124891,2,False,True,,,,RETAIN_PREDICTED_TRENDS
2024-12-16,5.8897456332839844e-05,0.9999411025436673,2,False,True,,,,RETAIN_PREDICTED_TRENDS
2024-12-17,5.9287170791590665e-05,0.99994071282920838,2,True,True,,,,FULL_EXIT_RETRY|OBSERVED_TREND_EXIT
2024-12-18,0.4886977599696018,0.51130224003039815,3,False,True,,,"sh603986,sh688300,sz300223",RETAIN_PREDICTED_TRENDS
2024-12-19,0.48682546298456136,0.51317453701543858,3,False,True,,,"sh601869,sh688008,sh688300,sz300223",RETAIN_PREDICTED_TRENDS
2024-12-20,0.4800478273937302,0.51995217260626969,3,False,True,,,"sh601869,sh603986,sh688008,sh688041,sz300054,sz300223,sz300604",RETAIN_PREDICTED_TRENDS
2024-12-23,0.48517320190749397,0.51482679809250609,3,False,True,,,"sh601869,sh603986,sh688008,sh688300,sh688347,sz300223,sz300604",RETAIN_PREDICTED_TRENDS
2024-12-24,0.48227467370222632,0.51772532629777368,3,False,True,,,"sh603986,sh688008,sh688300,sh688347,sz300223,sz300604",FUNDED_EXPECTED_RETURN_ENTRY
2024-12-25,0.077874995364689226,0.92212500463531066,2,False,True,,,"sh603986,sh688008,sh688300,sh688347,sz300604",RETAIN_PREDICTED_TRENDS
2024-12-26,0.075626866325875799,0.9243731336741241,2,False,True,,,"sh603986,sh688037,sh688300,sh688347,sh688535,sz300054,sz300223,sz300604",RETAIN_PREDICTED_TRENDS
2024-12-27,0.076810495611781354,0.92318950438821878,2,False,True,,,"sh688037,sh688347",FUNDED_EXPECTED_RETURN_ENTRY
2024-12-30,0.0019963878112615758,0.99800361218873856,0,False,True,,,,RETAIN_PREDICTED_TRENDS
2024-12-31,0.0021068601570012916,0.99789313984299866,0,False,True,,,,RETAIN_PREDICTED_TRENDS
2025-01-02,0.0022141619373407689,0.99778583806265919,0,True,False,,,,FULL_EXIT_RETRY|OBSERVED_TREND_EXIT
2025-01-03,0.51088761901257174,0.48911238098742826,1,True,False,,,,FULL_EXIT_RETRY|OBSERVED_TREND_EXIT
2025-01-06,0.54951197705471744,0.45048802294528262,2,True,False,,,,FULL_EXIT_RETRY|OBSERVED_TREND_EXIT
2025-01-07,0.95865588608817309,0.041344113911827005,3,False,False,,,,RETAIN_PREDICTED_TRENDS
2025-01-08,0.95747014113087203,0.042529858869128037,3,False,False,,,,RETAIN_PREDICTED_TRENDS
2025-01-09,0.95733848962951629,0.042661510370483727,3,False,False,,,,RETAIN_PREDICTED_TRENDS
2025-01-10,0.95823533363146574,0.041764666368534285,3,False,False,,sh688300,,FUNDED_EXPECTED_RETURN_ENTRY|WAIT_FOR_OBSERVED_RISING_TREND
2025-01-13,0.95775900363805655,0.042240996361943339,3,False,False,,,,RETAIN_PREDICTED_TRENDS
2025-01-14,0.95484173986911769,0.045158260130882338,3,False,True,,sz300604,sh688300,FUNDED_EXPECTED_RETURN_ENTRY|WAIT_FOR_OBSERVED_RISING_TREND
2025-01-15,0.95479635674668861,0.045203643253311325,3,False,True,,,,FUNDED_EXPECTED_RETURN_ENTRY
2025-01-16,0.34941936822634001,0.65058063177365999,2,False,True,,,sh603986,FUNDED_EXPECTED_RETURN_ENTRY
2025-01-17,1.9459617297336082e-05,0.99998054038270257,1,False,True,,,,RETAIN_PREDICTED_TRENDS
2025-01-20,1.9315661666899982e-05,0.9999806843383332,1,False,True,,,,RETAIN_PREDICTED_TRENDS
2025-01-21,1.9400923823884732e-05,0.99998059907617609,1,False,True,,,,RETAIN_PREDICTED_TRENDS
2025-01-22,1.8648402340407425e-05,0.99998135159765966,1,False,True,,,,RETAIN_PREDICTED_TRENDS
2025-01-23,1.9233442018550004e-05,0.99998076655798152,1,False,True,,,,RETAIN_PREDICTED_TRENDS
2025-01-24,1.8593441796076109e-05,0.99998140655820378,1,False,True,,,,RETAIN_PREDICTED_TRENDS
2025-01-27,1.999427925475663e-05,0.9999800057207453,1,True,True,,,,FULL_EXIT_RETRY
2025-02-05,0.39893216719473917,0.60106783280526088,2,False,True,,,"sh603986,sh688041,sh688249,sh688347,sz300223",RETAIN_PREDICTED_TRENDS
2025-02-06,0.39249768423068615,0.60750231576931391,2,True,True,,,,FULL_EXIT_RETRY|OBSERVED_TREND_EXIT
2025-02-07,0.9513094670447747,0.048690532955225303,3,False,True,"sz002371,sz002409","sh688012,sh688268,sh688082","sh688008,sh688041,sh688249,sh688347,sz300054,sz300223,sz300604",FUNDED_EXPECTED_RETURN_ENTRY|WAIT_FOR_OBSERVED_RISING_TREND
2025-02-10,0.95009481188664924,0.049905188113350749,3,False,True,,"sh688268,sh688082,sh688012","sh603986,sh688008,sh688041,sh688347,sz002371,sz002409,sz300054,sz300223,sz300604",FUNDED_EXPECTED_RETURN_ENTRY|WAIT_FOR_OBSERVED_RISING_TREND
2025-02-11,0.95304361163864904,0.046956388361350888,3,False,True,,,"sh603986,sh688008,sh688041,sh688249,sh688347,sz002371,sz002409,sz300054,sz300223,sz300604",RETAIN_PREDICTED_TRENDS
2025-02-12,0.95239520714399806,0.047604792856002054,3,False,True,"sh688041,sh688072",sh688268,"sh688008,sh688037,sh688249,sh688347,sh688409,sz002371,sz002409,sz300054,sz300223,sz300604",FUNDED_EXPECTED_RETURN_ENTRY|WAIT_FOR_OBSERVED_RISING_TREND
2025-02-13,0.32478029599144498,0.67521970400855524,1,False,True,,,"sh688037,sh688072,sh688409,sz300223",RETAIN_PREDICTED_TRENDS
2025-02-14,0.32612235835255204,0.6738776416474479,1,False,True,,sh688037,"sh600206,sh688008,sh688409,sz002371,sz300223",FUNDED_EXPECTED_RETURN_ENTRY|WAIT_FOR_OBSERVED_RISING_TREND
2025-02-17,0.32215332588385381,0.67784667411614641,1,False,True,,,"sh688008,sh688072,sz002371,sz300054",RETAIN_PREDICTED_TRENDS
2025-02-18,0.32411305562327625,0.67588694437672392,1,False,True,,,"sh688008,sh688072,sh688347,sz002371,sz300054",RETAIN_PREDICTED_TRENDS
2025-02-19,0.31503027451163262,0.68496972548836732,1,False,True,,,"sh688008,sh688072,sz002371,sz300054",RETAIN_PREDICTED_TRENDS
2025-02-20,0.31392360086984045,0.6860763991301595,1,False,True,,sh688268,"sh603986,sh688008,sh688072,sh688120,sh688347,sz002371,sz002409,sz300604",FUNDED_EXPECTED_RETURN_ENTRY|WAIT_FOR_OBSERVED_RISING_TREND
2025-02-21,0.30676203886931158,0.69323796113068847,1,False,True,sz300223,sh688268,"sh600206,sh688008,sh688037,sh688041,sh688072,sh688120,sh688249,sh688347,sh688409,sz002371,sz002409,sz300604",FUNDED_EXPECTED_RETURN_ENTRY|WAIT_FOR_OBSERVED_RISING_TREND
2025-02-24,0.30170416693047036,0.69829583306952947,1,False,True,sz300223,sz300776,"sh600206,sh688008,sh688037,sh688041,sh688072,sh688120,sh688249,sh688347,sh688409,sz002371,sz002409,sz300054,sz300604",FUNDED_EXPECTED_RETURN_ENTRY|WAIT_FOR_OBSERVED_RISING_TREND
2025-02-25,0.30385014754429174,0.69614985245570837,1,False,True,,,"sh603986,sh688008,sh688037,sh688041,sh688120,sh688249,sh688409,sz002371,sz002409,sz300054,sz300223,sz300604",FUNDED_EXPECTED_RETURN_ENTRY
2025-02-26,2.528084223815144e-05,0.9999747191577617,0,False,True,,,,RETAIN_PREDICTED_TRENDS
2025-02-27,2.5971567932220125e-05,0.99997402843206773,0,False,True,,,,RETAIN_PREDICTED_TRENDS
2025-02-28,2.7529946242402518e-05,0.99997247005375756,0,True,True,,,,FULL_EXIT_RETRY
2025-03-03,0.28465033663325273,0.71534966336674721,1,False,True,,,"sh600206,sh688268,sz300776",RETAIN_PREDICTED_TRENDS
2025-03-04,0.28290301088109182,0.71709698911890818,1,False,True,,,"sh688268,sz300223,sz300776",RETAIN_PREDICTED_TRENDS
2025-03-05,0.28225874865460321,0.71774125134539668,1,False,True,,,sh688268,FUNDED_EXPECTED_RETURN_ENTRY
2025-03-06,0.00018895725517483535,0.99981104274482513,0,False,True,,,,RETAIN_PREDICTED_TRENDS
2025-03-07,0.00019233861010140967,0.99980766138989852,0,False,True,,,,RETAIN_PREDICTED_TRENDS
2025-03-10,0.00019453986459807291,0.99980546013540184,0,False,True,,,,RETAIN_PREDICTED_TRENDS
2025-03-11,0.00019662884245506232,0.99980337115754503,0,False,True,,,,RETAIN_PREDICTED_TRENDS
2025-03-12,0.0001996414515001856,0.9998003585484998,0,False,True,,,,RETAIN_PREDICTED_TRENDS
2025-03-13,0.00020539768790345323,0.99979460231209649,0,False,True,,,,RETAIN_PREDICTED_TRENDS
2025-03-14,0.00020181580234232096,0.99979818419765776,0,False,True,,,,RETAIN_PREDICTED_TRENDS
2025-03-17,0.00020309890728913174,0.9997969010927108,0,False,True,,,,RETAIN_PREDICTED_TRENDS
2025-03-18,0.00020092124628132225,0.99979907875371865,0,False,True,,,,RETAIN_PREDICTED_TRENDS
2025-03-19,0.00020620027557602283,0.99979379972442395,0,False,True,,,,RETAIN_PREDICTED_TRENDS
2025-03-20,0.00020950921142476558,0.99979049078857529,0,True,False,,,,FULL_EXIT_RETRY|OBSERVED_TREND_EXIT
2025-03-21,0.39337514439443427,0.60662485560556578,2,True,False,,,,FULL_EXIT_RETRY|OBSERVED_TREND_EXIT
2025-03-24,0.73724862239227307,0.26275137760772693,3,True,False,,,,FULL_EXIT_RETRY|OBSERVED_TREND_EXIT
2025-03-25,1,0,4,False,False,,sh688120,,FUNDED_EXPECTED_RETURN_ENTRY|WAIT_FOR_OBSERVED_RISING_TREND
2025-03-26,1,0,4,False,False,,,,RETAIN_PREDICTED_TRENDS
2025-03-27,1,0,4,False,False,,"sz002409,sh688268",,FUNDED_EXPECTED_RETURN_ENTRY|WAIT_FOR_OBSERVED_RISING_TREND
2025-03-28,1,0,4,False,False,,sh688268,,FUNDED_EXPECTED_RETURN_ENTRY|WAIT_FOR_OBSERVED_RISING_TREND
2025-03-31,1,0,4,False,False,,sz002409,,FUNDED_EXPECTED_RETURN_ENTRY|WAIT_FOR_OBSERVED_RISING_TREND
2025-04-01,1,0,4,False,False,,,,RETAIN_PREDICTED_TRENDS
2025-04-02,1,0,4,False,False,,"sz002409,sh688268",,FUNDED_EXPECTED_RETURN_ENTRY|WAIT_FOR_OBSERVED_RISING_TREND
2025-04-03,1,0,4,False,False,,"sz300666,sz002371",,FUNDED_EXPECTED_RETURN_ENTRY|WAIT_FOR_OBSERVED_RISING_TREND
2025-04-07,1,0,4,False,False,,sz002371,,FUNDED_EXPECTED_RETURN_ENTRY|WAIT_FOR_OBSERVED_RISING_TREND
2025-04-08,1,0,4,False,False,,,,RETAIN_PREDICTED_TRENDS
2025-04-09,1,0,4,False,False,,sh688268,,FUNDED_EXPECTED_RETURN_ENTRY|WAIT_FOR_OBSERVED_RISING_TREND
2025-04-10,1,0,4,False,False,,"sh688120,sh688268",,FUNDED_EXPECTED_RETURN_ENTRY|WAIT_FOR_OBSERVED_RISING_TREND
2025-04-11,1,0,4,False,False,,"sh688008,sh688041,sz300054,sh688347",,FUNDED_EXPECTED_RETURN_ENTRY|WAIT_FOR_OBSERVED_RISING_TREND
2025-04-14,1,0,4,False,False,,"sh688008,sh688012",,FUNDED_EXPECTED_RETURN_ENTRY|WAIT_FOR_OBSERVED_RISING_TREND
2025-04-15,1,0,4,False,False,,"sz300666,sh688008",,FUNDED_EXPECTED_RETURN_ENTRY|WAIT_FOR_OBSERVED_RISING_TREND
2025-04-16,1,0,4,False,False,,"sh688012,sh688347",,FUNDED_EXPECTED_RETURN_ENTRY|WAIT_FOR_OBSERVED_RISING_TREND
2025-04-17,1,0,4,False,False,,"sh688347,sh688012",,FUNDED_EXPECTED_RETURN_ENTRY|WAIT_FOR_OBSERVED_RISING_TREND
2025-04-18,1,0,4,False,False,,,,RETAIN_PREDICTED_TRENDS
2025-04-21,1,0,4,False,False,,,,RETAIN_PREDICTED_TRENDS
2025-04-22,1,0,4,False,False,,sh688347,,FUNDED_EXPECTED_RETURN_ENTRY|WAIT_FOR_OBSERVED_RISING_TREND
2025-04-23,1,0,4,False,False,,"sh688498,sh688300,sz002281,sz300666",,FUNDED_EXPECTED_RETURN_ENTRY|WAIT_FOR_OBSERVED_RISING_TREND
2025-04-24,1,0,4,False,False,,"sh688347,sz300666",,FUNDED_EXPECTED_RETURN_ENTRY|WAIT_FOR_OBSERVED_RISING_TREND
2025-04-25,1,0,4,False,False,,"sh688498,sh688037,sh688072",,FUNDED_EXPECTED_RETURN_ENTRY|WAIT_FOR_OBSERVED_RISING_TREND
2025-04-28,1,0,4,False,False,,"sh688498,sh688300",,FUNDED_EXPECTED_RETURN_ENTRY|WAIT_FOR_OBSERVED_RISING_TREND
2025-04-29,1,0,4,False,False,,"sh688498,sz300604",,FUNDED_EXPECTED_RETURN_ENTRY|WAIT_FOR_OBSERVED_RISING_TREND
2025-04-30,1,0,4,False,False,,"sh688205,sh601869,sz002409",,FUNDED_EXPECTED_RETURN_ENTRY|WAIT_FOR_OBSERVED_RISING_TREND
2025-05-06,1,0,4,False,False,,"sh688205,sh688498,sz002281,sz300666",,FUNDED_EXPECTED_RETURN_ENTRY|WAIT_FOR_OBSERVED_RISING_TREND
2025-05-07,1,0,4,False,True,,"sh688205,sh688498","sh601869,sh603986,sh688008,sh688019,sh688037,sh688041,sh688268,sh688347,sz300054,sz300666",FUNDED_EXPECTED_RETURN_ENTRY|WAIT_FOR_OBSERVED_RISING_TREND
2025-05-08,1,0,4,False,True,,sh688205,"sh601869,sh603986,sh688008,sh688019,sh688268,sh688347,sz300666",FUNDED_EXPECTED_RETURN_ENTRY|WAIT_FOR_OBSERVED_RISING_TREND
2025-05-09,1,0,4,False,True,,,"sh601869,sh688008,sh688019,sh688498,sz300666",FUNDED_EXPECTED_RETURN_ENTRY
2025-05-12,0.39250491427397399,0.60749508572602595,3,False,True,,,"sh601869,sh688008,sh688082,sh688268,sh688498,sz300666",RETAIN_PREDICTED_TRENDS
2025-05-13,0.39370349227426221,0.60629650772573773,3,False,True,,sz300776,"sh601869,sh688498",FUNDED_EXPECTED_RETURN_ENTRY|WAIT_FOR_OBSERVED_RISING_TREND
2025-05-14,0.39258019983527331,0.60741980016472674,3,False,True,,,"sh601869,sh688008,sh688498",RETAIN_PREDICTED_TRENDS
2025-05-15,0.40937903257176417,0.59062096742823589,3,False,False,,,,RETAIN_PREDICTED_TRENDS
2025-05-16,0.40367167999835069,0.59632832000164926,3,False,False,,,,RETAIN_PREDICTED_TRENDS
2025-05-19,0.40870971831597508,0.59129028168402498,3,False,False,,sh688409,,FUNDED_EXPECTED_RETURN_ENTRY|WAIT_FOR_OBSERVED_RISING_TREND
2025-05-20,0.41036398278812758,0.58963601721187231,3,False,False,,sh688409,,FUNDED_EXPECTED_RETURN_ENTRY|WAIT_FOR_OBSERVED_RISING_TREND
2025-05-21,0.40378615898220654,0.59621384101779351,3,False,False,,,,RETAIN_PREDICTED_TRENDS
2025-05-22,0.3870448088511711,0.61295519114882902,3,False,False,,sz300604,,FUNDED_EXPECTED_RETURN_ENTRY|WAIT_FOR_OBSERVED_RISING_TREND
2025-05-23,0.39185677287496962,0.60814322712503044,3,False,False,,sz300604,,FUNDED_EXPECTED_RETURN_ENTRY|WAIT_FOR_OBSERVED_RISING_TREND
2025-05-26,0.37693641719151344,0.62306358280848662,3,False,False,,"sh688409,sh688347,sz300604",,FUNDED_EXPECTED_RETURN_ENTRY|WAIT_FOR_OBSERVED_RISING_TREND
2025-05-27,0.3822871041189424,0.61771289588105771,3,False,False,,,,RETAIN_PREDICTED_TRENDS
2025-05-28,0.36507387019762766,0.6349261298023724,3,False,False,,sh688409,,FUNDED_EXPECTED_RETURN_ENTRY|WAIT_FOR_OBSERVED_RISING_TREND
2025-05-29,0.35732208613494471,0.64267791386505524,3,False,False,,"sh688347,sh688249,sh688409",,FUNDED_EXPECTED_RETURN_ENTRY|WAIT_FOR_OBSERVED_RISING_TREND
2025-05-30,0.37062696712506155,0.6293730328749384,3,False,False,,sh688409,,FUNDED_EXPECTED_RETURN_ENTRY|WAIT_FOR_OBSERVED_RISING_TREND
2025-06-03,0.38039982079980739,0.61960017920019261,3,False,False,,"sh688409,sh688082",,FUNDED_EXPECTED_RETURN_ENTRY|WAIT_FOR_OBSERVED_RISING_TREND
2025-06-04,0.35492103445065448,0.64507896554934552,3,False,False,,sh688300,,FUNDED_EXPECTED_RETURN_ENTRY|WAIT_FOR_OBSERVED_RISING_TREND
2025-06-05,0.33747449512787037,0.66252550487212958,3,False,False,,"sz002281,sh688498,sh688300",,FUNDED_EXPECTED_RETURN_ENTRY|WAIT_FOR_OBSERVED_RISING_TREND
2025-06-06,0.34939242014622379,0.65060757985377615,3,False,False,,"sz300223,sh688409,sh688300",,FUNDED_EXPECTED_RETURN_ENTRY|WAIT_FOR_OBSERVED_RISING_TREND
2025-06-09,0.34779681380604965,0.65220318619395024,3,False,True,,sh688535,"sh601869,sh688008,sh688019,sh688037,sh688082,sh688347,sh688409,sh688498,sz300666",FUNDED_EXPECTED_RETURN_ENTRY|WAIT_FOR_OBSERVED_RISING_TREND
2025-06-10,0.33792721096995365,0.6620727890300464,3,False,False,,"sh688535,sz002281,sh688041",,FUNDED_EXPECTED_RETURN_ENTRY|WAIT_FOR_OBSERVED_RISING_TREND
2025-06-11,0.34230726211442586,0.65769273788557425,3,False,False,,"sh688535,sh600206,sh688300",,FUNDED_EXPECTED_RETURN_ENTRY|WAIT_FOR_OBSERVED_RISING_TREND
2025-06-12,0.33433913248486657,0.66566086751513354,3,False,False,,"sh688535,sz002281",,FUNDED_EXPECTED_RETURN_ENTRY|WAIT_FOR_OBSERVED_RISING_TREND
2025-06-13,0.33598565397121094,0.66401434602878906,3,False,False,,"sh688361,sh688535,sh600206",,FUNDED_EXPECTED_RETURN_ENTRY|WAIT_FOR_OBSERVED_RISING_TREND
2025-06-16,0.32248637753702614,0.67751362246297397,3,False,False,,"sz002281,sh688300,sh688498",,FUNDED_EXPECTED_RETURN_ENTRY|WAIT_FOR_OBSERVED_RISING_TREND
2025-06-17,0.31800817313046864,0.6819918268695313,3,False,False,,"sz300223,sz002281",,FUNDED_EXPECTED_RETURN_ENTRY|WAIT_FOR_OBSERVED_RISING_TREND
2025-06-18,0.30356367733525569,0.69643632266474431,3,False,False,,"sh688300,sz002281,sz300223",,FUNDED_EXPECTED_RETURN_ENTRY|WAIT_FOR_OBSERVED_RISING_TREND
2025-06-19,0.30577455119548808,0.69422544880451187,3,False,True,,sh688120,"sh601869,sh603986,sh688008,sh688037,sh688082,sh688300,sh688498",FUNDED_EXPECTED_RETURN_ENTRY|WAIT_FOR_OBSERVED_RISING_TREND
2025-06-20,0.1639418139709892,0.83605818602901083,2,True,True,,,,FULL_EXIT_RETRY
2025-06-23,0.82929071937589283,0.17070928062410723,3,False,True,,"sh688072,sh688012","sh600206,sh601869,sh688019,sh688037,sh688082,sh688300,sh688347,sh688498",FUNDED_EXPECTED_RETURN_ENTRY|WAIT_FOR_OBSERVED_RISING_TREND
2025-06-24,0.55268783934278953,0.44731216065721058,2,False,True,,,"sh600206,sh601869,sh603986,sh688019,sh688037,sh688082,sh688300,sh688347,sh688361,sh688409,sh688498",FUNDED_EXPECTED_RETURN_ENTRY
2025-06-25,0.00060275074274921878,0.99939724925725093,1,False,True,,,,RETAIN_PREDICTED_TRENDS
2025-06-26,0.00059935131878758468,0.99940064868121259,1,False,True,,,,RETAIN_PREDICTED_TRENDS
2025-06-27,0.00059367040678654415,0.99940632959321363,1,False,True,,,,RETAIN_PREDICTED_TRENDS
2025-06-30,0.00058493460796089393,0.99941506539203928,1,False,True,,,,RETAIN_PREDICTED_TRENDS
2025-07-01,0.00059103471462126152,0.99940896528537881,1,False,True,,,,RETAIN_PREDICTED_TRENDS
2025-07-02,0.00061107785029834109,0.99938892214970165,1,False,True,,,,RETAIN_PREDICTED_TRENDS
2025-07-03,0.00060661598440791252,0.99939338401559186,1,False,True,,,,RETAIN_PREDICTED_TRENDS
2025-07-04,0.00060565548288257266,0.99939434451711739,1,False,True,,,,RETAIN_PREDICTED_TRENDS
2025-07-07,0.00061295755606911872,0.99938704244393062,1,False,True,,,,RETAIN_PREDICTED_TRENDS
2025-07-08,0.00060564100680760816,0.9993943589931924,1,False,True,,,,RETAIN_PREDICTED_TRENDS
2025-07-09,0.00060773824613039799,0.99939226175386953,1,False,True,,,,RETAIN_PREDICTED_TRENDS
2025-07-10,0.00061548049606768981,0.99938451950393214,1,False,True,,,,RETAIN_PREDICTED_TRENDS
2025-07-11,0.00061331769304862407,0.99938668230695138,1,False,True,,,,RETAIN_PREDICTED_TRENDS
2025-07-14,0.00061169051942581401,0.999388309480574,1,False,True,,,,RETAIN_PREDICTED_TRENDS
2025-07-15,0.00059793615404962297,0.99940206384595043,1,False,True,,,,RETAIN_PREDICTED_TRENDS
2025-07-16,0.00060850702792372994,0.99939149297207619,1,False,True,,,,RETAIN_PREDICTED_TRENDS
2025-07-17,0.000596968515644625,0.99940303148435528,1,False,True,,,,RETAIN_PREDICTED_TRENDS
2025-07-18,0.00059963634585317744,0.99940036365414675,1,False,True,,,,RETAIN_PREDICTED_TRENDS
2025-07-21,0.00060594871187614747,0.99939405128812386,1,False,True,,,,RETAIN_PREDICTED_TRENDS
2025-07-22,0.00060198739191743374,0.99939801260808259,1,False,True,,,,RETAIN_PREDICTED_TRENDS
2025-07-23,0.00060244233661207926,0.99939755766338778,1,False,True,,,,RETAIN_PREDICTED_TRENDS
2025-07-24,0.0005986588457462885,0.99940134115425372,1,False,True,,,,RETAIN_PREDICTED_TRENDS
2025-07-25,0.00059433787009944986,0.99940566212990045,1,False,True,,,,RETAIN_PREDICTED_TRENDS
2025-07-28,0.00056747776603493746,0.99943252223396495,1,False,True,,,,RETAIN_PREDICTED_TRENDS
2025-07-29,0.00056700482005435154,0.99943299517994566,1,False,True,,,,RETAIN_PREDICTED_TRENDS
2025-07-30,0.00057502348038150435,0.99942497651961859,1,False,True,,,,RETAIN_PREDICTED_TRENDS
2025-07-31,0.00057848261676986549,0.99942151738323015,1,False,True,,,,RETAIN_PREDICTED_TRENDS
2025-08-01,0.00059396833851682845,0.99940603166148312,1,False,True,,,,RETAIN_PREDICTED_TRENDS
2025-08-04,0.00059451555400246521,0.99940548444599742,1,True,True,,,,FULL_EXIT_RETRY|OBSERVED_TREND_EXIT
2025-08-05,0.26411815640667152,0.73588184359332842,2,False,True,,,"sh688347,sh688409,sz300776",RETAIN_PREDICTED_TRENDS
2025-08-06,0.26267280638594204,0.73732719361405796,2,False,True,,,"sh600206,sh688008,sh688256,sh688268,sh688347,sh688409,sz300604,sz300776",FUNDED_EXPECTED_RETURN_ENTRY
2025-08-07,0.0059223862950377381,0.99407761370496239,1,False,True,,,,RETAIN_PREDICTED_TRENDS
2025-08-08,0.0058859102232650951,0.99411408977673499,1,False,True,,,,RETAIN_PREDICTED_TRENDS
2025-08-11,0.005864427766011945,0.99413557223398807,1,False,True,,,,RETAIN_PREDICTED_TRENDS
2025-08-12,0.0056926994856245734,0.99430730051437544,1,False,True,,,,RETAIN_PREDICTED_TRENDS
2025-08-13,0.0056199016557951231,0.99438009834420504,1,False,True,,,,RETAIN_PREDICTED_TRENDS
2025-08-14,0.0058413437270399254,0.99415865627296007,1,False,True,,,,RETAIN_PREDICTED_TRENDS
2025-08-15,0.0057708271298966647,0.99422917287010337,1,False,True,,,,RETAIN_PREDICTED_TRENDS
2025-08-18,0.0055261494294402335,0.9944738505705597,1,False,True,,,,RETAIN_PREDICTED_TRENDS
2025-08-19,0.005390420054754712,0.99460957994524524,1,False,True,,,,RETAIN_PREDICTED_TRENDS
2025-08-20,0.0050017743687424555,0.9949982256312575,1,False,True,,,,RETAIN_PREDICTED_TRENDS
2025-08-21,0.0052764027760220768,0.99472359722397796,1,True,True,,,,FULL_EXIT_RETRY
2025-08-22,0.24083938712327652,0.75916061287672343,2,False,True,,,"sh688037,sh688082",FUNDED_EXPECTED_RETURN_ENTRY
2025-08-25,9.5851787033643153e-06,0.9999904148212968,0,True,True,,,,EXPECTED_RETURN_LEADER_REPLACEMENT
2025-08-26,0.59134084458989644,0.40865915541010361,1,False,True,,,"sh600206,sh688019,sh688120,sh688300,sz002371",FUNDED_EXPECTED_RETURN_ENTRY
2025-08-27,0.0024656801122080151,0.99753431988779195,0,False,True,,,,RETAIN_PREDICTED_TRENDS
2025-08-28,0.0023483803396559251,0.9976516196603441,0,False,True,,,,RETAIN_PREDICTED_TRENDS
2025-08-29,0.0023812936904476826,0.99761870630955229,0,False,True,,,,RETAIN_PREDICTED_TRENDS
2025-09-01,0.0023428858317981701,0.9976571141682018,0,False,True,,,,RETAIN_PREDICTED_TRENDS
2025-09-02,0.002459586551040796,0.99754041344895916,0,False,True,,,,RETAIN_PREDICTED_TRENDS
2025-09-03,0.0024644359650781325,0.99753556403492183,0,False,True,,,,RETAIN_PREDICTED_TRENDS
2025-09-04,0.0026585408394691305,0.99734145916053096,0,True,True,,,,FULL_EXIT_RETRY
2025-09-05,0.13431074527035919,0.86568925472964076,1,False,True,,,,FUNDED_EXPECTED_RETURN_ENTRY
2025-09-08,0.0029473468888045035,0.9970526531111954,0,False,True,,,,RETAIN_PREDICTED_TRENDS
2025-09-09,0.0030558518362882527,0.99694414816371157,0,False,True,,,,RETAIN_PREDICTED_TRENDS
2025-09-10,0.0030407376885233399,0.9969592623114768,0,False,True,,,,RETAIN_PREDICTED_TRENDS
2025-09-11,0.0029184433834121273,0.99708155661658793,0,False,True,,,,RETAIN_PREDICTED_TRENDS
2025-09-12,0.0029152420854397236,0.99708475791456008,0,False,True,,,,RETAIN_PREDICTED_TRENDS
2025-09-15,0.0029059211278112617,0.9970940788721887,0,False,True,,,,RETAIN_PREDICTED_TRENDS
2025-09-16,0.0029001803224205105,0.99709981967757932,0,False,True,,,,RETAIN_PREDICTED_TRENDS
2025-09-17,0.0028239537102118543,0.99717604628978795,0,False,True,,,,RETAIN_PREDICTED_TRENDS
2025-09-18,0.0027592856174527675,0.99724071438254713,0,False,True,,,,RETAIN_PREDICTED_TRENDS
2025-09-19,0.0027856695567536802,0.99721433044324637,0,False,True,,,,RETAIN_PREDICTED_TRENDS
2025-09-22,0.0027441995863506769,0.99725580041364925,0,True,True,,,,EXPECTED_RETURN_LEADER_REPLACEMENT
2025-09-23,0.10989547874611905,0.89010452125388106,1,False,True,,,sh688019,FUNDED_EXPECTED_RETURN_ENTRY
2025-09-24,0.00010092639810528454,0.99989907360189489,0,False,True,,,,RETAIN_PREDICTED_TRENDS
2025-09-25,0.00010384270985885082,0.99989615729014103,0,False,True,,,,RETAIN_PREDICTED_TRENDS
2025-09-26,0.00010623071456733752,0.99989376928543283,0,False,True,,,,RETAIN_PREDICTED_TRENDS
2025-09-29,0.00010396077104950472,0.99989603922895054,0,False,True,,,,RETAIN_PREDICTED_TRENDS
2025-09-30,9.9292659230967962e-05,0.99990070734076886,0,False,True,,,,RETAIN_PREDICTED_TRENDS
2025-10-09,9.6929905168742389e-05,0.99990307009483126,0,False,True,,,,RETAIN_PREDICTED_TRENDS
2025-10-10,9.8324933008361734e-05,0.99990167506699179,0,True,True,,,,FULL_EXIT_RETRY
2025-10-13,0.090355928949904157,0.90964407105009604,1,False,True,,,"sh600206,sh688082",FUNDED_EXPECTED_RETURN_ENTRY
2025-10-14,0.001511619282376316,0.99848838071762358,0,True,True,,,,FULL_EXIT_RETRY
2025-10-15,0.85619108828749024,0.14380891171250976,3,False,True,,,,FUNDED_EXPECTED_RETURN_ENTRY
2025-10-16,0.013244356442235556,0.98675564355776468,0,False,True,,,,RETAIN_PREDICTED_TRENDS
2025-10-17,0.013881468446357308,0.98611853155364282,0,False,True,,,,RETAIN_PREDICTED_TRENDS
2025-10-20,0.013669002538375804,0.98633099746162411,0,False,True,,,,RETAIN_PREDICTED_TRENDS
2025-10-21,0.013402261370041441,0.98659773862995859,0,False,True,,,,RETAIN_PREDICTED_TRENDS
2025-10-22,0.013744996299861909,0.98625500370013819,0,False,True,,,,RETAIN_PREDICTED_TRENDS
2025-10-23,0.01395107822220042,0.98604892177779968,0,True,True,,,,FULL_EXIT_RETRY
2025-10-24,0.15922034443127778,0.84077965556872225,1,False,True,,,"sh688019,sh688072,sh688361,sz002281",FUNDED_EXPECTED_RETURN_ENTRY
2025-10-27,0.00035682750368295276,0.99964317249631696,0,False,True,,,,RETAIN_PREDICTED_TRENDS
2025-10-28,0.00036313236857130293,0.99963686763142889,0,True,True,,,,EXPECTED_RETURN_LEADER_REPLACEMENT
2025-10-29,0.27967985796297667,0.72032014203702333,1,False,True,,,"sh688256,sh688300,sz002281",FUNDED_EXPECTED_RETURN_ENTRY
2025-10-30,0.0062414011631726713,0.99375859883682727,0,False,True,,,,RETAIN_PREDICTED_TRENDS
2025-10-31,0.0065051868260651959,0.99349481317393473,0,False,True,,,,RETAIN_PREDICTED_TRENDS
2025-11-03,0.0065029186895443104,0.99349708131045567,0,False,True,,,,RETAIN_PREDICTED_TRENDS
2025-11-04,0.0065684678905328217,0.99343153210946722,0,False,True,,,,RETAIN_PREDICTED_TRENDS
2025-11-05,0.0067163342792551329,0.99328366572074489,0,True,True,,,,FULL_EXIT_RETRY|OBSERVED_TREND_EXIT
2025-11-06,0.27702298779091561,0.72297701220908439,1,False,True,,,,FUNDED_EXPECTED_RETURN_ENTRY
2025-11-07,0.002377304080545704,0.99762269591945429,0,False,True,,,,RETAIN_PREDICTED_TRENDS
2025-11-10,0.0023353111368849318,0.99766468886311499,0,False,True,,,,RETAIN_PREDICTED_TRENDS
2025-11-11,0.0023827627397941566,0.99761723726020601,0,False,True,,,,RETAIN_PREDICTED_TRENDS
2025-11-12,0.002385373266667456,0.99761462673333257,0,False,True,,,,RETAIN_PREDICTED_TRENDS
2025-11-13,0.0023469121763449582,0.99765308782365492,0,False,True,,,,RETAIN_PREDICTED_TRENDS
2025-11-14,0.0024320372786596602,0.99756796272134041,0,False,True,,,,RETAIN_PREDICTED_TRENDS
2025-11-17,0.0024527838041560322,0.99754721619584386,0,True,True,,,,FULL_EXIT_RETRY|OBSERVED_TREND_EXIT
2025-11-18,0.15165479250039776,0.84834520749960229,1,False,True,,,sz002371,RETAIN_PREDICTED_TRENDS
2025-11-19,0.15526736997257606,0.84473263002742405,1,False,True,,,"sh688037,sz002371",FUNDED_EXPECTED_RETURN_ENTRY
2025-11-20,0.00062533030855270531,0.99937466969144717,0,False,True,,,,RETAIN_PREDICTED_TRENDS
2025-11-21,0.00066742293489421194,0.9993325770651057,0,True,False,,,,FULL_EXIT_RETRY
2025-11-24,0.28366499189740912,0.71633500810259099,1,True,False,,,,FULL_EXIT_RETRY
2025-11-25,0.5601806416779912,0.4398193583220088,2,False,True,,,,RETAIN_PREDICTED_TRENDS
2025-11-26,0.55814295751713061,0.44185704248286944,2,True,True,,,,FULL_EXIT_RETRY|OBSERVED_TREND_EXIT
2025-11-27,0.71813973179624957,0.28186026820375049,3,False,True,,,sz002371,RETAIN_PREDICTED_TRENDS
2025-11-28,0.70896475178570373,0.29103524821429627,3,False,True,,,"sh688019,sh688361,sz002371",RETAIN_PREDICTED_TRENDS
2025-12-01,0.7169119891166772,0.28308801088332286,3,False,True,,,"sh688019,sz002281,sz002371",RETAIN_PREDICTED_TRENDS
2025-12-02,0.71671009333323787,0.28328990666676213,3,False,True,,,"sh688019,sz002281,sz002371,sz300604",FUNDED_EXPECTED_RETURN_ENTRY
2025-12-03,0.11835173525774358,0.88164826474225655,2,True,True,,,,FULL_EXIT_RETRY
2025-12-04,0.39748133345454401,0.60251866654545605,3,False,True,,,"sh688019,sh688037,sh688120,sh688249,sh688535,sz002371",FUNDED_EXPECTED_RETURN_ENTRY
2025-12-05,0.0038656565927961241,0.99613434340720386,1,False,True,,,,RETAIN_PREDICTED_TRENDS
2025-12-08,0.0037394183030626154,0.99626058169693743,1,False,True,,,,RETAIN_PREDICTED_TRENDS
2025-12-09,0.0037008872017348011,0.99629911279826533,1,False,True,,,,RETAIN_PREDICTED_TRENDS
2025-12-10,0.0036599113588616635,0.99634008864113843,1,False,True,,,,RETAIN_PREDICTED_TRENDS
2025-12-11,0.003721347645039392,0.9962786523549606,1,True,True,,,,FULL_EXIT_RETRY
2025-12-12,0.21731554976907391,0.78268445023092614,2,False,True,"sz300666,sh688409",sh688268,"sh688012,sh688019,sh688082,sh688120,sh688300,sh688535,sz002281,sz002409",FUNDED_EXPECTED_RETURN_ENTRY|WAIT_FOR_OBSERVED_RISING_TREND
2025-12-15,0.1272169925872047,0.87278300741279524,1,False,True,sh688409,sh688268,"sh688019,sh688082,sh688120,sh688249,sh688535,sz002409,sz300666",FUNDED_EXPECTED_RETURN_ENTRY|WAIT_FOR_OBSERVED_RISING_TREND
2025-12-16,0.13083792819645965,0.86916207180354044,1,False,True,,,"sh688082,sh688120,sh688249,sh688409,sh688535,sz300604,sz300666",FUNDED_EXPECTED_RETURN_ENTRY
2025-12-17,2.1695143658460139e-05,0.99997830485634154,0,False,True,,,,RETAIN_PREDICTED_TRENDS
2025-12-18,2.2257240522491129e-05,0.99997774275947759,0,False,True,,,,RETAIN_PREDICTED_TRENDS
2025-12-19,2.2474286330694264e-05,0.99997752571366916,0,False,True,,,,RETAIN_PREDICTED_TRENDS
2025-12-22,2.1188282095233655e-05,0.9999788117179047,0,False,True,,,,RETAIN_PREDICTED_TRENDS
2025-12-23,2.0724246263161973e-05,0.99997927575373691,0,True,True,,,,EXPECTED_RETURN_LEADER_REPLACEMENT
2025-12-24,0.13826117670259694,0.86173882329740292,1,False,True,,,"sh688019,sh688082,sz002281",FUNDED_EXPECTED_RETURN_ENTRY
2025-12-25,0.0015011488621733422,0.99849885113782677,0,False,True,,,,RETAIN_PREDICTED_TRENDS
2025-12-26,0.001527976545476469,0.99847202345452379,0,False,True,,,,RETAIN_PREDICTED_TRENDS
2025-12-29,0.0015455761905542513,0.99845442380944571,0,False,True,,,,RETAIN_PREDICTED_TRENDS
2025-12-30,0.0015380992067909177,0.99846190079320918,0,False,True,,,,RETAIN_PREDICTED_TRENDS
2025-12-31,0.0015663906148121053,0.99843360938518799,0,False,True,,,,RETAIN_PREDICTED_TRENDS
2026-01-05,0.0014933920569876323,0.99850660794301249,0,False,True,,,,RETAIN_PREDICTED_TRENDS
2026-01-06,0.0014362567002018619,0.99856374329979813,0,False,True,,,,RETAIN_PREDICTED_TRENDS
2026-01-07,0.0013419258896051234,0.99865807411039487,0,False,True,,,,RETAIN_PREDICTED_TRENDS
2026-01-08,0.0013357032469336163,0.99866429675306634,0,False,True,,,,RETAIN_PREDICTED_TRENDS
2026-01-09,0.0013604955105034073,0.99863950448949668,0,False,True,,,,RETAIN_PREDICTED_TRENDS
2026-01-12,0.0013606912783273642,0.99863930872167272,0,False,True,,,,RETAIN_PREDICTED_TRENDS
2026-01-13,0.0014076433702579123,0.99859235662974211,0,False,True,,,,RETAIN_PREDICTED_TRENDS
2026-01-14,0.0013960515174590914,0.99860394848254086,0,False,True,,,,RETAIN_PREDICTED_TRENDS
2026-01-15,0.001333224798344516,0.99866677520165559,0,False,True,,,,RETAIN_PREDICTED_TRENDS
2026-01-16,0.0012789441604307129,0.99872105583956938,0,False,True,,,,RETAIN_PREDICTED_TRENDS
2026-01-19,0.0012839079689189745,0.99871609203108114,0,False,True,,,,RETAIN_PREDICTED_TRENDS
2026-01-20,0.0012807800670957684,0.99871921993290447,0,False,True,,,,RETAIN_PREDICTED_TRENDS
2026-01-21,0.0012804679388456043,0.99871953206115438,0,False,True,,,,RETAIN_PREDICTED_TRENDS
2026-01-22,0.0012825388841686157,0.99871746111583137,0,True,True,,,,EXPECTED_RETURN_LEADER_REPLACEMENT
2026-01-23,0.13244157818332664,0.86755842181667342,1,False,True,,,,FUNDED_EXPECTED_RETURN_ENTRY
2026-01-26,3.825205664552969e-06,0.99999617479433567,0,False,True,,,,RETAIN_PREDICTED_TRENDS
2026-01-27,3.6702399779021393e-06,0.99999632976002206,0,False,True,,,,RETAIN_PREDICTED_TRENDS
2026-01-28,3.6256897670224312e-06,0.99999637431023303,0,False,True,,,,RETAIN_PREDICTED_TRENDS
2026-01-29,3.8765235159329432e-06,0.99999612347648403,0,True,True,,,,FULL_EXIT_RETRY
2026-01-30,0.12704833694539286,0.87295166305460714,1,False,True,,,,FUNDED_EXPECTED_RETURN_ENTRY
2026-02-02,0.0020752322998872975,0.99792476770011262,0,True,True,,,,FULL_EXIT_RETRY
2026-02-03,0.21400865475930522,0.78599134524069481,1,False,True,,,,FUNDED_EXPECTED_RETURN_ENTRY
2026-02-04,0.0036307441493113662,0.99636925585068858,0,False,True,,,,RETAIN_PREDICTED_TRENDS
2026-02-05,0.0037399532246637887,0.99626004677533608,0,True,True,,,,FULL_EXIT_RETRY
2026-02-06,0.19518508291528355,0.80481491708471642,1,False,True,,,"sh688012,sh688361,sz300666",RETAIN_PREDICTED_TRENDS
2026-02-09,0.18745575197683562,0.81254424802316461,1,False,True,,,"sh688012,sh688037,sh688361,sz002409",FUNDED_EXPECTED_RETURN_ENTRY
2026-02-10,7.2980232958158399e-06,0.99999270197670409,0,False,True,,,,RETAIN_PREDICTED_TRENDS
2026-02-11,7.4106241355767047e-06,0.99999258937586455,0,False,True,,,,RETAIN_PREDICTED_TRENDS
2026-02-12,7.22872970612289e-06,0.99999277127029385,0,False,True,,,,RETAIN_PREDICTED_TRENDS
2026-02-13,7.2853258986671647e-06,0.99999271467410122,0,False,True,,,,RETAIN_PREDICTED_TRENDS
2026-02-24,7.2955785089068009e-06,0.99999270442149113,0,False,True,,,,RETAIN_PREDICTED_TRENDS
2026-02-25,7.1525151586986267e-06,0.99999284748484119,0,False,True,,,,RETAIN_PREDICTED_TRENDS
2026-02-26,7.2020464710536701e-06,0.9999927979535288,0,False,True,,,,RETAIN_PREDICTED_TRENDS
2026-02-27,7.3566937446306961e-06,0.99999264330625537,0,True,True,,,,EXPECTED_RETURN_LEADER_REPLACEMENT
2026-03-02,0.61072218538668144,0.38927781461331856,1,False,True,,,"sh688409,sz300666",FUNDED_EXPECTED_RETURN_ENTRY
2026-03-03,0.0038747401525879954,0.99612525984741218,0,True,True,,,,FULL_EXIT_RETRY|OBSERVED_TREND_EXIT
2026-03-04,0.25640594272198713,0.74359405727801287,2,False,True,,,,FUNDED_EXPECTED_RETURN_ENTRY
2026-03-05,0.0020365606022104297,0.99796343939778964,0,False,True,,,,RETAIN_PREDICTED_TRENDS
2026-03-06,0.001924060518124099,0.9980759394818759,0,False,True,,,,RETAIN_PREDICTED_TRENDS
2026-03-09,0.0018250900885810602,0.99817490991141899,0,False,True,,,,RETAIN_PREDICTED_TRENDS
2026-03-10,0.0015641367915361051,0.99843586320846378,0,False,True,,,,RETAIN_PREDICTED_TRENDS
2026-03-11,0.0015613009422231112,0.99843869905777671,0,True,True,,,,FULL_EXIT_RETRY
2026-03-12,0.67798652395362669,0.32201347604637331,1,False,True,,,,FUNDED_EXPECTED_RETURN_ENTRY
2026-03-13,0.087289268634158632,0.91271073136584147,0,True,True,,,,FULL_EXIT_RETRY
2026-03-16,0.18856392583033693,0.81143607416966301,1,False,True,,,,RETAIN_PREDICTED_TRENDS
2026-03-17,0.19793077506471327,0.80206922493528665,1,True,True,,,,FULL_EXIT_RETRY
2026-03-18,0.3119631854199274,0.6880368145800726,2,False,True,,,,FUNDED_EXPECTED_RETURN_ENTRY
2026-03-19,0.0072063303898460404,0.99279366961015403,1,False,True,,,,RETAIN_PREDICTED_TRENDS
2026-03-20,0.007383212626826458,0.99261678737317349,1,True,True,,,,FULL_EXIT_RETRY|OBSERVED_TREND_EXIT
2026-03-23,0.24646161112626722,0.75353838887373281,2,False,False,,,,RETAIN_PREDICTED_TRENDS
2026-03-24,0.24605050162777564,0.75394949837222436,2,False,True,,,,RETAIN_PREDICTED_TRENDS
2026-03-25,0.24612647199263624,0.75387352800736374,2,False,True,,sz002371,,FUNDED_EXPECTED_RETURN_ENTRY|WAIT_FOR_OBSERVED_RISING_TREND
2026-03-26,0.23828297835885351,0.76171702164114641,2,False,True,,,,RETAIN_PREDICTED_TRENDS
2026-03-27,0.23053024232116054,0.76946975767883941,2,False,True,,,sz300666,FUNDED_EXPECTED_RETURN_ENTRY
2026-03-30,0.0030875573684780318,0.99691244263152201,1,False,True,,,,RETAIN_PREDICTED_TRENDS
2026-03-31,0.0033042306428335338,0.99669576935716653,1,False,True,,,,RETAIN_PREDICTED_TRENDS
2026-04-01,0.0033283048106221187,0.99667169518937793,1,False,True,,,,RETAIN_PREDICTED_TRENDS
2026-04-02,0.0032120484534282991,0.99678795154657174,1,False,True,,,,RETAIN_PREDICTED_TRENDS
2026-04-03,0.0029569565337998834,0.9970430434662001,1,False,True,,,,RETAIN_PREDICTED_TRENDS
2026-04-07,0.0029080048152907356,0.99709199518470926,1,False,True,,,,RETAIN_PREDICTED_TRENDS
2026-04-08,0.0030747621782383039,0.99692523782176179,1,True,True,,,,FULL_EXIT_RETRY
2026-04-09,0.63630562865028795,0.36369437134971216,2,False,True,,,,FUNDED_EXPECTED_RETURN_ENTRY
2026-04-10,0.0026541236497504409,0.99734587635024974,0,True,True,,,,FULL_EXIT_RETRY
2026-04-13,0.28766921652849309,0.71233078347150691,1,False,True,,,sz300666,FUNDED_EXPECTED_RETURN_ENTRY
2026-04-14,4.7190953857333045e-05,0.99995280904614248,0,False,True,,,,RETAIN_PREDICTED_TRENDS
2026-04-15,4.7978085288275947e-05,0.99995202191471177,0,False,True,,,,RETAIN_PREDICTED_TRENDS
2026-04-16,4.6677692775073074e-05,0.999953322307225,0,False,True,,,,RETAIN_PREDICTED_TRENDS
2026-04-17,4.757401318369108e-05,0.99995242598681644,0,False,True,,,,RETAIN_PREDICTED_TRENDS
2026-04-20,4.6984588057543486e-05,0.99995301541194226,0,False,True,,,,RETAIN_PREDICTED_TRENDS
2026-04-21,4.7667181805738537e-05,0.99995233281819418,0,False,True,,,,RETAIN_PREDICTED_TRENDS
2026-04-22,4.6615726598891419e-05,0.99995338427340119,0,False,True,,,,RETAIN_PREDICTED_TRENDS
2026-04-23,4.6669180540374049e-05,0.99995333081945958,0,False,True,,,,RETAIN_PREDICTED_TRENDS
2026-04-24,4.6127038629951181e-05,0.99995387296137006,0,False,True,,,,RETAIN_PREDICTED_TRENDS
2026-04-27,4.173527489929472e-05,0.99995826472510063,0,True,True,,,,EXPECTED_RETURN_LEADER_REPLACEMENT
2026-04-28,0.33484970407300058,0.66515029592699937,1,False,True,,,,FUNDED_EXPECTED_RETURN_ENTRY
2026-04-29,0.0072558330246982614,0.99274416697530166,0,False,True,,,,RETAIN_PREDICTED_TRENDS
2026-04-30,0.0070383304914075255,0.99296166950859255,0,False,True,,,,RETAIN_PREDICTED_TRENDS
2026-05-06,0.0067483791858766826,0.99325162081412344,0,False,True,,,,RETAIN_PREDICTED_TRENDS
2026-05-07,0.006375832007862005,0.99362416799213826,0,False,True,,,,RETAIN_PREDICTED_TRENDS
2026-05-08,0.0065939591017135672,0.99340604089828655,0,False,True,,,,RETAIN_PREDICTED_TRENDS
2026-05-11,0.006004489256695964,0.99399551074330406,0,False,True,,,,RETAIN_PREDICTED_TRENDS
2026-05-12,0.0060968326514115479,0.99390316734858841,0,False,True,,,,RETAIN_PREDICTED_TRENDS
2026-05-13,0.0058691837164503522,0.9941308162835496,0,False,True,,,,RETAIN_PREDICTED_TRENDS
2026-05-14,0.0061934554691824399,0.99380654453081751,0,True,True,,,,FULL_EXIT_RETRY
2026-05-15,0.37056601294509195,0.62943398705490816,1,False,True,,,"sh603986,sh688008,sh688120,sh688361,sz300666,sz300776",FUNDED_EXPECTED_RETURN_ENTRY
2026-05-18,3.0572876252251786e-05,0.99996942712374759,0,False,True,,,,RETAIN_PREDICTED_TRENDS
2026-05-19,2.9264425043767929e-05,0.99997073557495608,0,False,True,,,,RETAIN_PREDICTED_TRENDS
2026-05-20,2.6341335656806139e-05,0.99997365866434307,0,False,True,,,,RETAIN_PREDICTED_TRENDS
2026-05-21,2.7144979093527455e-05,0.99997285502090638,0,True,True,,,,FULL_EXIT_RETRY
2026-05-22,0.08334923550620231,0.91665076449379779,1,False,True,,,"sh603986,sh688008,sh688120,sh688361,sh688535,sz002409,sz300776",FUNDED_EXPECTED_RETURN_ENTRY
2026-05-25,0.00048753377367273087,0.99951246622632728,0,False,True,,,,RETAIN_PREDICTED_TRENDS
2026-05-26,0.00047637562340677197,0.99952362437659326,0,False,True,,,,RETAIN_PREDICTED_TRENDS
2026-05-27,0.00050408537375225011,0.99949591462624776,0,True,True,,,,FULL_EXIT_RETRY
2026-05-28,0.35555471573346048,0.64444528426653969,1,False,True,,,sz300776,FUNDED_EXPECTED_RETURN_ENTRY
2026-05-29,0.0012469223786717657,0.99875307762132826,0,False,True,,,,RETAIN_PREDICTED_TRENDS
2026-06-01,0.0013335373571726119,0.99866646264282755,0,True,True,,,,FULL_EXIT_RETRY
2026-06-02,0.34026447959678141,0.65973552040321859,1,False,True,,,,FUNDED_EXPECTED_RETURN_ENTRY
2026-06-03,5.4157457538809896e-05,0.99994584254246122,0,False,True,,,,RETAIN_PREDICTED_TRENDS
2026-06-04,5.2086512447757109e-05,0.99994791348755219,0,False,True,,,,RETAIN_PREDICTED_TRENDS
2026-06-05,5.4820633814388906e-05,0.99994517936618577,0,False,True,,,,RETAIN_PREDICTED_TRENDS
2026-06-08,5.6020089194381043e-05,0.99994397991080575,0,False,True,,,,RETAIN_PREDICTED_TRENDS
2026-06-09,5.1390173012986392e-05,0.99994860982698697,0,False,True,,,,RETAIN_PREDICTED_TRENDS
2026-06-10,5.2038290645701481e-05,0.99994796170935418,0,False,True,,,,RETAIN_PREDICTED_TRENDS
2026-06-11,4.9497550596410469e-05,0.99995050244940364,0,False,True,,,,RETAIN_PREDICTED_TRENDS
2026-06-12,4.8733703982182332e-05,0.99995126629601772,0,False,True,,,,RETAIN_PREDICTED_TRENDS
2026-06-15,4.6967739067513839e-05,0.99995303226093268,0,False,True,,,,RETAIN_PREDICTED_TRENDS
2026-06-16,4.7399677349652778e-05,0.99995260032265032,0,False,True,,,,RETAIN_PREDICTED_TRENDS
2026-06-17,4.3388511008356647e-05,0.99995661148899151,0,False,True,,,,RETAIN_PREDICTED_TRENDS
2026-06-18,4.2022064949822354e-05,0.99995797793505037,0,False,True,,,,RETAIN_PREDICTED_TRENDS
2026-06-22,4.0765826872636551e-05,0.99995923417312749,0,True,True,,,,FULL_EXIT_RETRY
2026-06-23,0.44181667963621679,0.55818332036378326,1,True,True,,,,FULL_EXIT_RETRY
2026-06-24,0.58951746828394624,0.4104825317160537,2,False,True,,,sz002281,FUNDED_EXPECTED_RETURN_ENTRY
2026-06-25,0.00072523172761005577,0.99927476827239003,0,False,True,,,,RETAIN_PREDICTED_TRENDS
2026-06-26,0.00073435297678580477,0.99926564702321419,0,True,True,,,,EXPECTED_RETURN_LEADER_REPLACEMENT
2026-06-29,0.10387105950918968,0.89612894049081038,1,False,True,,,sh600206,FUNDED_EXPECTED_RETURN_ENTRY
2026-06-30,0.00010250288267183713,0.99989749711732789,0,False,True,,,,RETAIN_PREDICTED_TRENDS
2026-07-01,0.0001059822579404233,0.99989401774205955,0,False,True,,,,RETAIN_PREDICTED_TRENDS
2026-07-02,0.00011245192222936248,0.99988754807777069,0,True,True,,,,FULL_EXIT_RETRY
2026-07-03,0.27331097555058254,0.72668902444941752,1,False,True,,,,FUNDED_EXPECTED_RETURN_ENTRY
2026-07-06,2.7019635998657964e-05,0.9999729803640014,0,False,True,,,,RETAIN_PREDICTED_TRENDS
2026-07-07,2.6899099361418305e-05,0.99997310090063851,0,False,True,,,,RETAIN_PREDICTED_TRENDS
2026-07-08,2.6761792801482754e-05,0.99997323820719841,0,False,True,,,,RETAIN_PREDICTED_TRENDS
2026-07-09,2.4670392685138434e-05,0.99997532960731483,0,False,True,,,,RETAIN_PREDICTED_TRENDS
2026-07-10,2.850343882422176e-05,0.99997149656117557,0,True,True,,,,FULL_EXIT_RETRY
2026-07-13,1,0,4,False,True,,,,FUNDED_EXPECTED_RETURN_ENTRY
2026-07-14,0.0021824415945454608,0.99781755840545472,0,False,True,,,,RETAIN_PREDICTED_TRENDS
2026-07-15,0.0023647224440686812,0.9976352775559314,0,True,True,,,,FULL_EXIT_RETRY
2026-07-16,0.49319411444326405,0.50680588555673589,2,False,True,,,,FUNDED_EXPECTED_RETURN_ENTRY
2026-07-17,0.021457638522076949,0.97854236147792306,1,True,False,,,,FULL_EXIT_RETRY
2026-07-20,0.72847223678117856,0.27152776321882149,3,False,False,,,,RETAIN_PREDICTED_TRENDS
2026-07-21,0.7136953788492808,0.28630462115071925,3,False,True,,,,FUNDED_EXPECTED_RETURN_ENTRY
2026-07-22,0.13342467108384659,0.86657532891615352,2,False,True,,,,FUNDED_EXPECTED_RETURN_ENTRY
2026-07-23,0.010798577639445259,0.98920142236055486,1,False,False,,,,RETAIN_PREDICTED_TRENDS
2026-07-24,0.010527667748867374,0.98947233225113262,1,False,False,,sh688361,,FUNDED_EXPECTED_RETURN_ENTRY|WAIT_FOR_OBSERVED_RISING_TREND
2026-07-27,0.010333766730071341,0.98966623326992875,1,False,True,,,,FUNDED_EXPECTED_RETURN_ENTRY
2026-07-28,0.01084349806426479,0.98915650193573534,1,False,False,,sh688361,,FUNDED_EXPECTED_RETURN_ENTRY|WAIT_FOR_OBSERVED_RISING_TREND
2026-07-29,0.011418458151749649,0.98858154184825031,1,True,False,,,,FULL_EXIT_RETRY|OBSERVED_TREND_EXIT
2026-07-30,0.28571330528732308,0.71428669471267692,2,False,False,,sh688120,,FUNDED_EXPECTED_RETURN_ENTRY|WAIT_FOR_OBSERVED_RISING_TREND
2026-07-31,0.28593853738183905,0.71406146261816095,2,True,False,,,,FULL_EXIT_RETRY|OBSERVED_TREND_EXIT
2026-08-03,1,0,4,False,False,,,,RETAIN_PREDICTED_TRENDS
2026-08-04,1,0,4,False,False,,,,RETAIN_PREDICTED_TRENDS
2026-08-05,1,0,4,False,False,,bj920045,,FUNDED_EXPECTED_RETURN_ENTRY|WAIT_FOR_OBSERVED_RISING_TREND
2026-08-06,1,0,4,False,False,,"bj920045,sh688361,sz300666",,FUNDED_EXPECTED_RETURN_ENTRY|WAIT_FOR_OBSERVED_RISING_TREND
2026-08-07,1,0,4,False,False,,"sh688205,sh688120,bj920045,sz300666",,FUNDED_EXPECTED_RETURN_ENTRY|WAIT_FOR_OBSERVED_RISING_TREND
2026-08-10,1,0,4,False,False,,"bj920045,sh688120,sh688361,sz300666",,FUNDED_EXPECTED_RETURN_ENTRY|WAIT_FOR_OBSERVED_RISING_TREND
2026-08-11,1,0,4,False,True,,bj920045,,FUNDED_EXPECTED_RETURN_ENTRY|WAIT_FOR_OBSERVED_RISING_TREND
2026-08-12,0.32910369635363212,0.67089630364636776,2,True,True,,,,FULL_EXIT_RETRY
2026-08-13,0.67269895885200948,0.32730104114799052,3,False,True,,sh688205,,FUNDED_EXPECTED_RETURN_ENTRY|WAIT_FOR_OBSERVED_RISING_TREND
2026-08-14,0.21683858805852704,0.78316141194147315,1,False,True,,sh688205,,FUNDED_EXPECTED_RETURN_ENTRY|WAIT_FOR_OBSERVED_RISING_TREND
2026-08-17,0.20748111824667878,0.79251888175332108,1,False,True,,sh688205,,FUNDED_EXPECTED_RETURN_ENTRY|WAIT_FOR_OBSERVED_RISING_TREND
2026-08-18,0.20561485335097551,0.79438514664902449,1,False,True,"sh688019,sz002281",sh688205,,FUNDED_EXPECTED_RETURN_ENTRY|WAIT_FOR_OBSERVED_RISING_TREND
2026-08-19,0.21989281640539096,0.78010718359460907,1,True,True,,,,FULL_EXIT_RETRY
2026-08-20,0.76609243961175733,0.23390756038824262,3,False,True,,sh688205,,FUNDED_EXPECTED_RETURN_ENTRY|WAIT_FOR_OBSERVED_RISING_TREND
2026-08-21,0.77175579696654728,0.22824420303345266,3,False,True,,sh688205,,FUNDED_EXPECTED_RETURN_ENTRY|WAIT_FOR_OBSERVED_RISING_TREND
2026-08-24,0.39252676306017287,0.60747323693982713,2,False,False,,,,RETAIN_PREDICTED_TRENDS
2026-08-25,0.39418540976784744,0.60581459023215256,2,True,False,,,,FULL_EXIT_RETRY
2026-08-26,0.61954238773503634,0.38045761226496366,3,False,True,,,,RETAIN_PREDICTED_TRENDS
2026-08-27,0.60710822698278433,0.39289177301721573,3,False,True,,"sh688008,sh688535,sh688249",,FUNDED_EXPECTED_RETURN_ENTRY|WAIT_FOR_OBSERVED_RISING_TREND
2026-08-28,0.60921351433821536,0.39078648566178475,3,False,True,,"sh688205,sh688008",,FUNDED_EXPECTED_RETURN_ENTRY|WAIT_FOR_OBSERVED_RISING_TREND
2026-08-31,0.61161995734295072,0.3883800426570494,3,False,True,,"sh688205,sh688535,sz002281",,FUNDED_EXPECTED_RETURN_ENTRY|WAIT_FOR_OBSERVED_RISING_TREND
2026-09-01,0.61786629550340555,0.38213370449659445,3,False,False,,"sh688205,sz002281",,FUNDED_EXPECTED_RETURN_ENTRY|WAIT_FOR_OBSERVED_RISING_TREND
2026-09-02,0.62711261568016252,0.37288738431983742,3,False,False,,sh688205,,FUNDED_EXPECTED_RETURN_ENTRY|WAIT_FOR_OBSERVED_RISING_TREND
2026-09-03,0.62186191813240077,0.37813808186759934,3,False,False,,sh688205,,FUNDED_EXPECTED_RETURN_ENTRY|WAIT_FOR_OBSERVED_RISING_TREND
2026-09-04,0.62505304811457274,0.37494695188542732,3,False,False,,sh688205,,FUNDED_EXPECTED_RETURN_ENTRY|WAIT_FOR_OBSERVED_RISING_TREND
2026-09-07,0.6097421195841094,0.39025788041589071,3,False,False,,"sh688205,sz002281",,FUNDED_EXPECTED_RETURN_ENTRY|WAIT_FOR_OBSERVED_RISING_TREND
2026-09-08,0.61006787131233675,0.3899321286876633,3,False,False,,sh688205,,FUNDED_EXPECTED_RETURN_ENTRY|WAIT_FOR_OBSERVED_RISING_TREND
2026-09-09,0.61632396419270497,0.38367603580729509,3,False,False,,"sh688205,sz002281",,FUNDED_EXPECTED_RETURN_ENTRY|WAIT_FOR_OBSERVED_RISING_TREND
2026-09-10,0.61495485332042765,0.38504514667957224,3,False,False,,"sh688205,sh688535",,FUNDED_EXPECTED_RETURN_ENTRY|WAIT_FOR_OBSERVED_RISING_TREND
2026-09-11,0.61690664260511408,0.38309335739488587,3,False,False,,sh688205,,FUNDED_EXPECTED_RETURN_ENTRY|WAIT_FOR_OBSERVED_RISING_TREND
