date,symbol,pnl,carry,execution,units_before,units_after
2023-01-19,sh688012,16788.419900688728,0,16788.419900688728,0,8629.8038490533836
2023-01-19,sh688019,-373.61051198904454,-0,-373.61051198904454,0,5623.1177216649376
2023-01-20,sh688012,-3356.9936972818527,-3356.9936972818527,0,8629.8038490533836,8629.8038490533836
2023-01-20,sh688019,-7996.0734002075242,-7996.0734002075242,0,5623.1177216649376,5623.1177216649376
2023-01-30,sh688012,-8396.7991451289327,-8396.7991451289327,0,8629.8038490533836,8629.8038490533836
2023-01-30,sh688019,-3525.6948114839697,-3525.6948114839697,0,5623.1177216649376,5623.1177216649376
2023-01-31,sh688012,-11641.605392372925,-11641.605392372925,0,8629.8038490533836,8629.8038490533836
2023-01-31,sh688019,-1872.4982013144152,-1872.4982013144152,0,5623.1177216649376,5623.1177216649376
2023-02-01,sh688012,5212.4015248282367,5212.4015248282367,0,8629.8038490533836,8629.8038490533836
2023-02-01,sh688019,6736.4950305546372,6736.4950305546372,0,5623.1177216649376,5623.1177216649376
2023-02-02,sh688012,18182.996709955474,18182.996709955474,0,8629.8038490533836,8629.8038490533836
2023-02-02,sh688019,14698.829724432091,14698.829724432091,0,5623.1177216649376,5623.1177216649376
2023-02-03,sh688012,-4228.6038860362369,-4228.6038860362369,0,8629.8038490533836,8629.8038490533836
2023-02-03,sh688019,3109.6165469507291,-1338.3020177562526,4447.9185647069817,5623.1177216649376,15716.056010184662
2023-02-06,sh688012,-5039.8054478470813,-5039.8054478470813,0,8629.8038490533836,8629.8038490533836
2023-02-06,sh688019,-19613.63790071031,-19613.63790071031,0,15716.056010184662,15716.056010184662
2023-02-07,sh688012,-15525.017124447095,-15525.017124447095,0,8629.8038490533836,8629.8038490533836
2023-02-07,sh688019,-19267.884668486382,-19267.884668486382,0,15716.056010184662,15716.056010184662
2023-02-08,sh688012,1743.2203775087678,1743.2203775087678,0,8629.8038490533836,8629.8038490533836
2023-02-08,sh688019,-13201.487048555169,-13201.487048555169,0,15716.056010184662,15716.056010184662
2023-02-09,sh688012,22351.191969048294,22351.191969048294,0,8629.8038490533836,8629.8038490533836
2023-02-09,sh688019,44869.339909077273,44869.339909077273,0,15716.056010184662,15716.056010184662
2023-02-10,sh688012,3132.6187972063744,3132.6187972063744,0,8629.8038490533836,8629.8038490533836
2023-02-10,sh688019,-13500.092112748764,-13500.092112748764,0,15716.056010184662,15716.056010184662
2023-02-13,sh688012,4659.7548632637036,2606.2007624141797,2053.5541008495238,8629.8038490533836,12633.912150006134
2023-02-13,sh688019,19110.724108384678,19110.724108384678,0,15716.056010184662,15716.056010184662
2023-02-14,sh688012,-4156.5570973521153,-4156.5570973521153,0,12633.912150006134,12633.912150006134
2023-02-14,sh688019,-8926.7198137848536,-8926.7198137848536,0,15716.056010184662,15716.056010184662
2023-02-15,sh688012,26796.527670162948,26796.527670162948,0,12633.912150006134,12633.912150006134
2023-02-15,sh688019,12887.165928351316,12887.165928351316,0,15716.056010184662,15716.056010184662
2023-02-16,sh688012,-18407.610002558857,-18407.610002558857,0,12633.912150006134,12633.912150006134
2023-02-16,sh688019,-10671.202030915418,-10671.202030915418,0,15716.056010184662,15716.056010184662
2023-02-17,sh688012,-46454.894975572635,-46454.894975572635,0,12633.912150006134,12633.912150006134
2023-02-17,sh688019,-47415.340982727059,-47415.340982727059,0,15716.056010184662,15716.056010184662
2023-02-20,sh688012,-7834.4508290663689,25937.421643962738,-33771.872473029107,12633.912150006134,0
2023-02-20,sh688019,-10404.029078742344,-10404.029078742344,0,15716.056010184662,15716.056010184662
2023-02-21,sh688019,2844.6502797659377,15700.339954174626,-12855.689674408688,15716.056010184662,1764.7793090423111
2023-02-22,sh688019,-1872.7030799500328,-804.73936492329926,-1067.9637150267336,1764.7793090423111,0
2023-02-23,sh688037,-6465.9181326436801,-0,-6465.9181326436801,0,6171.7090194348057
2023-02-23,sh688256,-9679.7702136969383,-0,-9679.7702136969383,0,8083.0418237364447
2023-02-24,sh688037,-4517.691002226361,-4517.691002226361,0,6171.7090194348057,6171.7090194348057
2023-02-24,sh688256,25550.495204830913,25550.495204830913,0,8083.0418237364447,8083.0418237364447
2023-02-27,sh688037,-10096.915955795315,-10096.915955795315,0,6171.7090194348057,6171.7090194348057
2023-02-27,sh688256,-14977.876499383587,-14977.876499383587,0,8083.0418237364447,8083.0418237364447
2023-02-28,sh688037,8918.1195330833398,8918.1195330833398,0,6171.7090194348057,6171.7090194348057
2023-02-28,sh688256,-6506.848668107893,-6506.848668107893,0,8083.0418237364447,8083.0418237364447
2023-03-01,sh688037,-1240.5135129064429,-1240.5135129064429,0,6171.7090194348057,6171.7090194348057
2023-03-01,sh688256,35969.536115627205,35969.536115627205,0,8083.0418237364447,8083.0418237364447
2023-03-02,sh688037,-2987.1071654064131,-2987.1071654064131,0,6171.7090194348057,6171.7090194348057
2023-03-02,sh688256,4882.1572615368059,4882.1572615368059,0,8083.0418237364447,8083.0418237364447
2023-03-03,sh688037,24075.836884815155,24075.836884815155,0,6171.7090194348057,6171.7090194348057
2023-03-03,sh688256,6669.9097993137666,11987.15102460118,-5317.2412252874137,8083.0418237364447,11385.838909645365
2023-03-06,sh688037,38110.30319500991,38110.30319500991,0,6171.7090194348057,6171.7090194348057
2023-03-06,sh688256,-18946.035945649903,-18946.035945649903,0,11385.838909645365,11385.838909645365
2023-03-07,sh688037,-31926.250757536262,-31926.250757536262,0,6171.7090194348057,6171.7090194348057
2023-03-07,sh688256,-25606.751707792453,-25606.751707792453,0,11385.838909645365,11385.838909645365
2023-03-08,sh688037,-1570.9641907474961,11362.116304779527,-12933.080495527023,6171.7090194348057,0
2023-03-08,sh688256,13686.192692557028,16281.749640792868,-2595.5569482358401,11385.838909645365,0
2023-03-13,sh688037,-3463.5502195514914,-0,-3463.5502195514914,0,2848.5082872928174
2023-03-13,sh688256,19954.00388557704,0,19954.00388557704,0,5622.7084206467616
2023-03-14,sh688037,1062.4935911602342,1062.4935911602342,0,2848.5082872928174,2848.5082872928174
2023-03-14,sh688256,26831.564583326337,26831.564583326337,0,5622.7084206467616,5622.7084206467616
2023-03-15,sh688037,-14233.995911602207,-14233.995911602207,0,2848.5082872928174,2848.5082872928174
2023-03-15,sh688256,4115.8225639134253,4115.8225639134253,0,5622.7084206467616,5622.7084206467616
2023-03-16,sh688037,-11003.787513812153,-11003.787513812153,0,2848.5082872928174,2848.5082872928174
2023-03-16,sh688256,-23306.831332057249,-5813.8805069487053,-17492.950825108543,5622.7084206467616,15381.540386089528
2023-03-17,sh688037,609.58077348065899,609.58077348065899,0,2848.5082872928174,2848.5082872928174
2023-03-17,sh688256,211526.94338950311,211526.94338950311,0,15381.540386089528,15381.540386089528
2023-03-20,sh688037,25.636574585636328,25.636574585636328,0,2848.5082872928174,2848.5082872928174
2023-03-20,sh688256,124590.47712732508,124590.47712732508,0,15381.540386089528,15381.540386089528
2023-03-21,sh688037,-6916.1781215469937,-6916.1781215469937,0,2848.5082872928174,2848.5082872928174
2023-03-21,sh688256,18580.900786396345,18580.900786396345,0,15381.540386089528,15381.540386089528
2023-03-22,sh688037,-6212.5965745856274,-6212.5965745856274,0,2848.5082872928174,2848.5082872928174
2023-03-22,sh688256,241059.50093079504,241059.50093079504,0,15381.540386089528,15381.540386089528
2023-03-23,sh688037,-4010.0574769864133,5204.2246408839719,-9214.2821178703853,2848.5082872928174,0
2023-03-23,sh688256,70708.94115485347,70708.94115485347,0,15381.540386089528,15381.540386089528
2023-03-24,sh688256,165166.98066582935,165166.98066582935,0,15381.540386089528,15381.540386089528
2023-03-27,sh688256,34993.004378353762,34993.004378353762,0,15381.540386089528,15381.540386089528
2023-03-28,sh688256,-148539.53550846651,-148539.53550846651,0,15381.540386089528,15381.540386089528
2023-03-29,sh688041,36024.972694184326,0,36024.972694184326,0,3467.2702494052405
2023-03-29,sh688256,0,0,0,15381.540386089528,15381.540386089528
2023-03-30,sh688041,6934.540498810481,6934.540498810481,0,3467.2702494052405,3467.2702494052405
2023-03-30,sh688256,42314.617602132144,42314.617602132144,0,15381.540386089528,15381.540386089528
2023-03-31,sh688041,2323.0710671015172,2323.0710671015172,0,3467.2702494052405,3467.2702494052405
2023-03-31,sh688256,101687.36349243793,101687.36349243793,0,15381.540386089528,15381.540386089528
2023-04-03,sh688041,26455.27200296197,26455.27200296197,0,3467.2702494052405,3467.2702494052405
2023-04-03,sh688256,258594.45697093732,258594.45697093732,0,15381.540386089528,15381.540386089528
2023-04-04,sh688041,3744.651869357654,3744.651869357654,0,3467.2702494052405,3467.2702494052405
2023-04-04,sh688256,46559.922748692799,46559.922748692799,0,15381.540386089528,15381.540386089528
2023-04-06,sh688041,-16122.806659734339,-16122.806659734339,0,3467.2702494052405,3467.2702494052405
2023-04-06,sh688256,-77522.963545891093,-77522.963545891093,0,15381.540386089528,15381.540386089528
2023-04-07,sh688041,1456.2535047501576,1456.2535047501576,0,3467.2702494052405,3467.2702494052405
2023-04-07,sh688256,180656.19183462157,180656.19183462157,0,15381.540386089528,15381.540386089528
2023-04-10,sh688041,-23750.801208425877,-23750.801208425877,0,3467.2702494052405,3467.2702494052405
2023-04-10,sh688256,-184901.49698118246,-184901.49698118246,0,15381.540386089528,15381.540386089528
2023-04-11,sh688041,4160.7242992862984,4160.7242992862984,0,3467.2702494052405,3467.2702494052405
2023-04-11,sh688256,-62864.355557947732,-62864.355557947732,0,15381.540386089528,15381.540386089528
2023-04-12,sh688041,23196.03796852105,23196.03796852105,0,3467.2702494052405,3467.2702494052405
2023-04-12,sh688256,46452.251965990094,46452.251965990094,0,15381.540386089528,15381.540386089528
2023-04-13,sh688041,-22433.238513651901,-22433.238513651901,0,3467.2702494052405,3467.2702494052405
2023-04-13,sh688256,-185809.00786396125,-185809.00786396125,0,15381.540386089528,15381.540386089528
2023-04-14,sh688041,3935.8475215598282,2843.1616045122737,1092.6859170475545,3467.2702494052405,2259.6287801101053
2023-04-14,sh688256,52790.614040333501,72262.476733848715,-19471.86269351521,15381.540386089528,10024.428930711991
2023-04-17,sh688041,6982.2529305402331,6982.2529305402331,0,2259.6287801101053,2259.6287801101053
2023-04-17,sh688256,12109.510148300069,12109.510148300069,0,10024.428930711991,10024.428930711991
2023-04-18,sh688041,5581.2830868719575,5581.2830868719575,0,2259.6287801101053,2259.6287801101053
2023-04-18,sh688256,-6866.7338175377363,-6866.7338175377363,0,10024.428930711991,10024.428930711991
2023-04-19,sh688041,17964.048801875342,17964.048801875342,0,2259.6287801101053,2259.6287801101053
2023-04-19,sh688256,175056.60241702345,175056.60241702345,0,10024.428930711991,10024.428930711991
2023-04-20,sh688041,15252.494265743211,15252.494265743211,0,2259.6287801101053,2259.6287801101053
2023-04-20,sh688256,298447.29812515731,298447.29812515731,0,10024.428930711991,10024.428930711991
2023-04-21,sh688041,-13354.406090450715,-13354.406090450715,0,2259.6287801101053,2259.6287801101053
2023-04-21,sh688256,-122177.73980751762,-122177.73980751762,0,10024.428930711991,10024.428930711991
2023-04-24,sh688041,-4790.4130138334331,-4790.4130138334331,0,2259.6287801101053,2259.6287801101053
2023-04-24,sh688256,-33631.95906253891,-33631.95906253891,0,10024.428930711991,10024.428930711991
2023-04-25,sh688041,21421.280835443806,21421.280835443806,0,2259.6287801101053,2259.6287801101053
2023-04-25,sh688256,33631.95906253891,33631.95906253891,0,10024.428930711991,10024.428930711991
2023-04-26,sh688041,-14145.27616348927,-14145.27616348927,0,2259.6287801101053,2259.6287801101053
2023-04-26,sh688256,-67273.942554008303,-67273.942554008303,0,10024.428930711991,10024.428930711991
2023-04-27,sh688041,-11727.473368771442,-11727.473368771442,0,2259.6287801101053,2259.6287801101053
2023-04-27,sh688256,-48778.871176844397,-48778.871176844397,0,10024.428930711991,10024.428930711991
2023-04-28,sh688041,15478.457143754209,15478.457143754209,0,2259.6287801101053,2259.6287801101053
2023-04-28,sh688256,126147.41366407972,126147.41366407972,0,10024.428930711991,10024.428930711991
2023-05-04,sh688041,-4519.2575602202105,-4519.2575602202105,0,2259.6287801101053,2259.6287801101053
2023-05-04,sh688256,-112353.79945541997,-112353.79945541997,0,10024.428930711991,10024.428930711991
2023-05-05,sh688041,203.36659020991718,203.36659020991718,0,2259.6287801101053,2259.6287801101053
2023-05-05,sh688256,-166986.93712780048,-166986.93712780048,0,10024.428930711991,10024.428930711991
2023-05-08,sh688041,-8089.471032794173,-8089.471032794173,0,2259.6287801101053,2259.6287801101053
2023-05-08,sh688256,2756.7179559458546,2756.7179559458546,0,10024.428930711991,10024.428930711991
2023-05-09,sh688041,542.31090722641375,542.31090722641375,0,2259.6287801101053,2259.6287801101053
2023-05-09,sh688256,20259.370868968799,20259.370868968799,0,10024.428930711991,10024.428930711991
2023-05-10,sh688041,-14349.704058542151,-25782.364381056293,11432.660322514143,2259.6287801101053,1067.9967647966287
2023-05-10,sh688256,-59857.620617822053,-82892.002828057215,23034.382210235162,10024.428930711991,4735.1813948517456
2023-05-11,sh688041,-1314.3275242644688,-1644.7150177867998,330.387493522331,1067.9967647966287,866.54878458655503
2023-05-11,sh688256,6636.9765096521169,-9726.0625850254946,16363.039094677612,4735.1813948517456,0
2023-05-12,sh688041,-147.56343771233833,-1325.8196404174303,1178.2562027050919,866.54878458655503,0
2023-05-17,sh688072,-1675.2638321773127,-0,-1675.2638321773127,0,3013.8770144915143
2023-05-18,sh688072,2438.2265047236274,2438.2265047236274,0,3013.8770144915143,3013.8770144915143
2023-05-19,sh688072,-2438.2265047236274,-2438.2265047236274,0,3013.8770144915143,3013.8770144915143
2023-05-22,sh688037,-5278.2439873405792,-0,-5278.2439873405792,0,6630.9593127597291
2023-05-22,sh688072,-13770.404079211779,-13770.404079211779,0,3013.8770144915143,3013.8770144915143
2023-05-23,sh688037,-34984.941334120398,-34984.941334120398,0,6630.9593127597291,6630.9593127597291
2023-05-23,sh688072,-19276.757384687684,-19276.757384687684,0,3013.8770144915143,3013.8770144915143
2023-05-24,sh688037,27167.040304376667,27167.040304376667,0,6630.9593127597291,6630.9593127597291
2023-05-24,sh688072,6690.8069721711581,6690.8069721711581,0,3013.8770144915143,3013.8770144915143
2023-05-25,sh688037,2473.3478236594096,2473.3478236594096,0,6630.9593127597291,6630.9593127597291
2023-05-25,sh688072,1431.5915818834521,1431.5915818834521,0,3013.8770144915143,3013.8770144915143
2023-05-26,sh688037,16497.826770146203,16497.826770146203,0,6630.9593127597291,6630.9593127597291
2023-05-26,sh688072,19731.852813875936,19731.852813875936,0,3013.8770144915143,3013.8770144915143
2023-05-29,sh688037,31251.711241036468,31251.711241036468,0,6630.9593127597291,6630.9593127597291
2023-05-29,sh688072,14569.08148805199,14569.08148805199,0,3013.8770144915143,3013.8770144915143
2023-05-30,sh688037,-9024.7356246659256,-9024.7356246659256,0,6630.9593127597291,6630.9593127597291
2023-05-30,sh688072,16803.431574060618,5039.2023682298031,11764.229205830816,3013.8770144915143,7349.7301545983755
2023-05-31,sh688037,736.03648371626355,736.03648371626355,0,6630.9593127597291,6630.9593127597291
2023-05-31,sh688072,-32471.107823015671,-32471.107823015671,0,7349.7301545983755,7349.7301545983755
2023-06-01,sh688037,-28678.899027685751,-28678.899027685751,0,6630.9593127597291,6630.9593127597291
2023-06-01,sh688072,2520.9574430273733,2520.9574430273733,0,7349.7301545983755,7349.7301545983755
2023-06-02,sh688037,8036.7226870648137,8036.7226870648137,0,6630.9593127597291,6630.9593127597291
2023-06-02,sh688072,18969.653529018324,18969.653529018324,0,7349.7301545983755,7349.7301545983755
2023-06-05,sh688037,50713.576823986477,50713.576823986477,0,6630.9593127597291,6630.9593127597291
2023-06-05,sh688072,64707.024281084116,64707.024281084116,0,7349.7301545983755,7349.7301545983755
2023-06-06,sh688037,-8958.4260315383872,-8958.4260315383872,0,6630.9593127597291,6630.9593127597291
2023-06-06,sh688072,-35153.759329444147,-35153.759329444147,0,7349.7301545983755,7349.7301545983755
2023-06-07,sh688037,-22100.987389428166,-22100.987389428166,0,6630.9593127597291,6630.9593127597291
2023-06-07,sh688072,-40497.013151836982,-40497.013151836982,0,7349.7301545983755,7349.7301545983755
2023-06-08,sh688037,-7050.6999179742033,-9701.0934745676313,2650.393556593428,6630.9593127597291,4436.7252625004185
2023-06-08,sh688072,-1315.5244557764645,1205.3557453542489,-2520.8802011307134,7349.7301545983755,4918.8898774110612
2023-06-09,sh688037,20244.777372789482,20244.777372789482,0,4436.7252625004185,4436.7252625004185
2023-06-09,sh688072,33015.588857182986,33015.588857182986,0,4918.8898774110612,4918.8898774110612
2023-06-12,sh688037,-16131.933054451503,-16131.933054451503,0,4436.7252625004185,4436.7252625004185
2023-06-12,sh688072,-24697.746074480874,-24697.746074480874,0,4918.8898774110612,4918.8898774110612
2023-06-13,sh688037,7963.9218461881956,7963.9218461881956,0,4436.7252625004185,4436.7252625004185
2023-06-13,sh688072,15960.525580326064,16965.251187190672,-1004.7256068646069,4918.8898774110612,4478.9644304572194
2023-06-14,sh688037,19872.092450739434,19872.092450739434,0,4436.7252625004185,4436.7252625004185
2023-06-14,sh688072,21570.69269708198,21570.69269708198,0,4478.9644304572194,4478.9644304572194
2023-06-15,sh688037,-85938.499529361754,-33013.672678265626,-52924.826851096121,4436.7252625004185,10459.668595760568
2023-06-15,sh688072,-34971.754273009938,-34971.754273009938,0,4478.9644304572194,4478.9644304572194
2023-06-16,sh688037,16112.492489762673,26546.638896040138,-10434.146406277465,10459.668595760568,7043.8586456831017
2023-06-16,sh688072,10219.532397780789,16370.614993321142,-6151.0825955403516,4478.9644304572194,3016.1644702859558
2023-06-19,sh688037,-16954.567760159101,-16954.567760159101,0,7043.8586456831017,7043.8586456831017
2023-06-19,sh688072,-10868.032110576089,-12734.24639354733,1866.214282971242,3016.1644702859558,2576.2715186627988
2023-06-20,sh688037,-20218.50670212632,-21378.110989648289,1159.6042875219691,7043.8586456831017,6753.2825473870544
2023-06-20,sh688072,-7708.2043838390691,-7708.2043838390691,0,2576.2715186627988,2576.2715186627988
2023-06-21,sh688037,-12136.927127017421,-40999.178345186796,28862.251218169375,6753.2825473870544,0
2023-06-21,sh688072,-10395.255577804384,-10395.255577804384,0,2576.2715186627988,2576.2715186627988
2023-06-26,sh688072,-5269.5801391191544,6286.1025055372229,-11555.682644656377,2576.2715186627988,0
2023-09-04,sh688082,3297.5211798273945,0,3297.5211798273945,0,4926.4253904534908
2023-09-04,sh688361,-5199.1073922797304,-0,-5199.1073922797304,0,5064.3678921858373
2023-09-05,sh688082,-7094.0525622530158,-7094.0525622530158,0,4926.4253904534908,4926.4253904534908
2023-09-05,sh688361,-15193.103676557512,-15193.103676557512,0,5064.3678921858373,5064.3678921858373
2023-09-06,sh688082,10838.135858997694,10838.135858997694,0,4926.4253904534908,4926.4253904534908
2023-09-06,sh688361,25777.632571225928,25777.632571225928,0,5064.3678921858373,5064.3678921858373
2023-09-07,sh688082,-50445.913360748033,-22021.121495327166,-28424.791865420866,4926.4253904534908,12953.133448365552
2023-09-07,sh688361,-19599.103742759213,-19599.103742759213,0,5064.3678921858373,5064.3678921858373
2023-09-08,sh688082,-17357.198820809699,-17357.198820809699,0,12953.133448365552,12953.133448365552
2023-09-08,sh688361,-911.58622059348522,-911.58622059348522,0,5064.3678921858373,5064.3678921858373
2023-09-11,sh688082,22797.514869123253,22797.514869123253,0,12953.133448365552,12953.133448365552
2023-09-11,sh688361,-5824.0230760136701,-5824.0230760136701,0,5064.3678921858373,5064.3678921858373
2023-09-12,sh688082,-6347.0353896990546,-6347.0353896990546,0,12953.133448365552,12953.133448365552
2023-09-12,sh688361,-7393.9771225913628,-7393.9771225913628,0,5064.3678921858373,5064.3678921858373
2023-09-13,sh688082,3238.283362091388,3238.283362091388,0,12953.133448365552,12953.133448365552
2023-09-13,sh688361,-1215.4482941245751,-1215.4482941245751,0,5064.3678921858373,5064.3678921858373
2023-09-14,sh688082,-38600.337676129398,-38600.337676129398,0,12953.133448365552,12953.133448365552
2023-09-14,sh688361,-7393.9771225912909,-7393.9771225912909,0,5064.3678921858373,5064.3678921858373
2023-09-15,sh688082,37564.087000260173,37564.087000260173,0,12953.133448365552,12953.133448365552
2023-09-15,sh688361,1418.0230098120403,1418.0230098120403,0,5064.3678921858373,5064.3678921858373
2023-09-18,sh688082,-53496.441141749674,-53496.441141749674,0,12953.133448365552,12953.133448365552
2023-09-18,sh688361,-14889.241603026421,-14889.241603026421,0,5064.3678921858373,5064.3678921858373
2023-09-19,sh688082,-4674.1675514117724,-15155.166134587718,10480.998583175946,12953.133448365552,5275.8152886145735
2023-09-19,sh688361,951.85526638662941,-7951.0575907317298,8902.9128571183592,5064.3678921858373,0
2023-09-20,sh688082,-3067.2503440991695,-13928.152361942477,10860.902017843307,5275.8152886145735,0
2023-09-21,sh688205,-8577.9907551344586,-0,-8577.9907551344586,0,18066.520829893787
2023-09-22,sh688019,51556.898533037471,0,51556.898533037471,0,17200.067289423685
2023-09-22,sh688205,96113.890815034945,96113.890815034945,0,18066.520829893787,18066.520829893787
2023-09-25,sh688019,-12074.447237175396,-12074.447237175396,0,17200.067289423685,17200.067289423685
2023-09-25,sh688205,-25130.530474382227,-25130.530474382227,0,18066.520829893787,18066.520829893787
2023-09-26,sh688019,-44479.374010449872,-44479.374010449872,0,17200.067289423685,17200.067289423685
2023-09-26,sh688205,-1734.3859996697408,-1734.3859996697408,0,18066.520829893787,18066.520829893787
2023-09-27,sh688019,-43636.570713267749,-43636.570713267749,0,17200.067289423685,17200.067289423685
2023-09-27,sh688205,578.1286665565375,578.1286665565375,0,18066.520829893787,18066.520829893787
2023-09-28,sh688019,31562.123476092354,31562.123476092354,0,17200.067289423685,17200.067289423685
2023-09-28,sh688205,-17361.926517527903,-17361.926517527903,0,18066.520829893787,18066.520829893787
2023-10-09,sh688019,-309.60121120963805,-309.60121120963805,0,17200.067289423685,17200.067289423685
2023-10-09,sh688205,-19800.906829563657,-19800.906829563657,0,18066.520829893787,18066.520829893787
2023-10-10,sh688019,-7757.2303475299686,-7757.2303475299686,0,17200.067289423685,17200.067289423685
2023-10-10,sh688205,0,0,0,18066.520829893787,18066.520829893787
2023-10-11,sh688019,17389.268029607272,17389.268029607272,0,17200.067289423685,17200.067289423685
2023-10-11,sh688205,4390.1645616642281,4390.1645616642281,0,18066.520829893787,18066.520829893787
2023-10-12,sh688019,153286.99968334398,153286.99968334398,0,17200.067289423685,17200.067289423685
2023-10-12,sh688205,-33585.662222772582,-33585.662222772582,0,18066.520829893787,18066.520829893787
2023-10-13,sh688019,-24269.294945376841,-24269.294945376841,0,17200.067289423685,17200.067289423685
2023-10-13,sh688205,-14814.54708051291,-14814.54708051291,0,18066.520829893787,18066.520829893787
2023-10-16,sh688019,-48572.990025332452,-48572.990025332452,0,17200.067289423685,17200.067289423685
2023-10-16,sh688205,-5287.4997260624805,-18192.986475703005,12905.486749640524,18066.520829893787,0
2023-10-17,sh688012,69553.163487980099,0,69553.163487980099,0,13233.048010765933
2023-10-17,sh688019,25851.701136003801,25851.701136003801,0,17200.067289423685,17200.067289423685
2023-10-18,sh688012,-29297.968295835759,-29297.968295835759,0,13233.048010765933,13233.048010765933
2023-10-18,sh688019,-28741.312440627091,-28741.312440627091,0,17200.067289423685,17200.067289423685
2023-10-19,sh688012,-7992.7609985026129,-7992.7609985026129,0,13233.048010765933,13233.048010765933
2023-10-19,sh688019,774.0030280240951,774.0030280240951,0,17200.067289423685,17200.067289423685
2023-10-20,sh688012,-22205.054562065201,-22205.054562065201,0,13233.048010765933,13233.048010765933
2023-10-20,sh688019,-44960.975894553587,-44960.975894553587,0,17200.067289423685,17200.067289423685
2023-10-23,sh688012,-19717.241536041172,-19717.241536041172,0,13233.048010765933,13233.048010765933
2023-10-23,sh688019,-5641.6220709307754,-5641.6220709307754,0,17200.067289423685,17200.067289423685
2023-10-24,sh688012,87205.786390947353,87205.786390947353,0,13233.048010765933,13233.048010765933
2023-10-24,sh688019,86395.9379947751,86395.9379947751,0,17200.067289423685,17200.067289423685
2023-10-25,sh688012,-7992.7609985026129,-7992.7609985026129,0,13233.048010765933,13233.048010765933
2023-10-25,sh688019,-15652.061233375494,-15652.061233375494,0,17200.067289423685,17200.067289423685
2023-10-26,sh688012,-12875.755714475239,-12875.755714475239,0,13233.048010765933,13233.048010765933
2023-10-26,sh688019,15583.260964217716,15583.260964217716,0,17200.067289423685,17200.067289423685
2023-10-27,sh688012,7198.7781178566274,7198.7781178566274,0,13233.048010765933,13233.048010765933
2023-10-27,sh688019,22549.288216434572,22549.288216434572,0,17200.067289423685,17200.067289423685
2023-10-30,sh688012,36589.377749767809,36589.377749767809,0,13233.048010765933,13233.048010765933
2023-10-30,sh688019,31183.721995724936,31183.721995724936,0,17200.067289423685,17200.067289423685
2023-10-31,sh688012,13061.018386626094,13061.018386626094,0,13233.048010765933,13233.048010765933
2023-10-31,sh688019,40179.357188093949,40179.357188093949,0,17200.067289423685,17200.067289423685
2023-11-01,sh688012,-26201.435061316599,-26201.435061316599,0,13233.048010765933,13233.048010765933
2023-11-01,sh688019,-65635.456776440828,-65635.456776440828,0,17200.067289423685,17200.067289423685
2023-11-02,sh688012,-17944.013102598532,-17944.013102598532,0,13233.048010765933,13233.048010765933
2023-11-02,sh688019,-44651.374683343951,-44651.374683343951,0,17200.067289423685,17200.067289423685
2023-11-03,sh688012,-7106.1467817813873,-7106.1467817813873,0,13233.048010765933,13233.048010765933
2023-11-03,sh688019,16924.866212792815,16924.866212792815,0,17200.067289423685,17200.067289423685
2023-11-06,sh688012,-21133.17767319312,-21133.17767319312,0,13233.048010765933,13233.048010765933
2023-11-06,sh688019,-10664.041719442519,-10664.041719442519,0,17200.067289423685,17200.067289423685
2023-11-07,sh688012,19531.978863890505,19531.978863890505,0,13233.048010765933,13233.048010765933
2023-11-07,sh688019,-39164.553218017747,-39164.553218017747,0,17200.067289423685,17200.067289423685
2023-11-08,sh688012,59958.940536780334,59958.940536780334,0,13233.048010765933,13233.048010765933
2023-11-08,sh688019,49192.192447751731,49192.192447751731,0,17200.067289423685,17200.067289423685
2023-11-09,sh688012,-33400.213179173224,-33400.213179173224,0,13233.048010765933,13233.048010765933
2023-11-09,sh688019,-18472.872268841005,-18472.872268841005,0,17200.067289423685,17200.067289423685
2023-11-10,sh688012,16157.551621145252,16157.551621145252,0,13233.048010765933,13233.048010765933
2023-11-10,sh688019,0,0,0,17200.067289423685,17200.067289423685
2023-11-13,sh688012,15191.539116359239,15191.539116359239,0,13233.048010765933,13233.048010765933
2023-11-13,sh688019,34296.934175110822,34296.934175110822,0,17200.067289423685,17200.067289423685
2023-11-14,sh688012,15985.521997005226,15985.521997005226,0,13233.048010765933,13233.048010765933
2023-11-14,sh688019,-8617.233712001349,-8617.233712001349,0,17200.067289423685,17200.067289423685
2023-11-15,sh688012,-54440.75951629092,-54440.75951629092,0,13233.048010765933,13233.048010765933
2023-11-15,sh688019,-36498.542788157058,-36498.542788157058,0,17200.067289423685,17200.067289423685
2023-11-16,sh688012,-21225.809009268545,-21225.809009268545,0,13233.048010765933,13233.048010765933
2023-11-16,sh688019,-45734.978922577684,-45734.978922577684,0,17200.067289423685,17200.067289423685
2023-11-17,sh688012,24692.867588089226,24692.867588089226,0,13233.048010765933,13233.048010765933
2023-11-17,sh688019,-10953.232092401602,5314.8207924321205,-16268.052884833724,17200.067289423685,0
2023-11-20,sh688012,-24957.528548304679,-24957.528548304679,0,13233.048010765933,13233.048010765933
2023-11-20,sh688535,67616.541720364054,0,67616.541720364054,0,12735.452686372932
2023-11-21,sh688012,-26373.464685456438,-26373.464685456438,0,13233.048010765933,13233.048010765933
2023-11-21,sh688535,-138841.90518683771,-138841.90518683771,0,12735.452686372932,12735.452686372932
2023-11-22,sh688012,-5356.4236260900398,-20524.457464697989,15168.033838607949,13233.048010765933,0
2023-11-22,sh688535,26871.805168246879,26871.805168246879,0,12735.452686372932,12735.452686372932
2023-11-23,sh688300,-540.04291267700216,0,-540.04291267700216,0,21663.733623953198
2023-11-23,sh688535,-72095.397657557187,-72095.397657557187,0,12735.452686372932,12735.452686372932
2023-11-24,sh688300,-43499.958883737912,-61308.366155787669,17808.407272049757,21663.733623953198,15456.695138668161
2023-11-24,sh688535,-34159.727886038672,-49961.180888641036,15801.453002602366,12735.452686372932,9086.1760470002773
2023-11-27,sh688300,9861.3714984703674,9861.3714984703674,0,15456.695138668161,15456.695138668161
2023-11-27,sh688535,-3105.1408977404608,9222.4686877052864,-12327.609585445747,9086.1760470002773,0
2023-11-28,sh688300,17752.343311948993,18068.876617103033,-316.53330515403951,15456.695138668161,15188.73987018267
2023-11-29,sh688041,1134.3277126578682,-0,1134.3277126578682,0,2507.5759623819044
2023-11-29,sh688300,-3144.0691531278239,-3144.0691531278239,0,15188.73987018267,15188.73987018267
2023-11-30,sh688041,2933.8638759868327,2933.8638759868327,0,2507.5759623819044,2507.5759623819044
2023-11-30,sh688300,-9113.2439221096229,-9113.2439221096229,0,15188.73987018267,15188.73987018267
2023-12-01,sh688041,325.98487510963616,325.98487510963616,0,2507.5759623819044,2507.5759623819044
2023-12-01,sh688300,15067.229951221276,15067.229951221276,0,15188.73987018267,15188.73987018267
2023-12-04,sh688041,2031.1365295293483,2031.1365295293483,0,2507.5759623819044,2507.5759623819044
2023-12-04,sh688300,-1291.0428889655398,-1291.0428889655398,0,15188.73987018267,15188.73987018267
2023-12-05,sh688041,351.06063473346802,351.06063473346802,0,2507.5759623819044,2507.5759623819044
2023-12-05,sh688300,-22312.258869298359,-22312.258869298359,0,15188.73987018267,15188.73987018267
2023-12-06,sh688041,6870.7581369264053,6870.7581369264053,0,2507.5759623819044,2507.5759623819044
2023-12-06,sh688300,-4784.4530591075063,-4784.4530591075063,0,15188.73987018267,15188.73987018267
2023-12-07,sh688041,-6093.4095885880097,-6093.4095885880097,0,2507.5759623819044,2507.5759623819044
2023-12-07,sh688300,-2809.9168759838285,-2809.9168759838285,0,15188.73987018267,15188.73987018267
2023-12-08,sh688041,18004.395409902056,18004.395409902056,0,2507.5759623819044,2507.5759623819044
2023-12-08,sh688300,24651.324809306436,24651.324809306436,0,15188.73987018267,15188.73987018267
2023-12-11,sh688041,4714.2428092779692,4714.2428092779692,0,2507.5759623819044,2507.5759623819044
2023-12-11,sh688300,-12849.673930174486,-12849.673930174486,0,15188.73987018267,15188.73987018267
2023-12-12,sh688041,-3886.742741691945,-3886.742741691945,0,2507.5759623819044,2507.5759623819044
2023-12-12,sh688300,-8642.3929861339784,-8642.3929861339784,0,15188.73987018267,15188.73987018267
2023-12-13,sh688041,-7572.879406393341,-7572.879406393341,0,2507.5759623819044,2507.5759623819044
2023-12-13,sh688300,470.85093597575258,470.85093597575258,0,15188.73987018267,15188.73987018267
2023-12-14,sh688041,-5140.530722882897,-5140.530722882897,0,2507.5759623819044,2507.5759623819044
2023-12-14,sh688300,-9113.2439221096229,-9113.2439221096229,0,15188.73987018267,15188.73987018267
2023-12-15,sh688041,-4413.3336937921649,-4413.3336937921649,0,2507.5759623819044,2507.5759623819044
2023-12-15,sh688300,-1078.4984203888662,-7488.0487560000884,6409.5503356112222,15188.73987018267,0
2023-12-18,sh688041,3485.5305877108485,3485.5305877108485,0,2507.5759623819044,2507.5759623819044
2023-12-19,sh688041,2181.5910872722684,2181.5910872722684,0,2507.5759623819044,2507.5759623819044
2023-12-20,sh688008,-18736.011126113652,-0,-18736.011126113652,0,24217.972720894017
2023-12-20,sh688041,-3961.9700205634049,-3961.9700205634049,0,2507.5759623819044,2507.5759623819044
2023-12-21,sh688008,26881.949720192515,26881.949720192515,0,24217.972720894017,24217.972720894017
2023-12-21,sh688041,6645.0763003120255,6645.0763003120255,0,2507.5759623819044,2507.5759623819044
2023-12-22,sh688008,-30514.645628326583,-30514.645628326583,0,24217.972720894017,24217.972720894017
2023-12-22,sh688041,-4664.091290030341,-4664.091290030341,0,2507.5759623819044,2507.5759623819044
2023-12-25,sh688008,-47225.04680574323,-47225.04680574323,0,24217.972720894017,24217.972720894017
2023-12-25,sh688041,-6770.4550984311491,-6770.4550984311491,0,2507.5759623819044,2507.5759623819044
2023-12-26,sh688008,-4062.5322810089601,-35600.419899714347,31537.887618705387,24217.972720894017,0
2023-12-26,sh688041,-4037.1972994348648,-4037.1972994348648,0,2507.5759623819044,2507.5759623819044
2023-12-27,sh688041,314.86928124998144,-1303.9395004385804,1618.8087816885618,2507.5759623819044,0
2024-02-22,sh688041,1015.3518497903577,0,1015.3518497903577,0,4479.1781022432033
2024-02-22,sz002371,3314.5798675564452,0,3314.5798675564452,0,2593.5107317685452
2024-02-23,sh688041,-6405.2246862078109,-6405.2246862078109,0,4479.1781022432033,4479.1781022432033
2024-02-23,sz002371,-2671.3160537216045,-2671.3160537216045,0,2593.5107317685452,2593.5107317685452
2024-02-26,sh688041,3359.3835766824022,3359.3835766824022,0,4479.1781022432033,4479.1781022432033
2024-02-26,sz002371,-6011.7578762395187,-6011.7578762395187,0,2593.5107317685452,2593.5107317685452
2024-02-27,sh688041,26203.191898122714,26203.191898122714,0,4479.1781022432033,4479.1781022432033
2024-02-27,sz002371,18577.317371658119,18577.317371658119,0,2593.5107317685452,2593.5107317685452
2024-02-28,sh688041,-52280.832871132487,-21141.720642587916,-31139.112228544574,4479.1781022432033,12404.401881132335
2024-02-28,sz002371,-13006.456319819292,-13006.456319819292,0,2593.5107317685452,2593.5107317685452
2024-02-29,sh688041,22824.099461283538,22824.099461283538,0,12404.401881132335,12404.401881132335
2024-02-29,sz002371,43475.020396636137,43475.020396636137,0,2593.5107317685452,2593.5107317685452
2024-03-01,sh688041,29398.432458283689,29398.432458283689,0,12404.401881132335,12404.401881132335
2024-03-01,sz002371,20810.142287618146,15542.909815488878,5267.2324721292662,2593.5107317685452,3820.8205202078016
2024-03-04,sh688041,-15009.326276170224,-15009.326276170224,0,12404.401881132335,12404.401881132335
2024-03-04,sz002371,53.491487282947446,53.491487282947446,0,3820.8205202078016,3820.8205202078016
2024-03-05,sh688041,248.08803762277361,248.08803762277361,0,12404.401881132335,12404.401881132335
2024-03-05,sz002371,-2968.7775442014113,-2968.7775442014113,0,3820.8205202078016,3820.8205202078016
2024-03-06,sh688041,-23320.275536528909,-23320.275536528909,0,12404.401881132335,12404.401881132335
2024-03-06,sz002371,-340.0530262984891,-340.0530262984891,0,3820.8205202078016,3820.8205202078016
2024-03-07,sh688041,-43663.494621585771,-43663.494621585771,0,12404.401881132335,12404.401881132335
2024-03-07,sz002371,764.16410404151691,764.16410404151691,0,3820.8205202078016,3820.8205202078016
2024-03-08,sh688041,17366.16263358534,17366.16263358534,0,12404.401881132335,12404.401881132335
2024-03-08,sz002371,30001.082724671673,30001.082724671673,0,3820.8205202078016,3820.8205202078016
2024-03-11,sh688041,18730.646840509711,18730.646840509711,0,12404.401881132335,12404.401881132335
2024-03-11,sz002371,10333.184396720102,5150.4660612400585,5182.7183354800445,3820.8205202078016,5456.5128615604863
2024-03-12,sh688041,-47260.771167114224,-47260.771167114224,0,12404.401881132335,12404.401881132335
2024-03-12,sz002371,-21340.421801563069,-21340.421801563069,0,5456.5128615604863,5456.5128615604863
2024-03-13,sh688041,-3721.320564339665,-3721.320564339665,0,12404.401881132335,12404.401881132335
2024-03-13,sz002371,-23888.613307911732,-23888.613307911732,0,5456.5128615604863,5456.5128615604863
2024-03-14,sh688041,13024.621975188917,13024.621975188917,0,12404.401881132335,12404.401881132335
2024-03-14,sz002371,-10994.87341604446,-10994.87341604446,0,5456.5128615604863,5456.5128615604863
2024-03-15,sh688041,-620.2200940565815,-620.2200940565815,0,12404.401881132335,12404.401881132335
2024-03-15,sz002371,-3033.8211510275387,-3033.8211510275387,0,5456.5128615604863,5456.5128615604863
2024-03-18,sh688041,30886.960684019628,30886.960684019628,0,12404.401881132335,12404.401881132335
2024-03-18,sz002371,36498.614530978055,36498.614530978055,0,5456.5128615604863,5456.5128615604863
2024-03-19,sh688041,-31507.180778076206,-31507.180778076206,0,12404.401881132335,12404.401881132335
2024-03-19,sz002371,-12042.523885463959,-12042.523885463959,0,5456.5128615604863,5456.5128615604863
2024-03-20,sh688041,-5706.0248653207964,-5706.0248653207964,0,12404.401881132335,12404.401881132335
2024-03-20,sz002371,4528.9056750951167,4528.9056750951167,0,5456.5128615604863,5456.5128615604863
2024-03-21,sh688041,-12032.269824698527,-12032.269824698527,0,12404.401881132335,12404.401881132335
2024-03-21,sz002371,19801.68517460311,19801.68517460311,0,5456.5128615604863,5456.5128615604863
2024-03-22,sh688041,-5679.8638631673257,11163.961693019171,-16843.825556186497,12404.401881132335,0
2024-03-22,sz002371,46118.44670590922,46118.44670590922,0,5456.5128615604863,5456.5128615604863
2024-03-25,sh688012,-6149.227873669789,-0,-6149.227873669789,0,6199.8406132594591
2024-03-25,sz002371,17340.79787403921,17340.79787403921,0,5456.5128615604863,5456.5128615604863
2024-03-26,sh688012,3390.0262897511511,-16355.179537778486,19745.205827529637,6199.8406132594591,0
2024-03-26,sz002371,589.25714837598571,-23926.808897942683,24516.066046318669,5456.5128615604863,0
2024-04-29,sz002371,24688.36771954066,0,24688.36771954066,0,3542.446982055465
2024-04-29,sz002409,26871.307763372122,0,26871.307763372122,0,7494.1884107082342
2024-04-30,sz002371,-10496.270407830321,-10496.270407830321,0,3542.446982055465,3542.446982055465
2024-04-30,sz002409,-449.65130464251109,-449.65130464251109,0,7494.1884107082342,7494.1884107082342
2024-05-06,sz002371,-549.07928221860107,-549.07928221860107,0,3542.446982055465,3542.446982055465
2024-05-06,sz002409,-9442.6773974923599,-9442.6773974923599,0,7494.1884107082342,7494.1884107082342
2024-05-07,sz002371,-4435.1436215333752,-4435.1436215333752,0,3542.446982055465,3542.446982055465
2024-05-07,sz002409,-12065.643341240253,-12065.643341240253,0,7494.1884107082342,7494.1884107082342
2024-05-08,sz002371,-11257.896508972259,-11257.896508972259,0,3542.446982055465,3542.446982055465
2024-05-08,sz002409,-5320.8737716028527,-5320.8737716028527,0,7494.1884107082342,7494.1884107082342
2024-05-09,sz002371,3202.3720717781275,3202.3720717781275,0,3542.446982055465,3542.446982055465
2024-05-09,sz002409,-674.47695696371341,-674.47695696371341,0,7494.1884107082342,7494.1884107082342
2024-05-10,sz002371,-42194.086003262652,-42194.086003262652,0,3542.446982055465,3542.446982055465
2024-05-10,sz002409,-8918.0842087428355,-8918.0842087428355,0,7494.1884107082342,7494.1884107082342
2024-05-13,sz002371,-11709.152477089163,-16663.670603588937,4954.5181264997727,3542.446982055465,0
2024-05-13,sz002409,1124.1282616062244,1124.1282616062244,0,7494.1884107082342,7494.1884107082342
2024-05-14,sz002409,-6894.6533378515351,-6894.6533378515351,0,7494.1884107082342,7494.1884107082342
2024-05-14,sz300054,-13732.308951325615,-0,-13732.308951325615,0,37221.428571428572
2024-05-15,sz002409,2023.4308708911933,2023.4308708911933,0,7494.1884107082342,7494.1884107082342
2024-05-15,sz300054,-744.42857142855553,-744.42857142855553,0,37221.428571428572,37221.428571428572
2024-05-16,sz002409,374.70942053544366,374.70942053544366,0,7494.1884107082342,7494.1884107082342
2024-05-16,sz300054,-5583.2142857143654,-5583.2142857143654,0,37221.428571428572,37221.428571428572
2024-05-17,sz002409,4346.629278210763,4346.629278210763,0,7494.1884107082342,7494.1884107082342
2024-05-17,sz300054,12655.28571428571,12655.28571428571,0,37221.428571428572,37221.428571428572
2024-05-20,sz002409,17161.691460521852,17161.691460521852,0,7494.1884107082342,7494.1884107082342
2024-05-20,sz300054,-1488.8571428571111,-1488.8571428571111,0,37221.428571428572,37221.428571428572
2024-05-21,sz002409,-5620.6413080311759,-5620.6413080311759,0,7494.1884107082342,7494.1884107082342
2024-05-21,sz300054,-16005.214285714275,-16005.214285714275,0,37221.428571428572,37221.428571428572
2024-05-22,sz002409,-14164.016096238567,-14164.016096238567,0,7494.1884107082342,7494.1884107082342
2024-05-22,sz300054,0,0,0,37221.428571428572,37221.428571428572
2024-05-23,sz002409,-10566.805659098585,-10566.805659098585,0,7494.1884107082342,7494.1884107082342
2024-05-23,sz300054,-5211.0000000000209,-5211.0000000000209,0,37221.428571428572,37221.428571428572
2024-05-24,sz002409,-9067.9679769569702,-9067.9679769569702,0,7494.1884107082342,7494.1884107082342
2024-05-24,sz300054,-11538.64285714281,-11538.64285714281,0,37221.428571428572,37221.428571428572
2024-05-27,sz002409,3016.432712344882,36421.755676042012,-33405.32296369713,7494.1884107082342,0
2024-05-27,sz300054,30521.571428571438,30521.571428571438,0,37221.428571428572,37221.428571428572
2024-05-28,sh688300,-619.33241205771265,0,-619.33241205771265,0,19384.592258549419
2024-05-28,sz300054,-23449.500000000095,-23449.500000000095,0,37221.428571428572,37221.428571428572
2024-05-29,sh688300,-19364.817161734823,-15061.828184892918,-4302.9889768419052,19384.592258549419,27142.903069360229
2024-05-29,sz300054,-14144.142857142821,-14144.142857142821,0,37221.428571428572,37221.428571428572
2024-05-30,sh688300,21931.46568004306,21931.46568004306,0,27142.903069360229,27142.903069360229
2024-05-30,sz300054,-676.51837277143568,19355.142857142841,-20031.661229914276,37221.428571428572,0
2024-05-31,sh688008,-2832.3082348452863,0,-2832.3082348452863,0,20935.82456614482
2024-05-31,sh688300,-12750.058667788593,-9798.5880080389634,-2951.4706597496292,27142.903069360229,35851.342273249458
2024-06-03,sh688008,28682.079655618498,28682.079655618498,0,20935.82456614482,20935.82456614482
2024-06-03,sh688300,250.9593959126708,250.9593959126708,0,35851.342273249458,35851.342273249458
2024-06-04,sh688008,-15492.510178947208,-15492.510178947208,0,20935.82456614482,20935.82456614482
2024-06-04,sh688300,-7708.0385887485008,-7708.0385887485008,0,35851.342273249458,35851.342273249458
2024-06-05,sh688008,-32659.886323185965,-32659.886323185965,0,20935.82456614482,20935.82456614482
2024-06-05,sh688300,8819.4301992191922,8819.4301992191922,0,35851.342273249458,35851.342273249458
2024-06-06,sh688008,-11807.80505530568,-11807.80505530568,0,20935.82456614482,20935.82456614482
2024-06-06,sh688300,1935.9724827555442,1935.9724827555442,0,35851.342273249458,35851.342273249458
2024-06-07,sh688008,-12770.852985348329,-12770.852985348329,0,20935.82456614482,20935.82456614482
2024-06-07,sh688300,-24809.12885308863,-24809.12885308863,0,35851.342273249458,35851.342273249458
2024-06-11,sh688008,10677.270528733965,10677.270528733965,0,20935.82456614482,20935.82456614482
2024-06-11,sh688300,71953.643942411582,71953.643942411582,0,35851.342273249458,35851.342273249458
2024-06-12,sh688008,10258.554037410855,10258.554037410855,0,20935.82456614482,20935.82456614482
2024-06-12,sh688300,65643.807702319871,65643.807702319871,0,35851.342273249458,35851.342273249458
2024-06-13,sh688008,23029.407022759333,23029.407022759333,0,20935.82456614482,20935.82456614482
2024-06-13,sh688300,-10468.591943788899,-10468.591943788899,0,35851.342273249458,35851.342273249458
2024-06-14,sh688008,6280.7473698435351,6280.7473698435351,0,20935.82456614482,20935.82456614482
2024-06-14,sh688300,2760.5533550403979,2760.5533550403979,0,35851.342273249458,35851.342273249458
2024-06-17,sh688008,17376.734389900164,17376.734389900164,0,20935.82456614482,20935.82456614482
2024-06-17,sh688300,61485.051998622686,61485.051998622686,0,35851.342273249458,35851.342273249458
2024-06-18,sh688008,11514.703511379592,11514.703511379592,0,20935.82456614482,20935.82456614482
2024-06-18,sh688300,-29792.465429070409,-29792.465429070409,0,35851.342273249458,35851.342273249458
2024-06-19,sh688008,16539.301407254388,16539.301407254388,0,20935.82456614482,20935.82456614482
2024-06-19,sh688300,-27569.682208128776,-27569.682208128776,0,35851.342273249458,35851.342273249458
2024-06-20,sh688008,19051.600355191862,19051.600355191862,0,20935.82456614482,20935.82456614482
2024-06-20,sh688300,15165.117781584586,15165.117781584586,0,35851.342273249458,35851.342273249458
2024-06-21,sh688008,15283.151933285653,15283.151933285653,0,20935.82456614482,20935.82456614482
2024-06-21,sh688300,-1935.9724827555442,-1935.9724827555442,0,35851.342273249458,35851.342273249458
2024-06-24,sh688008,6699.4638611663486,6699.4638611663486,0,20935.82456614482,20935.82456614482
2024-06-24,sh688300,-86867.802328083242,-86867.802328083242,0,35851.342273249458,35851.342273249458
2024-06-25,sh688008,-11054.967165045353,-45430.739308534292,34375.772143488939,20935.82456614482,0
2024-06-25,sh688300,-33312.641308094135,-71129.063070126984,37816.421762032849,35851.342273249458,13638.87930244963
2024-06-26,sh688300,1123.0512438176629,8810.7160293824709,-7687.664785564808,13638.87930244963,0
2024-07-12,sh688008,19836.019583644375,0,19836.019583644375,0,9428.9180121965328
2024-07-12,sz002281,-3573.7624695301329,-0,-3573.7624695301329,0,12487.991266375546
2024-07-15,sh688008,6446.6368745901873,6034.5075278057866,412.12934678440052,9428.9180121965328,12850.752668218329
2024-07-15,sz002281,-8242.0742358078169,-8242.0742358078169,0,12487.991266375546,12487.991266375546
2024-07-16,sh688008,9381.0494477993398,9381.0494477993398,0,12850.752668218329,12850.752668218329
2024-07-16,sz002281,2497.5982532750559,2497.5982532750559,0,12487.991266375546,12487.991266375546
2024-07-17,sh688008,-42212.470708149522,-23388.369856157362,-18824.10085199216,12850.752668218329,21725.824620177758
2024-07-17,sz002281,-3871.2772925763588,-3871.2772925763588,0,12487.991266375546,12487.991266375546
2024-07-18,sh688008,-4562.4231702371935,-4562.4231702371935,0,21725.824620177758,21725.824620177758
2024-07-18,sz002281,-15110.469432314421,-15110.469432314421,0,12487.991266375546,12487.991266375546
2024-07-19,sh688008,217.25824620173435,217.25824620173435,0,21725.824620177758,21725.824620177758
2024-07-19,sz002281,-5493.2741638584766,-1123.9192139738418,-4369.3549498846351,12487.991266375546,0
2024-07-22,sh688008,19987.758650563574,19987.758650563574,0,21725.824620177758,21725.824620177758
2024-07-22,sz002371,-15204.329821175377,-0,-15204.329821175377,0,4073.7678179928544
2024-07-23,sh688008,-111453.48030151195,-111453.48030151195,0,21725.824620177758,21725.824620177758
2024-07-23,sz002371,-53834.841714775583,-53834.841714775583,0,4073.7678179928544,4073.7678179928544
2024-07-24,sh688008,16224.18440621312,3910.6484316319902,12313.535974581129,21725.824620177758,0
2024-07-24,sz002371,-3486.4541099528506,-9292.2643928417256,5805.810282888875,4073.7678179928544,0
2024-09-27,sh688019,19914.505487843107,0,19914.505487843107,0,6329.2657488527329
2024-09-27,sh688041,36629.459284573983,0,36629.459284573983,0,9186.8220759642609
2024-09-30,sh688019,75109.396641635409,75109.396641635409,0,6329.2657488527329,6329.2657488527329
2024-09-30,sh688041,157921.47148582563,157921.47148582563,0,9186.8220759642609,9186.8220759642609
2024-10-08,sh688019,99008.704109303304,99008.704109303304,0,6329.2657488527329,6329.2657488527329
2024-10-08,sh688041,189799.74408942173,189799.74408942173,0,9186.8220759642609,9186.8220759642609
2024-10-09,sh688019,-89145.588581102231,-67204.14372131828,-21941.444859783951,6329.2657488527329,10152.463862161872
2024-10-09,sh688041,104079.14526009341,64858.963856307702,39220.181403785711,9186.8220759642609,12866.343285505005
2024-10-10,sh688019,-51676.041058403964,-51676.041058403964,0,10152.463862161872,10152.463862161872
2024-10-10,sh688041,385.99029856516478,385.99029856516478,0,12866.343285505005,12866.343285505005
2024-10-11,sh688019,-9270.876611557982,-36112.313957709805,26841.437346151823,10152.463862161872,0
2024-10-11,sh688041,-94310.29628275185,-94310.29628275185,0,12866.343285505005,12866.343285505005
2024-10-14,sh688041,6433.1716427525025,6433.1716427525025,0,12866.343285505005,12866.343285505005
2024-10-14,sh688256,53961.997169110902,0,53961.997169110902,0,2140.2465144653588
2024-10-15,sh688041,-92637.671655636077,-92637.671655636077,0,12866.343285505005,12866.343285505005
2024-10-15,sh688256,-26646.069105093753,-26646.069105093753,0,2140.2465144653588,2140.2465144653588
2024-10-16,sh688041,-44131.557469282074,-44131.557469282074,0,12866.343285505005,12866.343285505005
2024-10-16,sh688256,-19189.450248696365,-19189.450248696365,0,2140.2465144653588,2140.2465144653588
2024-10-17,sh688041,33581.155975168054,33581.155975168054,0,12866.343285505005,12866.343285505005
2024-10-17,sh688256,22838.570555859827,22838.570555859827,0,2140.2465144653588,2140.2465144653588
2024-10-18,sh688041,216283.23062933897,216283.23062933897,0,12866.343285505005,12866.343285505005
2024-10-18,sh688256,102875.22921080641,102875.22921080641,0,2140.2465144653588,2140.2465144653588
2024-10-21,sh688041,-21744.12015250343,-21744.12015250343,0,12866.343285505005,12866.343285505005
2024-10-21,sh688256,20527.104320237275,20527.104320237275,0,2140.2465144653588,2140.2465144653588
2024-10-22,sh688041,-41043.635080760934,-41043.635080760934,0,12866.343285505005,12866.343285505005
2024-10-22,sh688256,-33036.845197287352,-33036.845197287352,0,2140.2465144653588,2140.2465144653588
2024-10-23,sh688041,-39757.000752210326,-39757.000752210326,0,12866.343285505005,12866.343285505005
2024-10-23,sh688256,-2874.3510689268933,-2874.3510689268933,0,2140.2465144653588,2140.2465144653588
2024-10-24,sh688041,-15696.938808316092,-15696.938808316092,0,12866.343285505005,12866.343285505005
2024-10-24,sh688256,8905.5657466903613,8905.5657466903613,0,2140.2465144653588,2140.2465144653588
2024-10-25,sh688041,-23159.417913909154,-23159.417913909154,0,12866.343285505005,12866.343285505005
2024-10-25,sh688256,-4753.4875086275697,-4753.4875086275697,0,2140.2465144653588,2140.2465144653588
2024-10-28,sh688041,7333.8156727379483,7333.8156727379483,0,12866.343285505005,12866.343285505005
2024-10-28,sh688256,18399.699284858645,18399.699284858645,0,2140.2465144653588,2140.2465144653588
2024-10-29,sh688041,50950.719410599741,50950.719410599741,0,12866.343285505005,12866.343285505005
2024-10-29,sh688256,-990.93413619750879,-990.93413619750879,0,2140.2465144653588,2140.2465144653588
2024-10-30,sh688041,-17240.900002576567,-17240.900002576567,0,12866.343285505005,12866.343285505005
2024-10-30,sh688256,16146.019705126751,16146.019705126751,0,2140.2465144653588,2140.2465144653588
2024-10-31,sh688041,41558.288812181032,41558.288812181032,0,12866.343285505005,12866.343285505005
2024-10-31,sh688256,11993.941467063838,11993.941467063838,0,2140.2465144653588,2140.2465144653588
2024-11-01,sh688041,-58413.19851619262,-58413.19851619262,0,12866.343285505005,12866.343285505005
2024-11-01,sh688256,-61176.806369477825,-61176.806369477825,0,2140.2465144653588,2140.2465144653588
2024-11-04,sh688041,7333.8156727377655,7333.8156727377655,0,12866.343285505005,12866.343285505005
2024-11-04,sh688256,-100.59158617992637,-100.59158617992637,0,2140.2465144653588,2140.2465144653588
2024-11-05,sh688041,62144.438068989337,62144.438068989337,0,12866.343285505005,12866.343285505005
2024-11-05,sh688256,38667.833776845655,38667.833776845655,0,2140.2465144653588,2140.2465144653588
2024-11-06,sh688041,50307.402246324527,50307.402246324527,0,12866.343285505005,12866.343285505005
2024-11-06,sh688256,26057.501313615769,26057.501313615769,0,2140.2465144653588,2140.2465144653588
2024-11-07,sh688041,110135.89852392288,110135.89852392288,0,12866.343285505005,12866.343285505005
2024-11-07,sh688256,28726.388717154099,28726.388717154099,0,2140.2465144653588,2140.2465144653588
2024-11-08,sh688041,-61243.794039004075,-61243.794039004075,0,12866.343285505005,12866.343285505005
2024-11-08,sh688256,-64637.584983368346,-64637.584983368346,0,2140.2465144653588,2140.2465144653588
2024-11-11,sh688041,26504.667168140339,26504.667168140339,0,12866.343285505005,12866.343285505005
2024-11-11,sh688256,-704.14110325911963,-704.14110325911963,0,2140.2465144653588,2140.2465144653588
2024-11-12,sh688041,-124031.54927226808,-124031.54927226808,0,12866.343285505005,12866.343285505005
2024-11-12,sh688256,-10801.824158506599,-10801.824158506599,0,2140.2465144653588,2140.2465144653588
2024-11-13,sh688041,27019.320899560436,27019.320899560436,0,12866.343285505005,12866.343285505005
2024-11-13,sh688256,73271.339422721459,73271.339422721459,0,2140.2465144653588,2140.2465144653588
2024-11-14,sh688041,-61887.111203279106,-61887.111203279106,0,12866.343285505005,12866.343285505005
2024-11-14,sh688256,-7182.6673025457321,-7182.6673025457321,0,2140.2465144653588,2140.2465144653588
2024-11-15,sh688041,-61758.447770423991,-61758.447770423991,0,12866.343285505005,12866.343285505005
2024-11-15,sh688256,-22003.874415218368,-22003.874415218368,0,2140.2465144653588,2140.2465144653588
2024-11-18,sh688041,10093.761244581958,15568.275375460975,-5474.514130879018,12866.343285505005,0
2024-11-18,sh688256,-7212.6307537481471,-7212.6307537481471,0,2140.2465144653588,2140.2465144653588
2024-11-19,sh600206,-1805.0199875997764,-0,-1805.0199875997764,0,73934.544703696054
2024-11-19,sh688256,17725.521632802065,17725.521632802065,0,2140.2465144653588,2140.2465144653588
2024-11-20,sh600206,144911.70761924432,144911.70761924432,0,73934.544703696054,73934.544703696054
2024-11-20,sh688256,20109.756249916543,20109.756249916543,0,2140.2465144653588,2140.2465144653588
2024-11-21,sh600206,47318.108610365518,47318.108610365518,0,73934.544703696054,73934.544703696054
2024-11-21,sh688256,56481.10551674079,56481.10551674079,0,2140.2465144653588,2140.2465144653588
2024-11-22,sh600206,85764.071856287439,85764.071856287439,0,73934.544703696054,73934.544703696054
2024-11-22,sh688256,-32060.892786691114,-32060.892786691114,0,2140.2465144653588,2140.2465144653588
2024-11-25,sh600206,173006.83460664874,173006.83460664874,0,73934.544703696054,73934.544703696054
2024-11-25,sh688256,-4310.4564801332544,-4310.4564801332544,0,2140.2465144653588,2140.2465144653588
2024-11-26,sh600206,-190011.77988849889,-190011.77988849889,0,73934.544703696054,73934.544703696054
2024-11-26,sh688256,-4451.7127500879124,-4451.7127500879124,0,2140.2465144653588,2140.2465144653588
2024-11-27,sh600206,-170788.79826553806,-170788.79826553806,0,73934.544703696054,73934.544703696054
2024-11-27,sh688256,69881.188943808447,69881.188943808447,0,2140.2465144653588,2140.2465144653588
2024-11-28,sh600206,59317.387135350175,-30313.163328515391,89630.550463865569,73934.544703696054,0
2024-11-28,sh688256,16488.459147441139,16488.459147441139,0,2140.2465144653588,2140.2465144653588
2024-11-29,sh688256,42480.041683746735,21503.056730833392,20976.984952913346,2140.2465144653588,3846.5472378245686
2024-12-02,sh688120,1039.4916609876623,0,1039.4916609876623,0,1269.6758388756971
2024-12-02,sh688256,2584.8797438182082,2584.8797438182082,0,3846.5472378245686,3846.5472378245686
2024-12-03,sh688120,-3194.5044106112605,-3194.5044106112605,0,1269.6758388756971,1269.6758388756971
2024-12-03,sh688256,20625.186289215206,20625.186289215206,0,3846.5472378245686,3846.5472378245686
2024-12-04,sh688120,-1651.8482663772843,-1651.8482663772843,0,1269.6758388756971,1269.6758388756971
2024-12-04,sh688256,-44893.052812650509,-44893.052812650509,0,3846.5472378245686,3846.5472378245686
2024-12-05,sh688120,-298.37382213578809,-298.37382213578809,0,1269.6758388756971,1269.6758388756971
2024-12-05,sh688256,45227.702422341426,45227.702422341426,0,3846.5472378245686,3846.5472378245686
2024-12-06,sh688120,2126.7070301167892,2126.7070301167892,0,1269.6758388756971,1269.6758388756971
2024-12-06,sh688256,-42646.669225761172,-42646.669225761172,0,3846.5472378245686,3846.5472378245686
2024-12-09,sh688120,-4833.6559185997812,-4833.6559185997812,0,1269.6758388756971,1269.6758388756971
2024-12-09,sh688256,-37692.316383442863,-37692.316383442863,0,3846.5472378245686,3846.5472378245686
2024-12-10,sh688120,4678.415483176891,1792.7822844924922,2885.6331986843988,1269.6758388756971,0
2024-12-10,sh688256,-1469.3810448490044,-1469.3810448490044,0,3846.5472378245686,3846.5472378245686
2024-12-11,sh688249,-8473.5858611043677,-0,-8473.5858611043677,0,22662.416830836712
2024-12-11,sh688256,16443.989441699945,16443.989441699945,0,3846.5472378245686,3846.5472378245686
2024-12-12,sh688249,5438.9800394008562,5438.9800394008562,0,22662.416830836712,22662.416830836712
2024-12-12,sh688256,83100.806525962136,83100.806525962136,0,3846.5472378245686,3846.5472378245686
2024-12-13,sh688249,1133.1208415418516,1133.1208415418516,0,22662.416830836712,22662.416830836712
2024-12-13,sh688256,-23210.066033033414,-23210.066033033414,0,3846.5472378245686,3846.5472378245686
2024-12-16,sh688249,-46004.706166598553,-46004.706166598553,0,22662.416830836712,22662.416830836712
2024-12-16,sh688256,18717.298859254293,18717.298859254293,0,3846.5472378245686,3846.5472378245686
2024-12-17,sh688249,-7251.9733858677546,-7251.9733858677546,0,22662.416830836712,22662.416830836712
2024-12-17,sh688256,-13551.385918856049,-13551.385918856049,0,3846.5472378245686,3846.5472378245686
2024-12-18,sh688249,0,0,0,22662.416830836712,22662.416830836712
2024-12-18,sh688256,122751.01545345776,122751.01545345776,0,3846.5472378245686,3846.5472378245686
2024-12-19,sh688249,-3852.6108612422795,-3852.6108612422795,0,22662.416830836712,22662.416830836712
2024-12-19,sh688256,47681.799560073188,47681.799560073188,0,3846.5472378245686,3846.5472378245686
2024-12-20,sh688249,-517.67241429021306,21076.047652678215,-21593.720066968428,22662.416830836712,0
2024-12-20,sh688256,103083.61942646075,103083.61942646075,0,3846.5472378245686,3846.5472378245686
2024-12-23,sh688205,3423.0020426736883,-0,3423.0020426736883,0,1859.301503366434
2024-12-23,sh688256,-70218.719826487475,-70218.719826487475,0,3846.5472378245686,3846.5472378245686
2024-12-24,sh688205,-6721.3749346696623,-6721.3749346696623,0,1859.301503366434,1859.301503366434
2024-12-24,sh688256,27237.400991035618,27237.400991035618,0,3846.5472378245686,3846.5472378245686
2024-12-25,sh688205,728.8461893196345,728.8461893196345,0,1859.301503366434,1859.301503366434
2024-12-25,sh688256,7227.662259872438,7227.662259872438,0,3846.5472378245686,3846.5472378245686
2024-12-26,sh688205,17577.836412826269,17577.836412826269,0,1859.301503366434,1859.301503366434
2024-12-26,sh688256,-28037.48281650323,-28037.48281650323,0,3846.5472378245686,3846.5472378245686
2024-12-27,sh688205,-9393.3211677400341,-4648.2537584160846,-4745.0674093239495,1859.301503366434,5650.5825842218792
2024-12-27,sh688256,2219.4577562247691,2219.4577562247691,0,3846.5472378245686,3846.5472378245686
2024-12-30,sh688205,13776.120340332955,13776.120340332955,0,5650.5825842218792,5650.5825842218792
2024-12-30,sh688256,81062.136489915007,81062.136489915007,0,3846.5472378245686,3846.5472378245686
2024-12-31,sh688205,-19647.075645339497,-19647.075645339497,0,5650.5825842218792,5650.5825842218792
2024-12-31,sh688256,-65829.809428129796,-65829.809428129796,0,3846.5472378245686,3846.5472378245686
2025-01-02,sh688205,-13666.037044080716,-24772.15404922872,11106.117005148004,5650.5825842218792,0
2025-01-02,sh688256,-15840.991180701012,-31960.960999084222,16119.96981838321,3846.5472378245686,0
2025-01-16,sh603986,-14240.26876459778,-0,-14240.26876459778,0,3529.1265842113303
2025-01-16,sh688256,-63698.327016112773,-0,-63698.327016112773,0,1000.4818356636526
2025-01-17,sh603986,23256.944189952628,23256.944189952628,0,3529.1265842113303,3529.1265842113303
2025-01-17,sh688256,-12094.317042826589,-1342.6466234606064,-10751.670419365983,1000.4818356636526,0
2025-01-20,sh603986,-13263.084669039967,-6317.1365857382534,-6945.9480833017133,3529.1265842113303,7057.6584816012037
2025-01-21,sh603986,-6351.8926334411235,-6351.8926334411235,0,7057.6584816012037,7057.6584816012037
2025-01-21,sh688205,16008.074636479878,0,16008.074636479878,0,15956.558156702964
2025-01-22,sh603986,29006.976359381042,29006.976359381042,0,7057.6584816012037,7057.6584816012037
2025-01-22,sh688205,180548.45554309399,180548.45554309399,0,15956.558156702964,15956.558156702964
2025-01-23,sh603986,-40510.959684390975,-40510.959684390975,0,7057.6584816012037,7057.6584816012037
2025-01-23,sh688205,-47135.672794900682,-47135.672794900682,0,15956.558156702964,15956.558156702964
2025-01-24,sh603986,211.72975444804413,211.72975444804413,0,7057.6584816012037,7057.6584816012037
2025-01-24,sh688205,70097.15998239613,70097.15998239613,0,15956.558156702964,15956.558156702964
2025-01-27,sh603986,-21878.741292963692,-21878.741292963692,0,7057.6584816012037,7057.6584816012037
2025-01-27,sh688205,-113291.56291259095,-113291.56291259095,0,15956.558156702964,15956.558156702964
2025-02-05,sh603986,56108.384928729487,56108.384928729487,0,7057.6584816012037,7057.6584816012037
2025-02-05,sh688205,-144470.67755078868,-144470.67755078868,0,15956.558156702964,15956.558156702964
2025-02-06,sh603986,37264.436782854362,37264.436782854362,0,7057.6584816012037,7057.6584816012037
2025-02-06,sh688205,145811.02843595177,145811.02843595177,0,15956.558156702964,15956.558156702964
2025-02-07,sh603986,-14609.353056914444,-14609.353056914444,0,7057.6584816012037,7057.6584816012037
2025-02-07,sh688205,53023.642754723842,53023.642754723842,0,15956.558156702964,15956.558156702964
2025-02-10,sh603986,-27736.59783269278,-27736.59783269278,0,7057.6584816012037,7057.6584816012037
2025-02-10,sh688205,-28227.151379207629,-28227.151379207629,0,15956.558156702964,15956.558156702964
2025-02-11,sh603986,-4446.3248434087263,-4446.3248434087263,0,7057.6584816012037,7057.6584816012037
2025-02-11,sh688205,71198.162495208671,71198.162495208671,0,15956.558156702964,15956.558156702964
2025-02-12,sh603986,6916.5053119691074,6916.5053119691074,0,7057.6584816012037,7057.6584816012037
2025-02-12,sh688205,34976.775479493015,34976.775479493015,0,15956.558156702964,15956.558156702964
2025-02-13,sh603986,-51520.906915688669,-51520.906915688669,0,7057.6584816012037,7057.6584816012037
2025-02-13,sh688205,-64815.539232527401,-64815.539232527401,0,15956.558156702964,15956.558156702964
2025-02-14,sh603986,-2540.7570533764292,-2540.7570533764292,0,7057.6584816012037,7057.6584816012037
2025-02-14,sh688205,-55097.995315095381,-55097.995315095381,0,15956.558156702964,15956.558156702964
2025-02-17,sh603986,1199.8019418722167,1199.8019418722167,0,7057.6584816012037,7057.6584816012037
2025-02-17,sh688205,16195.906529053518,16195.906529053518,0,15956.558156702964,15956.558156702964
2025-02-18,sh603986,-28371.787096036911,-28371.787096036911,0,7057.6584816012037,7057.6584816012037
2025-02-18,sh688205,-31913.116313405928,-31913.116313405928,0,15956.558156702964,15956.558156702964
2025-02-19,sh603986,28512.940265668905,28512.940265668905,0,7057.6584816012037,7057.6584816012037
2025-02-19,sh688205,35966.082085208334,35966.082085208334,0,15956.558156702964,15956.558156702964
2025-02-20,sh603986,6210.7394638090273,6210.7394638090273,0,7057.6584816012037,7057.6584816012037
2025-02-20,sh688205,54252.297732790168,54252.297732790168,0,15956.558156702964,15956.558156702964
2025-02-21,sh603986,68176.980932267703,68176.980932267703,0,7057.6584816012037,7057.6584816012037
2025-02-21,sh688205,-8233.5840088588138,-8233.5840088588138,0,15956.558156702964,15956.558156702964
2025-02-24,sh603986,34935.409483925876,34935.409483925876,0,7057.6584816012037,7057.6584816012037
2025-02-24,sh688205,-151954.30332628227,-151954.30332628227,0,15956.558156702964,15956.558156702964
2025-02-25,sh603986,-42345.950889607222,-42345.950889607222,0,7057.6584816012037,7057.6584816012037
2025-02-25,sh688205,-34500.016163488232,-43928.404605403259,9428.3884419150272,15956.558156702964,0
2025-02-26,sh603986,-1623.2614507682047,-1623.2614507682047,0,7057.6584816012037,7057.6584816012037
2025-02-26,sh688256,22426.696082497205,0,22426.696082497205,0,2593.1076060408
2025-02-27,sh603986,-21384.705199251654,-21384.705199251654,0,7057.6584816012037,7057.6584816012037
2025-02-27,sh688256,1742.5683112594836,1742.5683112594836,0,2593.1076060408,2593.1076060408
2025-02-28,sh603986,-13480.127699858274,-13480.127699858274,0,7057.6584816012037,7057.6584816012037
2025-02-28,sh688256,-105396.85864752826,-105396.85864752826,0,2593.1076060408,2593.1076060408
2025-03-03,sh603986,-15879.731583602708,-15879.731583602708,0,7057.6584816012037,7057.6584816012037
2025-03-03,sh688256,-73737.607885376128,-73737.607885376128,0,2593.1076060408,2593.1076060408
2025-03-04,sh603986,34723.679729477837,34723.679729477837,0,7057.6584816012037,7057.6584816012037
2025-03-04,sh688256,-13069.262334445684,-13069.262334445684,0,2593.1076060408,2593.1076060408
2025-03-05,sh603986,9739.5687046096282,9739.5687046096282,0,7057.6584816012037,7057.6584816012037
2025-03-05,sh688256,44969.672103959514,44969.672103959514,0,2593.1076060408,2593.1076060408
2025-03-06,sh603986,13056.668190962188,13056.668190962188,0,7057.6584816012037,7057.6584816012037
2025-03-06,sh688256,110686.79816385169,110686.79816385169,0,2593.1076060408,2593.1076060408
2025-03-07,sh603986,-21525.85836888355,-21525.85836888355,0,7057.6584816012037,7057.6584816012037
2025-03-07,sh688256,-43509.752521758717,-43509.752521758717,0,2593.1076060408,2593.1076060408
2025-03-10,sh603986,-15244.542320258575,-15244.542320258575,0,7057.6584816012037,7057.6584816012037
2025-03-10,sh688256,50469.653336372146,50469.653336372146,0,2593.1076060408,2593.1076060408
2025-03-11,sh603986,-30630.237810149247,-30630.237810149247,0,7057.6584816012037,7057.6584816012037
2025-03-11,sh688256,22624.863862706039,22624.863862706039,0,2593.1076060408,2593.1076060408
2025-03-12,sh603986,6946.7791944873134,2117.297544480341,4829.4816500069728,7057.6584816012037,0
2025-03-12,sh688256,-31327.33298857895,-31327.33298857895,0,2593.1076060408,2593.1076060408
2025-03-13,sh688256,-55707.730700574517,-55707.730700574517,0,2593.1076060408,2593.1076060408
2025-03-14,sh688256,27862.941226908406,27862.941226908406,0,2593.1076060408,2593.1076060408
2025-03-17,sh688256,-10963.658958340524,-10963.658958340524,0,2593.1076060408,2593.1076060408
2025-03-17,sh688409,-3265.9834155246044,0,-3265.9834155246044,0,15897.472143799803
2025-03-18,sh688256,-2958.7357784926035,-2958.7357784926035,0,2593.1076060408,2593.1076060408
2025-03-18,sh688409,-16533.371029551781,-16533.371029551781,0,15897.472143799803,15897.472143799803
2025-03-19,sh688256,-80230.749330902341,-80230.749330902341,0,2593.1076060408,2593.1076060408
2025-03-19,sh688409,-13671.826043667821,-13671.826043667821,0,15897.472143799803,15897.472143799803
2025-03-20,sh688256,-2786.9498695845537,-469.35247669334115,-2317.5973928912126,2593.1076060408,1882.3446237373478
2025-03-20,sh688409,-7048.1673355552375,-9220.5338434039713,2172.3665078487338,15897.472143799803,11537.270937251948
2025-03-21,sh688256,-18683.92124330797,-23472.837458004778,4788.9162146968092,1882.3446237373478,1583.7139625735463
2025-03-21,sh688409,-3922.6721186656196,-3922.6721186656196,0,11537.270937251948,11537.270937251948
2025-03-24,sh688256,-7696.7277688378972,-923.30524018032997,-6773.4225286575675,1583.7139625735463,0
2025-03-24,sh688409,11306.525518506873,11306.525518506873,0,11537.270937251948,11537.270937251948
2025-03-25,sh688037,-11127.442425028477,-0,-11127.442425028477,0,4264.0453546492408
2025-03-25,sh688409,-31496.74965869778,-31496.74965869778,0,11537.270937251948,11537.270937251948
2025-03-26,sh688037,-13815.506949063518,-13815.506949063518,0,4264.0453546492408,4264.0453546492408
2025-03-26,sh688409,4499.5356655282658,4499.5356655282658,0,11537.270937251948,11537.270937251948
2025-03-27,sh688037,2814.2699340684844,2814.2699340684844,0,4264.0453546492408,4264.0453546492408
2025-03-27,sh688409,62301.263061160498,62301.263061160498,0,11537.270937251948,11537.270937251948
2025-03-28,sh688037,-4519.8880759282047,-4519.8880759282047,0,4264.0453546492408,4264.0453546492408
2025-03-28,sh688409,-13152.488868467226,-13152.488868467226,0,11537.270937251948,11537.270937251948
2025-03-31,sh688037,6225.5062177879254,6225.5062177879254,0,4264.0453546492408,4264.0453546492408
2025-03-31,sh688409,4499.5356655282658,4499.5356655282658,0,11537.270937251948,11537.270937251948
2025-04-01,sh688037,298.48317482541779,298.48317482541779,0,4264.0453546492408,4264.0453546492408
2025-04-01,sh688409,-28035.568377522228,-28035.568377522228,0,11537.270937251948,11537.270937251948
2025-04-02,sh688037,-17226.743232782959,-17226.743232782959,0,4264.0453546492408,4264.0453546492408
2025-04-02,sh688409,-11306.525518506955,-11306.525518506955,0,11537.270937251948,11537.270937251948
2025-04-03,sh688037,6353.4275784274078,6353.4275784274078,0,4264.0453546492408,4264.0453546492408
2025-04-03,sh688409,-17767.397243367988,-17767.397243367988,0,11537.270937251948,11537.270937251948
2025-04-07,sh688037,-32321.463788241239,-32321.463788241239,0,4264.0453546492408,4264.0453546492408
2025-04-07,sh688409,-51796.106151164742,-91605.931241780432,39809.82509061569,11537.270937251948,0
2025-04-08,sh688037,2914.5115216217437,9551.461594414277,-6636.9500727925333,4264.0453546492408,0
2025-04-16,sh688268,3854.5457644419384,-0,3854.5457644419384,0,8703.1446009389674
2025-04-16,sz002371,36018.835466556295,0,36018.835466556295,0,2712.6028918338284
2025-04-17,sh688268,-6179.232666666674,-6179.232666666674,0,8703.1446009389674,8703.1446009389674
2025-04-17,sz002371,-9363.9051826103714,-9363.9051826103714,0,2712.6028918338284,2712.6028918338284
2025-04-18,sh688268,-16013.786065727669,-16013.786065727669,0,8703.1446009389674,8703.1446009389674
2025-04-18,sz002371,-19709.772612064651,-19709.772612064651,0,2712.6028918338284,2712.6028918338284
2025-04-21,sh688268,6179.232666666674,6179.232666666674,0,8703.1446009389674,8703.1446009389674
2025-04-21,sz002371,5745.2929249040353,5745.2929249040353,0,2712.6028918338284,2712.6028918338284
2025-04-22,sh688268,17319.257755868501,17319.257755868501,0,8703.1446009389674,8703.1446009389674
2025-04-22,sz002371,10991.46691771073,10991.46691771073,0,2712.6028918338284,2712.6028918338284
2025-04-23,sh688268,-11401.119427230005,-11401.119427230005,0,8703.1446009389674,8703.1446009389674
2025-04-23,sz002371,-12176.874381442145,-12176.874381442145,0,2712.6028918338284,2712.6028918338284
2025-04-24,sh688268,-22802.238854460134,-22802.238854460134,0,8703.1446009389674,8703.1446009389674
2025-04-24,sz002371,783.94223573994191,783.94223573994191,0,2712.6028918338284,2712.6028918338284
2025-04-25,sh688268,696.25156807516441,696.25156807516441,0,8703.1446009389674,8703.1446009389674
2025-04-25,sz002371,-5826.6710116589757,-5826.6710116589757,0,2712.6028918338284,2712.6028918338284
2025-04-28,sh688268,2262.8175962441142,2262.8175962441142,0,8703.1446009389674,8703.1446009389674
2025-04-28,sz002371,2289.436840707735,2289.436840707735,0,2712.6028918338284,2712.6028918338284
2025-04-29,sh688268,3829.3836244131257,3829.3836244131257,0,8703.1446009389674,8703.1446009389674
2025-04-29,sz002371,0,0,0,2712.6028918338284,2712.6028918338284
2025-04-30,sh688268,3046.1006103286509,3046.1006103286509,0,8703.1446009389674,8703.1446009389674
2025-04-30,sz002371,-6952.4012117700704,-6952.4012117700704,0,2712.6028918338284,2712.6028918338284
2025-05-06,sh688268,18798.792338028201,18798.792338028201,0,8703.1446009389674,8703.1446009389674
2025-05-06,sz002371,13283.616361310234,13283.616361310234,0,2712.6028918338284,2712.6028918338284
2025-05-07,sh688268,-2349.8490422535483,-2349.8490422535483,0,8703.1446009389674,8703.1446009389674
2025-05-07,sz002371,-18627.444058222951,-18627.444058222951,0,2712.6028918338284,2712.6028918338284
2025-05-08,sh688268,-522.18867605635785,-522.18867605635785,0,8703.1446009389674,8703.1446009389674
2025-05-08,sz002371,1185.407463731415,1185.407463731415,0,2712.6028918338284,2712.6028918338284
2025-05-09,sh688268,-13402.842685446003,-13402.842685446003,0,8703.1446009389674,8703.1446009389674
2025-05-09,sz002371,-16153.550220870406,-16153.550220870406,0,2712.6028918338284,2712.6028918338284
2025-05-12,sh688268,1305.4716901408328,1305.4716901408328,0,8703.1446009389674,8703.1446009389674
2025-05-12,sz002371,2600.1227836797661,-8379.230332874693,10979.353116554459,2712.6028918338284,0
2025-05-13,sh600206,-66453.05586062037,-0,-66453.05586062037,0,83662.379421221864
2025-05-13,sh688268,-7397.6729107980727,-7397.6729107980727,0,8703.1446009389674,8703.1446009389674
2025-05-14,sh600206,-836.62379421234937,-836.62379421234937,0,83662.379421221864,83662.379421221864
2025-05-14,sh688268,4003.4465164318708,4003.4465164318708,0,8703.1446009389674,8703.1446009389674
2025-05-15,sh600206,2509.8713826367512,2509.8713826367512,0,83662.379421221864,83662.379421221864
2025-05-15,sh688268,-23759.584760563353,-23759.584760563353,0,8703.1446009389674,8703.1446009389674
2025-05-16,sh600206,1673.2475884244016,1673.2475884244016,0,83662.379421221864,83662.379421221864
2025-05-16,sh688268,1343.572222580874,-5657.0439906103165,7000.6162131911906,8703.1446009389674,0
2025-05-19,sh600206,-45177.684887459734,-45177.684887459734,0,83662.379421221864,83662.379421221864
2025-05-20,sh600206,0,0,0,83662.379421221864,83662.379421221864
2025-05-21,sh600206,58563.665594855243,58563.665594855243,0,83662.379421221864,83662.379421221864
2025-05-22,sh600206,-61073.536977491996,-61073.536977491996,0,83662.379421221864,83662.379421221864
2025-05-23,sh600206,-49360.803858520885,-49360.803858520885,0,83662.379421221864,83662.379421221864
2025-05-23,sz300604,-11619.928311113854,-0,-11619.928311113854,0,28732.468735525708
2025-05-26,sh600206,-14251.920508813706,5019.7427652735023,-19271.663274087208,83662.379421221864,0
2025-05-26,sz300604,-1149.2987494210038,-1149.2987494210038,0,28732.468735525708,28732.468735525708
2025-05-27,sh688205,-25325.450990010031,-0,-25325.450990010031,0,22877.634095711161
2025-05-27,sz300604,-22124.000926354682,-22124.000926354682,0,28732.468735525708,28732.468735525708
2025-05-28,sh688205,92402.76411257741,92402.76411257741,0,22877.634095711161,22877.634095711161
2025-05-28,sz300604,-31893.040296433723,-31893.040296433723,0,28732.468735525708,28732.468735525708
2025-05-29,sh688205,44519.875950253874,44519.875950253874,0,22877.634095711161,22877.634095711161
2025-05-29,sz300604,-2354.709596755245,18676.104678091873,-21030.814274847118,28732.468735525708,0
2025-05-30,sh688205,-75267.416174889702,-75267.416174889702,0,22877.634095711161,22877.634095711161
2025-06-03,sh688205,-51932.229397264244,-51932.229397264244,0,22877.634095711161,22877.634095711161
2025-06-04,sh688008,-3471.3321624371042,-0,-3471.3321624371042,0,17305.703117169491
2025-06-04,sh688205,141383.77871149496,141383.77871149496,0,22877.634095711161,22877.634095711161
2025-06-05,sh688008,60569.960910093214,60569.960910093214,0,17305.703117169491,17305.703117169491
2025-06-05,sh688205,109126.3146365423,109126.3146365423,0,22877.634095711161,22877.634095711161
2025-06-06,sh688008,692.22812468688778,692.22812468688778,0,17305.703117169491,17305.703117169491
2025-06-06,sh688205,-75724.96885680416,-75724.96885680416,0,22877.634095711161,22877.634095711161
2025-06-09,sh688008,865.28515585842536,865.28515585842536,0,17305.703117169491,17305.703117169491
2025-06-09,sh688205,9837.3826611557924,9837.3826611557924,0,22877.634095711161,22877.634095711161
2025-06-10,sh688008,-35995.86248371251,-35995.86248371251,0,17305.703117169491,17305.703117169491
2025-06-10,sh688205,62913.49376320569,62913.49376320569,0,22877.634095711161,22877.634095711161
2025-06-11,sh688008,3980.3117169490515,3980.3117169490515,0,17305.703117169491,17305.703117169491
2025-06-11,sh688205,-28368.266278681724,-28368.266278681724,0,22877.634095711161,22877.634095711161
2025-06-12,sh688008,-13152.334369048902,-13152.334369048902,0,17305.703117169491,17305.703117169491
2025-06-12,sh688205,52161.005738221473,52161.005738221473,0,22877.634095711161,22877.634095711161
2025-06-13,sh688008,-39457.003107146462,-39457.003107146462,0,17305.703117169491,17305.703117169491
2025-06-13,sh688205,-10981.264365941448,-10981.264365941448,0,22877.634095711161,22877.634095711161
2025-06-16,sh688008,9345.0796832716333,9345.0796832716333,0,17305.703117169491,17305.703117169491
2025-06-16,sh688205,93340.747110501499,93340.747110501499,0,22877.634095711161,22877.634095711161
2025-06-17,sh688008,3634.1976546054848,3634.1976546054848,0,17305.703117169491,17305.703117169491
2025-06-17,sh688205,32715.016756867117,32715.016756867117,0,22877.634095711161,22877.634095711161
2025-06-18,sh688008,13844.562493735544,13844.562493735544,0,17305.703117169491,17305.703117169491
2025-06-18,sh688205,112100.4070689845,112100.4070689845,0,22877.634095711161,22877.634095711161
2025-06-19,sh688008,12979.277337877118,12979.277337877118,0,17305.703117169491,17305.703117169491
2025-06-19,sh688205,-17844.554594654732,-17844.554594654732,0,22877.634095711161,22877.634095711161
2025-06-20,sh688008,4672.5398416359394,4672.5398416359394,0,17305.703117169491,17305.703117169491
2025-06-20,sh688205,-197433.98224598722,-197433.98224598722,0,22877.634095711161,22877.634095711161
2025-06-23,sh688008,-61608.303097123426,-61608.303097123426,0,17305.703117169491,17305.703117169491
2025-06-23,sh688205,-2645.0492047097941,-97687.497588686558,95042.448383976764,22877.634095711161,0
2025-06-24,sh688008,12153.991237127655,17997.931241856131,-5843.9400047284762,17305.703117169491,0
2025-06-25,sh601869,3587.1691292925825,0,3587.1691292925825,0,27097.811416624765
2025-06-25,sh603986,4478.226323482143,0,4478.226323482143,0,12307.33715392687
2025-06-26,sh601869,10026.190224151287,10026.190224151287,0,27097.811416624765,27097.811416624765
2025-06-26,sh603986,-27691.508596335458,-27691.508596335458,0,12307.33715392687,12307.33715392687
2025-06-27,sh601869,30681.657336579672,23846.07404662967,6835.5832899500028,27097.811416624765,35316.764386340707
2025-06-27,sh603986,38029.671805634069,38029.671805634069,0,12307.33715392687,12307.33715392687
2025-06-30,sh601869,33197.758523160184,33197.758523160184,0,35316.764386340707,35316.764386340707
2025-06-30,sh603986,2338.3940592460772,2338.3940592460772,0,12307.33715392687,12307.33715392687
2025-07-01,sh601869,-23662.232138848081,-23662.232138848081,0,35316.764386340707,35316.764386340707
2025-07-01,sh603986,-30891.416256356333,-30891.416256356333,0,12307.33715392687,12307.33715392687
2025-07-02,sh601869,-33550.926167023768,-33550.926167023768,0,35316.764386340707,35316.764386340707
2025-07-02,sh603986,-37414.304947937759,-37414.304947937759,0,12307.33715392687,12307.33715392687
2025-07-03,sh601869,10241.861672038774,10241.861672038774,0,35316.764386340707,35316.764386340707
2025-07-03,sh603986,-3332.9466418279817,-11322.750181612741,7989.8035397847589,12307.33715392687,0
2025-07-04,sh601869,-43792.787839062294,-43792.787839062294,0,35316.764386340707,35316.764386340707
2025-07-04,sh688498,-24999.258946671809,-0,-24999.258946671809,0,5618.6906357004609
2025-07-07,sh601869,-19777.388056350876,-19777.388056350876,0,35316.764386340707,35316.764386340707
2025-07-07,sh688498,2208.1454198302849,2208.1454198302849,0,5618.6906357004609,5618.6906357004609
2025-07-08,sh601869,62510.672963822908,62510.672963822908,0,35316.764386340707,35316.764386340707
2025-07-08,sh688498,61401.051266934621,61401.051266934621,0,5618.6906357004609,5618.6906357004609
2025-07-09,sh601869,-24721.735070438343,-24721.735070438343,0,35316.764386340707,35316.764386340707
2025-07-09,sh688498,-23272.616613071285,-23272.616613071285,0,5618.6906357004609,5618.6906357004609
2025-07-10,sh601869,13420.370466809309,13420.370466809309,0,35316.764386340707,35316.764386340707
2025-07-10,sh688498,-20440.796532678305,-20440.796532678305,0,5618.6906357004609,5618.6906357004609
2025-07-11,sh601869,-15186.208686126494,-15186.208686126494,0,35316.764386340707,35316.764386340707
2025-07-11,sh688498,-8147.1014217656048,-8147.1014217656048,0,5618.6906357004609,5618.6906357004609
2025-07-14,sh601869,26134.405645892191,26134.405645892191,0,35316.764386340707,35316.764386340707
2025-07-14,sh688498,24862.706062974445,24862.706062974445,0,5618.6906357004609,5618.6906357004609
2025-07-15,sh601869,2119.0058631805227,2119.0058631805227,0,35316.764386340707,35316.764386340707
2025-07-15,sh688498,47826.294691082323,47826.294691082323,0,5618.6906357004609,5618.6906357004609
2025-07-16,sh601869,-353.16764386333682,-353.16764386333682,0,35316.764386340707,35316.764386340707
2025-07-16,sh688498,-2989.1434181925456,-2989.1434181925456,0,5618.6906357004609,5618.6906357004609
2025-07-17,sh601869,139148.0516821823,139148.0516821823,0,35316.764386340707,35316.764386340707
2025-07-17,sh688498,48523.012329909157,48523.012329909157,0,5618.6906357004609,5618.6906357004609
2025-07-18,sh601869,-30725.585016116576,-30725.585016116576,0,35316.764386340707,35316.764386340707
2025-07-18,sh688498,-58215.253676492583,-58215.253676492583,0,5618.6906357004609,5618.6906357004609
2025-07-21,sh601869,-18011.54983703369,-18011.54983703369,0,35316.764386340707,35316.764386340707
2025-07-21,sh688498,-41505.267725919308,-41505.267725919308,0,5618.6906357004609,5618.6906357004609
2025-07-22,sh601869,-18717.885124760614,-18717.885124760614,0,35316.764386340707,35316.764386340707
2025-07-22,sh688498,30059.994900997594,30059.994900997594,0,5618.6906357004609,5618.6906357004609
2025-07-23,sh601869,-3531.67643863387,-3531.67643863387,0,35316.764386340707,35316.764386340707
2025-07-23,sh688498,-4225.2553580468002,-4225.2553580468002,0,5618.6906357004609,5618.6906357004609
2025-07-24,sh601869,-25781.238002028855,-25781.238002028855,0,35316.764386340707,35316.764386340707
2025-07-24,sh688498,-34521.235265743664,-34521.235265743664,0,5618.6906357004609,5618.6906357004609
2025-07-25,sh601869,-10241.861672038774,-10241.861672038774,0,35316.764386340707,35316.764386340707
2025-07-25,sh688498,8883.1498950425266,8883.1498950425266,0,5618.6906357004609,5618.6906357004609
2025-07-28,sh601869,3178.5087947707839,3178.5087947707839,0,35316.764386340707,35316.764386340707
2025-07-28,sh688498,30447.684554860702,30447.684554860702,0,5618.6906357004609,5618.6906357004609
2025-07-29,sh601869,134203.70466809458,134203.70466809458,0,35316.764386340707,35316.764386340707
2025-07-29,sh688498,56703.825895489128,56703.825895489128,0,5618.6906357004609,5618.6906357004609
2025-07-30,sh601869,156100.09858762598,156100.09858762598,0,35316.764386340707,35316.764386340707
2025-07-30,sh688498,25986.444190114631,25986.444190114631,0,5618.6906357004609,5618.6906357004609
2025-07-31,sh601869,78756.384581539663,78756.384581539663,0,35316.764386340707,35316.764386340707
2025-07-31,sh688498,51860.514567515194,51860.514567515194,0,5618.6906357004609,5618.6906357004609
2025-08-01,sh601869,-4238.0117263607945,-4238.0117263607945,0,35316.764386340707,35316.764386340707
2025-08-01,sh688498,-65126.24315840409,-65126.24315840409,0,5618.6906357004609,5618.6906357004609
2025-08-04,sh601869,38495.273181111239,38495.273181111239,0,35316.764386340707,35316.764386340707
2025-08-04,sh688498,-23272.616613071285,-23272.616613071285,0,5618.6906357004609,5618.6906357004609
2025-08-05,sh601869,182940.83952124484,182940.83952124484,0,35316.764386340707,35316.764386340707
2025-08-05,sh688498,2444.1304265297131,2444.1304265297131,0,5618.6906357004609,5618.6906357004609
2025-08-06,sh601869,-138441.71639445538,-138441.71639445538,0,35316.764386340707,35316.764386340707
2025-08-06,sh688498,4152.2123797826653,4152.2123797826653,0,5618.6906357004609,5618.6906357004609
2025-08-07,sh601869,25428.070358165267,25428.070358165267,0,35316.764386340707,35316.764386340707
2025-08-07,sh688498,22648.94195250859,22648.94195250859,0,5618.6906357004609,5618.6906357004609
2025-08-08,sh601869,67808.187621773963,67808.187621773963,0,35316.764386340707,35316.764386340707
2025-08-08,sh688498,40572.565080393048,40572.565080393048,0,5618.6906357004609,5618.6906357004609
2025-08-11,sh601869,-28959.74679679914,-28959.74679679914,0,35316.764386340707,35316.764386340707
2025-08-11,sh688498,34521.235265743504,34521.235265743504,0,5618.6906357004609,5618.6906357004609
2025-08-12,sh601869,37082.602605657645,37082.602605657645,0,35316.764386340707,35316.764386340707
2025-08-12,sh688498,101349.94168676497,101349.94168676497,0,5618.6906357004609,5618.6906357004609
2025-08-13,sh601869,45205.458414516143,45205.458414516143,0,35316.764386340707,35316.764386340707
2025-08-13,sh688498,42162.654530296204,42162.654530296204,0,5618.6906357004609,5618.6906357004609
2025-08-14,sh601869,-158219.10445080651,-158219.10445080651,0,35316.764386340707,35316.764386340707
2025-08-14,sh688498,-64036.217175078105,-64036.217175078105,0,5618.6906357004609,5618.6906357004609
2025-08-15,sh601869,17305.214549307017,17305.214549307017,0,35316.764386340707,35316.764386340707
2025-08-15,sh688498,5815.3448079499576,5815.3448079499576,0,5618.6906357004609,5618.6906357004609
2025-08-18,sh601869,75224.708142905802,75224.708142905802,0,35316.764386340707,35316.764386340707
2025-08-18,sh688498,43095.357175822624,43095.357175822624,0,5618.6906357004609,5618.6906357004609
2025-08-19,sh601869,136322.71053127511,136322.71053127511,0,35316.764386340707,35316.764386340707
2025-08-19,sh688498,-7759.4117679023375,-7759.4117679023375,0,5618.6906357004609,5618.6906357004609
2025-08-20,sh601869,82994.396307900708,82994.396307900708,0,35316.764386340707,35316.764386340707
2025-08-20,sh688498,-23233.285778621514,-23233.285778621514,0,5618.6906357004609,5618.6906357004609
2025-08-21,sh601869,-183294.00716510843,-183294.00716510843,0,35316.764386340707,35316.764386340707
2025-08-21,sh688498,-27267.505655054225,-27267.505655054225,0,5618.6906357004609,5618.6906357004609
2025-08-22,sh601869,91470.41976062255,91470.41976062255,0,35316.764386340707,35316.764386340707
2025-08-22,sh688498,8456.1294067291674,8456.1294067291674,0,5618.6906357004609,5618.6906357004609
2025-08-25,sh601869,208368.90987940985,208368.90987940985,0,35316.764386340707,35316.764386340707
2025-08-25,sh688498,98636.114109721631,98636.114109721631,0,5618.6906357004609,5618.6906357004609
2025-08-26,sh601869,228075.66440698874,228075.66440698874,0,35316.764386340707,35316.764386340707
2025-08-26,sh688498,-70980.918800803978,-70980.918800803978,0,5618.6906357004609,5618.6906357004609
2025-08-27,sh601869,140847.32742962817,153274.7574367183,-12427.430007090126,35316.764386340707,31802.365111534207
2025-08-27,sh688498,84916.426196915723,94253.535413875259,-9337.1092169595304,5618.6906357004609,5067.6511120617797
2025-08-28,sh601869,239789.83294096813,239789.83294096813,0,31802.365111534207,31802.365111534207
2025-08-28,sh688498,69963.991253124841,69963.991253124841,0,5067.6511120617797,5067.6511120617797
2025-08-29,sh601869,263959.63042573381,263959.63042573381,0,31802.365111534207,31802.365111534207
2025-08-29,sh688498,-58034.74053533149,-58034.74053533149,0,5067.6511120617797,5067.6511120617797
2025-09-01,sh601869,23215.726531420099,23215.726531420099,0,31802.365111534207,31802.365111534207
2025-09-01,sh688498,209197.70555702236,209197.70555702236,0,5067.6511120617797,5067.6511120617797
2025-09-02,sh601869,-292581.75902611477,-292581.75902611477,0,31802.365111534207,31802.365111534207
2025-09-02,sh688498,-23787.554320017935,-23787.554320017935,0,5067.6511120617797,5067.6511120617797
2025-09-03,sh601869,263323.58312350325,263323.58312350325,0,31802.365111534207,31802.365111534207
2025-09-03,sh688498,160218.85755894531,160218.85755894531,0,5067.6511120617797,5067.6511120617797
2025-09-04,sh601869,-160919.96746436317,-160919.96746436317,0,31802.365111534207,31802.365111534207
2025-09-04,sh688498,-121527.34131835366,-121527.34131835366,0,5067.6511120617797,5067.6511120617797
2025-09-05,sh601869,-68287.856960292978,122439.10567940697,-190726.96263969995,31802.365111534207,0
2025-09-05,sh688498,-28493.234417858774,35995.525848974721,-64488.760266833495,5067.6511120617797,0
2025-09-16,sh603986,-263.67574532258845,-0,-263.67574532258845,0,3413.5458167330676
2025-09-16,sh688041,29747.091147255946,0,29747.091147255946,0,2556.6213916092888
2025-09-17,sh603986,-8738.6772908366602,-8738.6772908366602,0,3413.5458167330676,3413.5458167330676
2025-09-17,sh688041,-8462.4168062267527,-8462.4168062267527,0,2556.6213916092888,2556.6213916092888
2025-09-18,sh603986,14609.976095617532,14609.976095617532,0,3413.5458167330676,3413.5458167330676
2025-09-18,sh688041,2863.4159586024152,2863.4159586024152,0,2556.6213916092888,2556.6213916092888
2025-09-19,sh603986,-19388.940239043848,-19388.940239043848,0,3413.5458167330676,3413.5458167330676
2025-09-19,sh688041,-20069.477924132902,-20069.477924132902,0,2556.6213916092888,2556.6213916092888
2025-09-22,sh603986,33486.8844621514,33486.8844621514,0,3413.5458167330676,3413.5458167330676
2025-09-22,sh688041,64554.690138134618,64554.690138134618,0,2556.6213916092888,2556.6213916092888
2025-09-23,sh603986,-3208.7330677290756,-3208.7330677290756,0,3413.5458167330676,3413.5458167330676
2025-09-23,sh688041,-36903.131970560295,-16745.870115040943,-20157.261855519348,2556.6213916092888,6990.7321246745523
2025-09-24,sh603986,19559.617529880539,19559.617529880539,0,3413.5458167330676,3413.5458167330676
2025-09-24,sh688041,36561.529012047838,36561.529012047838,0,6990.7321246745523,6990.7321246745523
2025-09-25,sh603986,-8158.3745019920816,-8158.3745019920816,0,3413.5458167330676,3413.5458167330676
2025-09-25,sh688041,56135.57896113686,56135.57896113686,0,6990.7321246745523,6990.7321246745523
2025-09-26,sh603986,-24577.529880478047,-24577.529880478047,0,3413.5458167330676,3413.5458167330676
2025-09-26,sh688041,-61658.257339629505,-61658.257339629505,0,6990.7321246745523,6990.7321246745523
2025-09-29,sh603986,23621.737051792785,23621.737051792785,0,3413.5458167330676,3413.5458167330676
2025-09-29,sh688041,-22789.786726439175,-22789.786726439175,0,6990.7321246745523,6990.7321246745523
2025-09-30,sh603986,55197.035856573755,55197.035856573755,0,3413.5458167330676,3413.5458167330676
2025-09-30,sh688041,-22649.972083945413,-22649.972083945413,0,6990.7321246745523,6990.7321246745523
2025-10-09,sh603986,49988.460756010099,41611.123505976087,8377.3372500340083,3413.5458167330676,6022.3593760551012
2025-10-09,sh688041,73053.150702848987,73053.150702848987,0,6990.7321246745523,6990.7321246745523
2025-10-10,sh603986,-63054.102667296902,-63054.102667296902,0,6022.3593760551012,6022.3593760551012
2025-10-10,sh688041,-150720.18460798336,-150720.18460798336,0,6990.7321246745523,6990.7321246745523
2025-10-13,sh603986,-43180.31672631517,-43180.31672631517,0,6022.3593760551012,6022.3593760551012
2025-10-13,sh688041,17546.737632933062,17546.737632933062,0,6990.7321246745523,6990.7321246745523
2025-10-14,sh603986,-71364.958606252912,-71364.958606252912,0,6022.3593760551012,6022.3593760551012
2025-10-14,sh688041,-114648.00684466249,-114648.00684466249,0,6990.7321246745523,6990.7321246745523
2025-10-15,sh603986,-4773.9239883253395,36194.3798500911,-40968.303838416439,6022.3593760551012,0
2025-10-15,sh688041,1251.3329019194352,94025.347076872655,-92774.014174953219,6990.7321246745523,0
2025-10-29,sh688347,26074.559805526384,0,26074.559805526384,0,3376
2025-10-29,sh688498,-23990.777940428194,-0,-23990.777940428194,0,1515.7793809532914
2025-10-30,sh688347,-22484.159999999989,-22484.159999999989,0,3376,3376
2025-10-30,sh688498,12409.685791864527,12409.685791864527,0,1515.7793809532914,1515.7793809532914
2025-10-31,sh688347,-27987.040000000023,-27987.040000000023,0,3376,3376
2025-10-31,sh688498,-13111.491645245937,-13111.491645245937,0,1515.7793809532914,1515.7793809532914
2025-11-03,sh688347,-7764.7999999999902,-7764.7999999999902,0,3376,3376
2025-11-03,sh688498,21901.496275394125,21901.496275394125,0,1515.7793809532914,1515.7793809532914
2025-11-04,sh688347,4793.9200000000055,4793.9200000000055,0,3376,3376
2025-11-04,sh688498,-13551.067665722421,-13551.067665722421,0,1515.7793809532914,1515.7793809532914
2025-11-05,sh688347,-10803.20000000001,-10803.20000000001,0,3376,3376
2025-11-05,sh688498,14063.401096484582,14063.401096484582,0,1515.7793809532914,1515.7793809532914
2025-11-06,sh688347,21235.040000000023,21235.040000000023,0,3376,3376
2025-11-06,sh688498,91077.119883959487,91077.119883959487,0,1515.7793809532914,1515.7793809532914
2025-11-07,sh688347,-5064,-5064,0,3376,3376
2025-11-07,sh688498,-27625.079217873685,-27625.079217873685,0,1515.7793809532914,1515.7793809532914
2025-11-10,sh688347,-23328.160000000036,-23328.160000000036,0,3376,3376
2025-11-10,sh688498,12420.296247531209,12420.296247531209,0,1515.7793809532914,1515.7793809532914
2025-11-11,sh688347,-15360.79999999999,-15360.79999999999,0,3376,3376
2025-11-11,sh688498,-4185.0668708119874,-4185.0668708119874,0,1515.7793809532914,1515.7793809532914
2025-11-12,sh688347,-3105.9200000000055,-3105.9200000000055,0,3376,3376
2025-11-12,sh688498,-18950.273820678063,-18950.273820678063,0,1515.7793809532914,1515.7793809532914
2025-11-13,sh688347,10026.719999999996,10026.719999999996,0,3376,3376
2025-11-13,sh688498,-10871.169720197044,-10871.169720197044,0,1515.7793809532914,1515.7793809532914
2025-11-14,sh688347,-15597.119999999968,-15597.119999999968,0,3376,3376
2025-11-14,sh688498,-37554.949942498766,-37554.949942498766,0,1515.7793809532914,1515.7793809532914
2025-11-17,sh688347,1897.6600399424128,4625.1199999999671,-2727.4599600575543,3376,0
2025-11-17,sh688498,-6905.8908596231704,-6905.8908596231704,0,1515.7793809532914,1515.7793809532914
2025-11-18,sh688498,27969.161137350129,27969.161137350129,0,1515.7793809532914,1515.7793809532914
2025-11-18,sz300223,-48226.379120997983,-0,-48226.379120997983,0,17428.07357212004
2025-11-19,sh688498,20603.989125298118,20603.989125298118,0,1515.7793809532914,1515.7793809532914
2025-11-19,sz300223,-55944.11616650522,-55944.11616650522,0,17428.07357212004,17428.07357212004
2025-11-20,sh688498,24767.835084776743,24767.835084776743,0,1515.7793809532914,1515.7793809532914
2025-11-20,sz300223,27426.718296591462,-35030.427879961368,62457.146176552829,17428.07357212004,0
2025-11-21,sh688498,-60941.910011227053,-60941.910011227053,0,1515.7793809532914,1515.7793809532914
2025-11-24,sh688498,2289.7659079671612,-18688.043987773141,20977.809895740302,1515.7793809532914,0
2025-12-03,sh688205,-20181.224377727958,-0,-20181.224377727958,0,3804
2025-12-03,sz002371,2924.5524904897011,0,2924.5524904897011,0,2404.2399287780991
2025-12-04,sh688205,-3689.8799999999956,-3689.8799999999956,0,3804,3804
2025-12-04,sz002371,38323.584464722895,38323.584464722895,0,2404.2399287780991,2404.2399287780991
2025-12-05,sh688205,16813.680000000008,16813.680000000008,0,3804,3804
2025-12-05,sz002371,1707.0103494324012,1707.0103494324012,0,2404.2399287780991,2404.2399287780991
2025-12-08,sh688205,60940.080000000038,60940.080000000038,0,3804,3804
2025-12-08,sz002371,69587.82520986977,30052.999109726239,39534.826100143524,2404.2399287780991,5609.6665786496878
2025-12-09,sh688205,104610,104610,0,3804,3804
2025-12-09,sz002371,-31077.552845719387,-31077.552845719387,0,5609.6665786496878,5609.6665786496878
2025-12-10,sh688205,57896.979121101031,29975.519999999982,27921.459121101048,3804,6189
2025-12-10,sz002371,6002.3432391551278,6002.3432391551278,0,5609.6665786496878,5609.6665786496878
2025-12-11,sh688205,-57186.360000000059,-57186.360000000059,0,6189,6189
2025-12-11,sz002371,-30460.489522067524,-30460.489522067524,0,5609.6665786496878,5609.6665786496878
2025-12-12,sh688205,67398.210000000094,67398.210000000094,0,6189,6189
2025-12-12,sz002371,11219.333157299376,11219.333157299376,0,5609.6665786496878,5609.6665786496878
2025-12-15,sh688205,-65417.730000000134,-65417.730000000134,0,6189,6189
2025-12-15,sz002371,-34218.966129763226,-34218.966129763226,0,5609.6665786496878,5609.6665786496878
2025-12-16,sh688205,-65232.059999999954,-65232.059999999954,0,6189,6189
2025-12-16,sz002371,-34331.159461336116,-34331.159461336116,0,5609.6665786496878,5609.6665786496878
2025-12-17,sh688205,40599.840000000011,40599.840000000011,0,6189,6189
2025-12-17,sz002371,10433.979836288496,10433.979836288496,0,5609.6665786496878,5609.6665786496878
2025-12-18,sh688205,13182.569999999972,13182.569999999972,0,6189,6189
2025-12-18,sz002371,-9199.8531889854112,-9199.8531889854112,0,5609.6665786496878,5609.6665786496878
2025-12-19,sh688205,-68883.569999999978,-68883.569999999978,0,6189,6189
2025-12-19,sz002371,29506.846203697307,29506.846203697307,0,5609.6665786496878,5609.6665786496878
2025-12-22,sh688205,19247.790000000085,19247.790000000085,0,6189,6189
2025-12-22,sz002371,95027.751842325699,95027.751842325699,0,5609.6665786496878,5609.6665786496878
2025-12-23,sh688205,24075.209999999915,24075.209999999915,0,6189,6189
2025-12-23,sz002371,90427.825247832996,90427.825247832996,0,5609.6665786496878,5609.6665786496878
2025-12-24,sh688205,-14729.819999999972,-14729.819999999972,0,6189,6189
2025-12-24,sz002371,-1795.0933051678619,-1795.0933051678619,0,5609.6665786496878,5609.6665786496878
2025-12-25,sh688205,-17452.97999999996,-17452.97999999996,0,6189,6189
2025-12-25,sz002371,-44316.365971332729,-44316.365971332729,0,5609.6665786496878,5609.6665786496878
2025-12-26,sh688205,-45117.810000000129,-45117.810000000129,0,6189,6189
2025-12-26,sz002371,-79601.168751039062,-79601.168751039062,0,5609.6665786496878,5609.6665786496878
2025-12-29,sh688205,-10830.75,-10830.75,0,6189,6189
2025-12-29,sz002371,-34836.029453414449,-34836.029453414449,0,5609.6665786496878,5609.6665786496878
2025-12-30,sh688205,-5446.3199999999715,-5446.3199999999715,0,6189,6189
2025-12-30,sz002371,34779.932787628,34779.932787628,0,5609.6665786496878,5609.6665786496878
2025-12-31,sh688205,-33420.600000000035,-33420.600000000035,0,6189,6189
2025-12-31,sz002371,448.77332629188572,448.77332629188572,0,5609.6665786496878,5609.6665786496878
