date,symbol,signal,actual_units,target_units,stop,price,health,health_closes,entry,readmit,score,risk_cap,cash_fraction,occupied,cut,restoration_witness,held_symbols
2023-03-07,sh688037,2023-03-07,6171.7090194348057,0,92.018299999999996,102.09099999999999,True,3,False,False,1.5525300329635303,0,0.33176031552938018,2,True,False,sh688037 sh688256
2023-03-07,sh688256,2023-03-07,11385.838909645365,0,49.195,57.972999999999999,False,0,False,False,1.8768239539513512,0,0.33176031552938018,2,True,False,sh688037 sh688256
2023-03-08,sh688037,2023-03-07,0,0,92.018299999999996,103.932,True,4,True,True,1.7024901196558015,0,1,0,False,False,
2023-03-08,sh688256,2023-03-07,0,0,49.195,59.402999999999999,True,1,True,True,2.0057383081563267,0,1,0,False,False,
2023-03-09,sh688037,2023-03-07,0,0,92.018299999999996,109.408,True,5,True,True,1.9230894372513061,0,1,0,False,False,
2023-03-09,sh688256,2023-03-07,0,0,49.195,59.798999999999999,True,2,True,True,2.0775702157810634,0,1,0,False,False,
2023-03-10,sh688037,2023-03-07,0,2850.1730381549391,92.018299999999996,110.59699999999999,True,6,True,False,2.0228791629386285,0.5,1,0,False,True,
2023-03-10,sh688256,2023-03-07,0,5622.7730638914736,49.195,60.725000000000001,True,3,True,False,2.2115169150624334,0.5,1,0,False,True,
2023-06-21,sz300308,2023-06-21,16610.785238484015,0,97.700249999999997,112.669,True,26,True,False,5.1811806903991853,0,0.44725256483600212,2,True,False,sh688072 sz300308
2023-06-26,sz300308,2023-06-21,0,0,97.700249999999997,104.119,True,27,True,True,4.4037390141043318,0,1,0,False,False,
2023-06-27,sz300308,2023-06-21,0,0,97.700249999999997,103.544,True,28,True,True,4.4171148105951969,0,1,0,False,False,
2023-06-28,sz300308,2023-06-21,0,0,97.700249999999997,99.793000000000006,False,0,False,True,4.1889828351889173,0,1,0,False,False,
2023-06-29,sz300308,2023-06-21,0,0,97.700249999999997,104.126,False,0,False,True,4.366475346631522,0,1,0,False,False,
2023-06-30,sz300308,2023-06-21,0,0,97.700249999999997,103.724,False,0,False,True,4.1791324239003247,0,1,0,False,False,
2023-07-03,sz300308,2023-06-21,0,0,97.700249999999997,102.682,False,0,False,True,4.1825368768507722,0,1,0,False,False,
2023-07-04,sz300308,2023-06-21,0,0,97.700249999999997,103.05500000000001,False,0,False,True,5.1482189464445671,0,1,0,False,False,
2024-03-25,sz300308,2024-03-25,9936.769685375295,0,104.85899999999999,117.41800000000001,False,0,False,False,1.564705064899772,0,0.40971796918947717,2,True,False,sz300308 sz300394
2024-03-25,sz300394,2024-03-25,18887.51238850347,0,45.754799999999989,55.338000000000001,True,8,True,False,2.4632259129487988,0,0.40971796918947717,2,True,False,sz300308 sz300394
2024-03-26,sz300308,2024-03-25,0,0,104.85899999999999,111.663,False,0,False,True,1.2597407017221942,0,1,0,False,False,
2024-03-26,sz300394,2024-03-25,0,0,45.754799999999989,54.317999999999998,False,0,False,True,2.4646354533134165,0,1,0,False,False,
2024-03-27,sz300308,2024-03-25,0,0,104.85899999999999,108.57299999999999,False,0,False,True,1.0583592206616743,0,1,0,False,False,
2024-03-27,sz300394,2024-03-25,0,0,45.754799999999989,53.296999999999997,False,0,False,True,2.2075967313958844,0,1,0,False,False,
2024-03-28,sz300308,2024-03-25,0,0,104.85899999999999,108.925,False,0,False,True,1.0634749943077517,0,1,0,False,False,
2024-03-28,sz300394,2024-03-25,0,0,45.754799999999989,53.595999999999997,False,0,False,True,2.5721317561597004,0,1,0,False,False,
2024-03-29,sz300308,2024-03-25,0,0,104.85899999999999,110.26900000000001,False,0,False,True,0.959057413213253,0,1,0,False,False,
2024-03-29,sz300394,2024-03-25,0,0,45.754799999999989,53.396000000000001,False,0,False,True,2.6245715594528778,0,1,0,False,False,
2024-04-01,sz300308,2024-03-25,0,0,104.85899999999999,114.896,False,0,False,True,1.1693422584637894,0,1,0,False,False,
2024-04-01,sz300394,2024-03-25,0,0,45.754799999999989,57.758000000000003,True,1,True,True,2.5571473204260524,0,1,0,False,False,
2024-04-02,sz300308,2024-03-25,0,0,104.85899999999999,114.57299999999999,True,1,False,True,1.5367116524613385,0,1,0,False,False,
2024-04-02,sz300394,2024-03-25,0,0,45.754799999999989,56.970999999999997,True,2,False,True,2.7761623421351067,0,1,0,False,False,
2024-04-03,sz300308,2024-03-25,0,0,104.85899999999999,109.938,False,0,False,True,1.093817197705264,0,1,0,False,False,
2024-04-03,sz300394,2024-03-25,0,0,45.754799999999989,54.244999999999997,False,0,False,True,1.9981588676911388,0,1,0,False,False,
2024-04-08,sz300308,2024-03-25,0,0,104.85899999999999,116.017,True,1,False,True,1.2253376243902256,0,1,0,False,False,
2024-04-08,sz300394,2024-03-25,0,0,45.754799999999989,56.526000000000003,True,1,False,True,2.1119407359508173,0,1,0,False,False,
2024-04-09,sz300308,2024-03-25,0,0,104.85899999999999,116.261,True,2,False,True,1.2536287004432038,0,1,0,False,False,
2024-04-09,sz300394,2024-03-25,0,0,45.754799999999989,55.155999999999999,True,2,False,True,1.8030048129989111,0,1,0,False,False,
2024-04-10,sz300308,2024-03-25,0,0,104.85899999999999,112.381,True,3,False,True,1.230561646458443,0,1,0,False,False,
2024-04-10,sz300394,2024-03-25,0,0,45.754799999999989,51.850999999999999,False,0,False,True,1.7175555660606037,0,1,0,False,False,
2024-04-11,sz300308,2024-03-25,0,0,104.85899999999999,112.848,True,4,False,True,1.4211060656143477,0,1,0,False,False,
2024-04-11,sz300394,2024-03-25,0,0,45.754799999999989,53.122,False,0,False,True,1.7822231794186745,0,1,0,False,False,
2024-04-12,sz300308,2024-03-25,0,0,104.85899999999999,119.444,True,5,True,True,1.5685421644568927,0,1,0,False,False,
2024-04-12,sz300394,2024-03-25,0,0,45.754799999999989,59.423000000000002,True,1,True,True,1.9023134477732917,0,1,0,False,False,
2024-04-15,sz300308,2024-03-25,0,0,104.85899999999999,119.566,True,6,True,True,1.5370196231268212,0,1,0,False,False,
2024-04-15,sz300394,2024-03-25,0,0,45.754799999999989,58.567,True,2,False,True,1.739344048673219,0,1,0,False,False,
2024-04-16,sz300308,2024-03-25,0,0,104.85899999999999,117.31,True,7,True,False,1.3977437920968037,0,1,0,False,False,
2024-04-16,sz300394,2024-03-25,0,0,45.754799999999989,58.957000000000001,True,3,False,True,1.8111730953912959,0,1,0,False,False,
2024-04-17,sz300308,2024-03-25,0,0,104.85899999999999,123.23699999999999,True,8,True,False,1.3168803812869012,0,1,0,False,False,
2024-04-17,sz300394,2024-03-25,0,0,45.754799999999989,60.844999999999999,True,4,True,True,1.8460200646535376,0,1,0,False,False,
2024-04-18,sz300308,2024-03-25,0,0,104.85899999999999,122.354,True,9,True,False,1.1743472313654637,0,1,0,False,False,
2024-04-18,sz300394,2024-03-25,0,0,45.754799999999989,59.606000000000002,True,5,True,True,1.8111858406102861,0,1,0,False,False,
2024-04-19,sz300308,2024-03-25,0,0,104.85899999999999,120.428,True,10,True,False,1.4523300965128199,0,1,0,False,False,
2024-04-19,sz300394,2024-03-25,0,0,45.754799999999989,57.491999999999997,True,6,True,False,2.0224084121589572,0,1,0,False,False,
2024-04-22,sz300394,2024-03-25,0,0,45.754799999999989,54.682000000000002,False,0,False,False,1.7078455315117875,0,1,0,False,False,
2024-04-23,sz300394,2024-03-25,0,0,45.754799999999989,56.037999999999997,False,0,False,False,1.6980480810990677,0,1,0,False,False,
2024-04-24,sz300394,2024-03-25,0,0,45.754799999999989,53.698,False,0,False,False,1.7387797468194697,0,1,0,False,False,
2024-06-24,sh688256,2024-06-24,17014.650484396989,0,123.83075000000001,137.45599999999999,True,11,True,False,2.6065330448316555,0,0.13820383308499254,2,True,False,sh688256 sz300502
2024-06-24,sz300502,2024-06-24,23859.676117801435,0,49.408500000000004,55.661000000000001,True,15,True,False,3.9708643703304256,0,0.13820383308499254,2,True,False,sh688256 sz300502
2024-06-25,sh688256,2024-06-24,0,0,123.83075000000001,131.34200000000001,False,0,False,True,2.1005788357763828,0,1,0,False,False,
2024-06-25,sz300502,2024-06-24,0,0,49.408500000000004,52.945999999999998,False,0,False,True,3.3057352266496927,0,1,0,False,False,
2024-06-26,sh688256,2024-06-24,0,0,123.83075000000001,135.215,False,0,False,True,2.3302135198966609,0,1,0,False,False,
2024-06-26,sz300502,2024-06-24,0,0,49.408500000000004,54.390000000000001,False,0,False,True,3.4605247141060036,0,1,0,False,False,
2024-06-27,sh688256,2024-06-24,0,0,123.83075000000001,132.28899999999999,False,0,False,True,2.0302710951145202,0,1,0,False,False,
2024-06-27,sz300502,2024-06-24,0,0,49.408500000000004,52.569000000000003,False,0,False,True,3.1356019615298627,0,1,0,False,False,
2024-06-28,sh688256,2024-06-24,0,0,123.83075000000001,132.32900000000001,False,0,False,True,2.0029114607537082,0,1,0,False,False,
2024-06-28,sz300502,2024-06-24,0,0,49.408500000000004,52.829000000000001,False,0,False,True,4.2037970472627677,0,1,0,False,False,
2024-07-01,sh688256,2024-06-24,0,0,123.83075000000001,136.47,False,0,False,True,2.2228590403422142,0,1,0,False,False,
2024-07-01,sz300502,2024-06-24,0,0,49.408500000000004,55.268000000000001,True,1,False,True,4.290870190049735,0,1,0,False,False,
2024-07-02,sh688256,2024-06-24,0,0,123.83075000000001,131.208,False,0,False,True,2.0889163976303213,0,1,0,False,False,
2024-07-02,sz300502,2024-06-24,0,0,49.408500000000004,56.604999999999997,True,2,False,True,4.6427239166123009,0,1,0,False,False,
2024-07-03,sh688256,2024-06-24,0,0,123.83075000000001,130.20099999999999,False,0,False,True,2.0734582815135538,0,1,0,False,False,
2024-07-03,sz300502,2024-06-24,0,0,49.408500000000004,55.094000000000001,True,3,False,True,4.2572478073184863,0,1,0,False,False,
2024-07-04,sh688256,2024-06-24,0,0,123.83075000000001,128.83199999999999,False,0,False,True,1.8092148568117952,0,1,0,False,False,
2024-07-04,sz300502,2024-06-24,0,0,49.408500000000004,56.287999999999997,True,4,False,True,4.2502437282441559,0,1,0,False,False,
2024-07-05,sh688256,2024-06-24,0,0,123.83075000000001,128.38900000000001,False,0,False,True,1.4326705849452337,0,1,0,False,False,
2024-07-05,sz300502,2024-06-24,0,0,49.408500000000004,56.698999999999998,True,5,True,True,3.7133323807191609,0,1,0,False,False,
2024-07-08,sh688256,2024-06-24,0,0,123.83075000000001,128.18799999999999,False,0,False,True,1.3186424962845484,0,1,0,False,False,
2024-07-08,sz300502,2024-06-24,0,0,49.408500000000004,56.939,True,6,True,True,3.6687507374330801,0,1,0,False,False,
2024-07-09,sh688256,2024-06-24,0,0,123.83075000000001,138.148,True,1,True,True,1.71488256776272,0,1,0,False,False,
2024-07-09,sz300502,2024-06-24,0,0,49.408500000000004,59.545999999999999,True,7,True,False,4.2253619022561422,0,1,0,False,False,
2024-07-10,sh688256,2024-06-24,0,0,123.83075000000001,140.69800000000001,True,2,True,True,1.6710287184809938,0,1,0,False,False,
2024-07-10,sz300502,2024-06-24,0,0,49.408500000000004,59.975000000000001,True,8,True,False,4.2627302250738577,0,1,0,False,False,
2024-07-11,sh688256,2024-06-24,0,0,123.83075000000001,134.32900000000001,True,3,False,True,1.3681204759264378,0.5,1,0,False,True,
2024-07-11,sz300502,2024-06-24,0,10943.85615390143,49.408500000000004,58.387999999999998,True,9,True,False,4.1693183657104766,0.5,1,0,False,True,
2024-07-12,sh688256,2024-06-24,0,0,123.83075000000001,132.81899999999999,False,0,False,True,0.88804955003534625,0.5,0.68279956027538002,2,False,False,sz300308 sz300502
2024-07-15,sh688256,2024-06-24,0,0,123.83075000000001,138.72499999999999,True,1,True,True,1.0172780142744515,0.5,0.68405916034424685,2,False,False,sz300308 sz300502
2024-07-16,sh688256,2024-06-24,0,0,123.83075000000001,166.67099999999999,True,2,True,True,1.4404292561403973,1,0.68381108074856223,2,False,False,sz300308 sz300502
2024-07-17,sh688256,2024-06-24,0,0,123.83075000000001,165.39599999999999,True,3,True,False,1.4488930735089045,1,0.69206697890226887,2,False,False,sz300308 sz300502
2024-07-18,sh688256,2024-06-24,0,0,123.83075000000001,169.46299999999999,True,4,True,False,1.4067958961220077,1,0.69505225842560203,2,False,False,sz300308 sz300502
2024-07-19,sh688256,2024-06-24,0,0,123.83075000000001,179.12799999999999,True,5,True,False,1.7957127831973894,1,0.70243975446870166,2,True,False,sz300308 sz300502
2024-07-22,sh688256,2024-06-24,0,0,123.83075000000001,176.99299999999999,True,6,True,False,1.8478395578804239,1,0.86094111256883132,1,False,True,sz300502
2024-07-23,sh688256,2024-06-24,0,0,123.83075000000001,165.745,True,7,True,False,1.4677780459265355,0,0.32675719075023163,2,True,False,sz002371 sz300502
2024-07-23,sz002371,2024-07-23,8555.8260022949326,0,235.12905000000003,247.023,False,0,False,False,1.2557685433917904,0,0.32675719075023163,2,True,False,sz002371 sz300502
2024-07-24,sh688256,2024-06-24,0,0,123.83075000000001,174.32900000000001,True,8,True,False,1.7909817722423831,0,1,0,False,False,
2024-07-24,sz002371,2024-07-23,0,0,235.12905000000003,244.74199999999999,False,0,False,True,1.2596096769810292,0,1,0,False,False,
2024-07-25,sh688256,2024-06-24,0,0,123.83075000000001,170.67099999999999,True,9,True,False,1.7474127288997285,0,1,0,False,False,
2024-07-25,sz002371,2024-07-23,0,0,235.12905000000003,242.15700000000001,False,0,False,True,1.2126842562229114,0,1,0,False,False,
2024-07-26,sh688256,2024-06-24,0,0,123.83075000000001,167.26900000000001,False,0,False,False,1.6679775380258122,0,1,0,False,False,
2024-07-26,sz002371,2024-07-23,0,0,235.12905000000003,244.34200000000001,False,0,False,True,1.308245160472622,0,1,0,False,False,
2024-07-29,sh688256,2024-06-24,0,0,123.83075000000001,164.44300000000001,False,0,False,False,1.5637953601579551,0,1,0,False,False,
2024-07-29,sz002371,2024-07-23,0,0,235.12905000000003,246.364,False,0,False,True,1.4620387808707349,0,1,0,False,False,
2024-07-30,sh688256,2024-06-24,0,0,123.83075000000001,163.02000000000001,False,0,False,False,1.7910063982535338,0,1,0,False,False,
2024-07-30,sz002371,2024-07-23,0,0,235.12905000000003,247.37100000000001,False,0,False,True,1.4885870863159802,0,1,0,False,False,
2024-07-31,sh688256,2024-06-24,0,0,123.83075000000001,176.215,True,1,False,False,1.9315640644151266,0,1,0,False,False,
2024-07-31,sz002371,2024-07-23,0,0,235.12905000000003,252.23099999999999,True,1,False,True,1.5764871000926755,0,1,0,False,False,
2024-08-01,sh688256,2024-06-24,0,0,123.83075000000001,172.148,True,2,False,False,1.7365516466922346,0,1,0,False,False,
2024-08-01,sz002371,2024-07-23,0,0,235.12905000000003,254.179,True,2,False,True,1.7027656230251778,0,1,0,False,False,
2024-08-02,sh688256,2024-06-24,0,0,123.83075000000001,163.49000000000001,False,0,False,False,1.5950047866659638,0,1,0,False,False,
2024-08-02,sz002371,2024-07-23,0,0,235.12905000000003,248.03100000000001,False,0,False,True,1.5341489032594506,0,1,0,False,False,
2024-08-05,sh688256,2024-06-24,0,0,123.83075000000001,153.148,False,0,False,False,1.1062868167537487,0,1,0,False,False,
2024-08-06,sh688256,2024-06-24,0,0,123.83075000000001,155.678,False,0,False,False,1.2070407793588911,0,1,0,False,False,
2024-08-07,sh688256,2024-06-24,0,0,123.83075000000001,153.02000000000001,False,0,False,False,0.95469340713085049,0,1,0,False,False,
2024-08-08,sh688256,2024-06-24,0,0,123.83075000000001,153.047,False,0,False,False,0.92162399796248118,0,1,0,False,False,
2024-08-09,sh688256,2024-06-24,0,0,123.83075000000001,164.738,True,1,False,False,1.4056031670272835,0,1,0,False,False,
2024-08-12,sh688256,2024-06-24,0,0,123.83075000000001,160.77199999999999,False,0,False,False,1.3163697019456329,0,1,0,False,False,
2024-08-13,sh688256,2024-06-24,0,0,123.83075000000001,160.53700000000001,False,0,False,False,1.3222723102139098,0,1,0,False,False,
2024-08-14,sh688256,2024-06-24,0,0,123.83075000000001,161.19499999999999,True,1,False,False,1.4245814239553531,0,1,0,False,False,
2024-08-15,sh688256,2024-06-24,0,0,123.83075000000001,160.953,True,2,False,False,1.4541980406701005,0,1,0,False,False,
2024-08-16,sh688256,2024-06-24,0,0,123.83075000000001,163.154,True,3,False,False,1.578548356473102,0,1,0,False,False,
2024-08-19,sh688256,2024-06-24,0,0,123.83075000000001,170.13399999999999,True,4,True,False,2.2542247561717685,0,1,0,False,False,
2024-08-20,sh688256,2024-06-24,0,0,123.83075000000001,165.423,True,5,True,False,2.0025346617817066,0,1,0,False,False,
2024-08-21,sh688256,2024-06-24,0,0,123.83075000000001,176.06700000000001,True,6,True,False,2.1970715565527232,0,1,0,False,False,
2024-08-22,sh688256,2024-06-24,0,0,123.83075000000001,173.953,True,7,True,False,2.3523441456953655,0,1,0,False,False,
2024-08-23,sh688256,2024-06-24,0,0,123.83075000000001,168.80500000000001,True,8,True,False,2.3690473787754405,0,1,0,False,False,
2024-08-26,sh688256,2024-06-24,0,0,123.83075000000001,164.91300000000001,False,0,False,False,2.2324866861689556,0,1,0,False,False,
2024-08-27,sh688256,2024-06-24,0,0,123.83075000000001,162.81899999999999,False,0,False,False,2.2010997226222631,0,1,0,False,False,
2024-08-28,sh688256,2024-06-24,0,0,123.83075000000001,160.20099999999999,False,0,False,False,2.0361749188843254,0,1,0,False,False,
2024-08-29,sh688256,2024-06-24,0,0,123.83075000000001,160.262,False,0,False,False,2.0599079259219946,0,1,0,False,False,
2024-08-30,sh688256,2024-06-24,0,0,123.83075000000001,171.26900000000001,True,1,False,False,2.3496121981012523,0,1,0,False,False,
2024-09-02,sh688256,2024-06-24,0,0,123.83075000000001,168.215,True,2,False,False,2.2755031100680068,0,1,0,False,False,
2024-12-31,sh688205,2024-12-31,9573.0713977317027,0,57.319399999999995,69.668999999999997,True,13,True,False,2.4640853357463612,0,0.38869501366002601,2,True,False,sh688205 sh688256
2024-12-31,sh688256,2024-12-31,6524.7329401148545,0,379.53470000000004,440.60399999999998,True,14,True,False,4.0753488045135358,0,0.38869501366002601,2,True,False,sh688205 sh688256
2025-01-02,sh688205,2024-12-31,0,0,57.319399999999995,65.284999999999997,False,0,False,True,2.1762564340173776,0,1,0,False,False,
2025-01-02,sh688256,2024-12-31,0,0,379.53470000000004,432.29500000000002,False,0,False,True,4.3114321816271728,0,1,0,False,False,
2025-01-03,sh688205,2024-12-31,0,0,57.319399999999995,62.899999999999999,False,0,False,True,1.9707043872417149,0,1,0,False,False,
2025-01-03,sh688256,2024-12-31,0,0,379.53470000000004,415.77199999999999,False,0,False,True,3.991313884315367,0,1,0,False,False,
2025-01-06,sh688205,2024-12-31,0,0,57.319399999999995,61.738999999999997,False,0,False,True,1.8666188196848787,0,1,0,False,False,
2025-01-06,sh688256,2024-12-31,0,0,379.53470000000004,434.88600000000002,False,0,False,True,4.4686107346466528,0,1,0,False,False,
2025-01-07,sh688205,2024-12-31,0,0,57.319399999999995,65.853999999999999,False,0,False,True,2.0246400901449881,0,1,0,False,False,
2025-01-07,sh688256,2024-12-31,0,0,379.53470000000004,480.87299999999999,True,1,True,True,4.2919301336308591,0,1,0,False,False,
2025-01-08,sh688205,2024-12-31,0,0,57.319399999999995,65.977000000000004,False,0,False,True,2.1690447452196273,0,1,0,False,False,
2025-01-08,sh688256,2024-12-31,0,0,379.53470000000004,486.24200000000002,True,2,True,True,4.2529482275024986,0,1,0,False,False,
2025-01-09,sh688205,2024-12-31,0,0,57.319399999999995,63.168999999999997,False,0,False,True,1.8937282160497153,0,1,0,False,False,
2025-01-09,sh688256,2024-12-31,0,0,379.53470000000004,477.04000000000002,True,3,False,True,3.8295107954284444,0,1,0,False,False,
2025-01-10,sh688205,2024-12-31,0,0,57.319399999999995,59.668999999999997,False,0,False,True,2.0593262538083859,0,1,0,False,False,
2025-01-10,sh688256,2024-12-31,0,0,379.53470000000004,488.90600000000001,True,4,True,True,3.9413840467905992,0,1,0,False,False,
2025-01-13,sh688205,2024-12-31,0,0,57.319399999999995,59.899999999999999,False,0,False,True,2.2240113542608166,0,1,0,False,False,
2025-01-13,sh688256,2024-12-31,0,0,379.53470000000004,481.54399999999998,True,5,True,True,3.9962001645098137,0,1,0,False,False,
2025-01-14,sh688205,2024-12-31,0,0,57.319399999999995,61.869,False,0,False,True,2.3091998073904363,0,1,0,False,False,
2025-01-14,sh688256,2024-12-31,0,0,379.53470000000004,464.77199999999999,True,6,True,False,3.7727284523461608,0,1,0,False,False,
2025-01-15,sh688205,2024-12-31,0,0,57.319399999999995,62.085000000000001,False,0,False,True,2.372821172516498,0.5,1,0,False,False,
2025-01-15,sh688256,2024-12-31,0,1698.5941348703184,379.53470000000004,466.08100000000002,True,7,True,False,3.9462801232190565,0.5,1,0,False,True,
2025-01-16,sh688205,2024-12-31,0,0,57.319399999999995,66.569000000000003,True,1,True,True,2.7052086641690067,0.5,0.74263296447051086,2,True,False,sh603986 sh688256
2025-01-17,sh688205,2024-12-31,0,0,57.319399999999995,68.662000000000006,True,2,True,True,3.0886456991492146,0.5,0.85634282319493604,1,False,False,sh603986
2025-01-20,sh688205,2024-12-31,0,27003.28989246524,57.319399999999995,70.945999999999998,True,3,True,False,3.4120251850036993,1,0.7177883377794182,1,False,True,sh603986
2025-01-27,sh603986,2025-01-27,11998.027914248069,0,111.00000000000001,126.31,False,0,False,False,1.6522952606230141,0,0.4356243893229671,2,True,False,sh603986 sh688205
2025-01-27,sh688205,2025-01-27,21948.920342423942,0,65.215350000000001,77.185000000000002,True,8,True,False,3.0821505567828216,0,0.4356243893229671,2,True,False,sh603986 sh688205
2025-02-05,sh603986,2025-01-27,0,0,111.00000000000001,134.25999999999999,True,1,False,True,2.0842368066910844,0,1,0,False,False,
2025-02-05,sh688205,2025-01-27,0,0,65.215350000000001,68.131,False,0,False,True,2.3290424116691111,0,1,0,False,False,
2025-02-06,sh603986,2025-01-27,0,0,111.00000000000001,139.53999999999999,True,2,True,True,2.3027543456232951,0,1,0,False,False,
2025-02-06,sh688205,2025-01-27,0,0,65.215350000000001,77.269000000000005,True,1,True,True,2.7433312804973813,0,1,0,False,False,
2025-02-07,sh603986,2025-01-27,0,0,111.00000000000001,137.47,True,3,False,True,2.2733780286751784,0,1,0,False,False,
2025-02-07,sh688205,2025-01-27,0,0,65.215350000000001,80.591999999999999,True,2,True,True,2.885302040579008,0,1,0,False,False,
2025-02-10,sh603986,2025-01-27,0,0,111.00000000000001,133.53999999999999,True,4,False,True,1.9963316211041464,0.5,1,0,False,True,
2025-02-10,sh688205,2025-01-27,0,7413.2565305172211,65.215350000000001,78.822999999999993,True,3,True,False,2.665353319503331,0.5,1,0,False,True,
2025-02-11,sh603986,2025-01-27,0,0,111.00000000000001,132.91,True,5,True,True,2.0068272426889626,0.5,0.74067824678780547,2,False,False,sh601869 sh688205
2025-02-12,sh603986,2025-01-27,0,0,111.00000000000001,133.88999999999999,True,6,True,True,2.0341843767909924,0.5,0.73768585371188256,2,False,False,sh601869 sh688205
2025-02-13,sh603986,2025-01-27,0,0,111.00000000000001,126.59,False,0,False,True,1.5598383649825667,1,0.74651604236001956,2,False,False,sh601869 sh688205
2025-02-14,sh603986,2025-01-27,0,0,111.00000000000001,126.23,False,0,False,True,1.5251592331985298,1,0.74936963261744727,2,False,False,sh601869 sh688205
2025-02-17,sh603986,2025-01-27,0,0,111.00000000000001,126.40000000000001,False,0,False,True,1.5462741005881322,1,0.75032757168476827,2,False,False,sh601869 sh688205
2025-02-18,sh603986,2025-01-27,0,0,111.00000000000001,122.38,False,0,False,True,1.1851877550565557,1,0.75440196331123144,2,False,False,sh601869 sh688205
2025-02-19,sh603986,2025-01-27,0,0,111.00000000000001,126.42,False,0,False,True,1.4010118225844046,1,0.75049289111329287,2,False,False,sh601869 sh688205
2025-02-20,sh603986,2025-01-27,0,0,111.00000000000001,127.3,False,0,False,True,1.5171402049026714,1,0.74815489626126841,2,False,False,sh601869 sh688205
2025-02-21,sh603986,2025-01-27,0,0,111.00000000000001,136.96000000000001,True,1,False,True,1.5664540131509543,1,0.74299699489036397,2,False,False,sh601869 sh688205
2025-02-24,sh603986,2025-01-27,0,0,111.00000000000001,141.91,True,2,True,True,1.7242785249687906,1,0.74088474827305351,2,True,False,sh601869 sh688205
2025-02-25,sh603986,2025-01-27,0,0,111.00000000000001,135.91,True,3,False,True,1.328297537230466,1,0.83352032241265006,1,False,True,sh601869
2025-02-26,sh603986,2025-01-27,0,0,111.00000000000001,135.68000000000001,True,4,True,True,1.3688075731979639,1,0.42473019299013021,2,False,False,sh601869 sh688256
2025-02-27,sh603986,2025-01-27,0,0,111.00000000000001,132.65000000000001,True,5,True,True,1.3297249961072415,1,0.42941657520999155,2,False,False,sh601869 sh688256
2025-02-28,sh603986,2025-01-27,0,0,111.00000000000001,130.74000000000001,False,0,False,True,1.2535770155836738,1,0.36678183066113135,2,True,False,sh601869 sh688256
2025-03-03,sh603986,2025-01-27,0,0,111.00000000000001,128.49000000000001,False,0,False,True,1.1956967317516738,1,0.64363501909933385,1,False,False,sh688256
2025-03-04,sh603986,2025-01-27,0,0,111.00000000000001,133.41,True,1,False,True,1.442524653450985,1,0.19196845804929596,2,False,False,sh600206 sh688256
2025-03-05,sh603986,2025-01-27,0,0,111.00000000000001,134.78999999999999,True,2,False,True,1.4584627485306059,1,0.19249428756087431,2,False,False,sh600206 sh688256
2025-03-06,sh603986,2025-01-27,0,0,111.00000000000001,136.63999999999999,True,3,False,True,1.6228548502574556,1,0.1835304210705323,2,False,False,sh600206 sh688256
2025-03-07,sh603986,2025-01-27,0,0,111.00000000000001,133.59,False,0,False,True,1.6966709356158733,1,0.1890326377276009,2,False,False,sh600206 sh688256
2025-03-10,sh603986,2025-01-27,0,0,111.00000000000001,131.43000000000001,False,0,False,True,1.4973940037966822,1,0.1851255706050044,2,False,False,sh600206 sh688256
2025-09-04,sh601869,2025-09-04,41047.386380101481,0,75.560299999999998,85.704999999999998,True,14,True,False,3.2997221565727455,0,0.21430416956951118,2,True,False,sh601869 sh688498
2025-09-04,sh688498,2025-09-04,15003.621518671236,0,208.68940000000001,249.941,True,7,True,False,2.4698101892359925,0,0.21430416956951118,2,True,False,sh601869 sh688498
2025-09-05,sh601869,2025-09-04,0,0,75.560299999999998,89.555000000000007,True,15,True,True,3.4865935844027049,0,1,0,False,False,
2025-09-05,sh688498,2025-09-04,0,0,208.68940000000001,257.04399999999998,True,8,True,True,2.5935514256878158,0,1,0,False,False,
2025-09-08,sh601869,2025-09-04,0,0,75.560299999999998,83.674999999999997,False,0,False,True,3.121947313330411,0,1,0,False,False,
2025-09-08,sh688498,2025-09-04,0,0,208.68940000000001,222.977,False,0,False,True,1.9794790944576488,0,1,0,False,False,
2025-09-09,sh601869,2025-09-04,0,0,75.560299999999998,88.415000000000006,True,1,True,True,3.3824648110655766,0,1,0,False,False,
2025-09-09,sh688498,2025-09-04,0,0,208.68940000000001,221.672,False,0,False,True,1.9002540094049125,0,1,0,False,False,
2025-09-10,sh601869,2025-09-04,0,0,75.560299999999998,87.314999999999998,False,0,False,True,3.1751702639333472,0,1,0,False,False,
2025-09-10,sh688498,2025-09-04,0,0,208.68940000000001,230.322,False,0,False,True,1.9292198250151411,0,1,0,False,False,
2025-09-11,sh601869,2025-09-04,0,0,75.560299999999998,92.954999999999998,True,1,True,True,3.2201864210479565,0,1,0,False,False,
2025-09-11,sh688498,2025-09-04,0,0,208.68940000000001,266.46699999999998,True,1,False,True,2.1948609704734996,0,1,0,False,False,
2025-09-12,sh601869,2025-09-04,0,0,75.560299999999998,89.004999999999995,True,2,False,True,3.1179771103024483,0,1,0,False,False,
2025-09-12,sh688498,2025-09-04,0,0,208.68940000000001,257.29300000000001,True,2,False,True,2.132782942451743,0,1,0,False,False,
2025-09-15,sh601869,2025-09-04,0,0,75.560299999999998,86.655000000000001,False,0,False,True,2.988527975645709,0.5,1,0,False,False,
2025-09-15,sh688498,2025-09-04,0,0,208.68940000000001,251.34899999999999,True,3,False,True,2.202579649285362,0.5,1,0,False,True,
2025-09-16,sh601869,2025-09-04,0,0,75.560299999999998,95.355000000000004,True,1,True,True,3.5318450031590292,0.5,0.78874296553102385,2,False,False,sh688041 sz300308
2025-09-16,sh688498,2025-09-04,0,0,208.68940000000001,254.179,True,4,True,True,2.266469188751965,0.5,0.78874296553102385,2,False,False,sh688041 sz300308
2025-09-17,sh601869,2025-09-04,0,0,75.560299999999998,99.385000000000005,True,2,True,True,3.7822719949455523,0.5,0.79094352524259992,2,False,False,sh688041 sz300308
2025-09-17,sh688498,2025-09-04,0,0,208.68940000000001,260.31599999999997,True,5,False,True,2.304381333625495,0.5,0.79094352524259992,2,False,False,sh688041 sz300308
2025-09-18,sh601869,2025-09-04,0,0,75.560299999999998,109.355,True,3,True,False,4.13250713331173,1,0.78996071365739007,2,False,False,sh688041 sz300308
2025-09-18,sh688498,2025-09-04,0,0,208.68940000000001,268.61399999999998,True,6,True,True,2.6196689547250513,1,0.78996071365739007,2,False,False,sh688041 sz300308
2025-09-19,sh601869,2025-09-04,0,0,75.560299999999998,120.325,True,4,True,False,4.1523302934870827,1,0.79114024136226158,2,False,False,sh688041 sz300308
2025-09-19,sh688498,2025-09-04,0,0,208.68940000000001,274.267,True,7,True,True,2.7338008361176764,1,0.79114024136226158,2,False,False,sh688041 sz300308
2025-09-22,sh601869,2025-09-04,0,0,75.560299999999998,114.985,True,5,True,False,3.9278676753246988,1,0.78159035530458987,2,False,False,sh688041 sz300308
2025-09-22,sh688498,2025-09-04,0,0,208.68940000000001,269.476,True,8,True,False,3.0107843315155387,1,0.78159035530458987,2,False,False,sh688041 sz300308
2025-09-23,sh601869,2025-09-04,0,0,75.560299999999998,116.97499999999999,True,6,True,False,3.6674632437198205,1,0.54330895836860449,2,False,False,sh688041 sz300308
2025-09-23,sh688498,2025-09-04,0,0,208.68940000000001,267.488,True,9,True,False,3.1005219206318455,1,0.54330895836860449,2,False,False,sh688041 sz300308
2025-09-24,sh601869,2025-09-04,0,0,75.560299999999998,110.005,True,7,True,False,3.3752480384205392,1,0.54044535861266874,2,False,False,sh688041 sz300308
2025-09-24,sh688498,2025-09-04,0,0,208.68940000000001,263.49099999999999,True,10,True,False,3.2287006087888339,1,0.54044535861266874,2,False,False,sh688041 sz300308
2025-09-25,sh601869,2025-09-04,0,0,75.560299999999998,107.785,True,8,True,False,3.09783054443474,1,0.53308421482092261,2,False,False,sh688041 sz300308
2025-09-25,sh688498,2025-09-04,0,0,208.68940000000001,262.65499999999997,False,0,False,False,4.6195117922406173,1,0.53308421482092261,2,False,False,sh688041 sz300308
2025-09-26,sh601869,2025-09-04,0,0,75.560299999999998,102.705,False,0,False,False,2.9168370735897828,1,0.5421572968440499,2,False,False,sh688041 sz300308
2025-09-26,sh688498,2025-09-04,0,0,208.68940000000001,252.17599999999999,False,0,False,False,4.3033980962437184,1,0.5421572968440499,2,False,False,sh688041 sz300308
2025-09-29,sh601869,2025-09-04,0,0,75.560299999999998,105.255,False,0,False,False,3.0589018712908032,1,0.54436611085986208,2,False,False,sh688041 sz300308
2025-09-29,sh688498,2025-09-04,0,0,208.68940000000001,282.709,True,1,True,False,3.7493747242356879,1,0.54436611085986208,2,False,False,sh688041 sz300308
2025-09-30,sh601869,2025-09-04,0,0,75.560299999999998,100.545,False,0,False,False,2.7694455224935806,1,0.54842440514043089,2,False,False,sh688041 sz300308
2025-09-30,sh688498,2025-09-04,0,0,208.68940000000001,295.666,True,2,True,False,3.9231255497270654,1,0.54842440514043089,2,False,False,sh688041 sz300308
2025-10-09,sh601869,2025-09-04,0,0,75.560299999999998,97.685000000000002,False,0,False,False,2.6981158578617541,1,0.54075338511211746,2,False,False,sh688041 sz300308
2025-10-09,sh688498,2025-09-04,0,0,208.68940000000001,283.86200000000002,True,3,False,False,3.4887914843247527,1,0.54075338511211746,2,False,False,sh688041 sz300308
2025-10-10,sh601869,2025-09-04,0,0,75.560299999999998,90.935000000000002,False,0,False,False,2.5768518142125605,1,0.55906645673192013,2,False,False,sh688041 sz300308
2025-10-10,sh688498,2025-09-04,0,0,208.68940000000001,265.29899999999998,False,0,False,False,2.9173226652683599,1,0.55906645673192013,2,False,False,sh688041 sz300308
2025-10-13,sh601869,2025-09-04,0,0,75.560299999999998,88.305000000000007,False,0,False,False,2.9756331836157357,1,0.55849214040557382,2,False,False,sh688041 sz300308
2025-10-13,sh688498,2025-09-04,0,0,208.68940000000001,255.28299999999999,False,0,False,False,2.6962046244195643,1,0.55849214040557382,2,False,False,sh688041 sz300308
2025-10-14,sh688041,2025-10-14,13232.726639632961,0,213.7415,227.36000000000001,False,0,False,False,1.862790322271942,0,0.57629898516058975,2,True,False,sh688041 sz300308
2025-10-14,sh688498,2025-09-04,0,0,208.68940000000001,238.715,False,0,False,False,2.2847269758158668,0,0.57629898516058975,2,True,False,sh688041 sz300308
2025-10-15,sh688041,2025-10-14,0,0,213.7415,240.81,False,0,False,True,2.0868586199966312,0,1,0,False,False,
2025-10-15,sh688498,2025-09-04,0,0,208.68940000000001,249.22200000000001,False,0,False,False,2.3141375861677549,0,1,0,False,False,
2025-10-16,sh688041,2025-10-14,0,0,213.7415,232.77000000000001,False,0,False,True,1.8953601511926133,0,1,0,False,False,
2025-10-16,sh688498,2025-09-04,0,0,208.68940000000001,248.179,False,0,False,False,2.2530084622292854,0,1,0,False,False,
2025-10-17,sh688041,2025-10-14,0,0,213.7415,228.00999999999999,False,0,False,True,1.7094244343271137,0,1,0,False,False,
2025-10-17,sh688498,2025-09-04,0,0,208.68940000000001,249.13900000000001,False,0,False,False,2.3844246301710301,0,1,0,False,False,
2025-10-20,sh688041,2025-10-14,0,0,213.7415,228.5,False,0,False,True,1.3927404265623251,0,1,0,False,False,
2025-10-20,sh688498,2025-09-04,0,0,208.68940000000001,285.298,True,1,False,False,2.5775152829833314,0,1,0,False,False,
2025-10-21,sh688041,2025-10-14,0,0,213.7415,236.66,False,0,False,True,1.5912186532950328,0,1,0,False,False,
2025-10-21,sh688498,2025-09-04,0,0,208.68940000000001,342.45699999999999,True,2,True,False,2.8327245016887606,0,1,0,False,False,
2025-10-22,sh688041,2025-10-14,0,0,213.7415,241.55000000000001,True,1,False,True,1.6965858546373001,0,1,0,False,False,
2025-10-22,sh688498,2025-09-04,0,0,208.68940000000001,331.90800000000002,True,3,False,False,2.6763961615146212,0,1,0,False,False,
2025-10-23,sh688041,2025-10-14,0,0,213.7415,235.91,True,2,False,True,1.3817730034736688,0,1,0,False,False,
2025-10-23,sh688498,2025-09-04,0,0,208.68940000000001,326.91000000000003,True,4,True,False,2.6535793839860293,0,1,0,False,False,
2025-10-24,sh688041,2025-10-14,0,0,213.7415,248.77000000000001,True,3,True,True,1.7352491180280289,0,1,0,False,False,
2025-10-24,sh688498,2025-09-04,0,0,208.68940000000001,343.98899999999998,True,5,True,False,3.0614725892330932,0,1,0,False,False,
2025-10-27,sh688041,2025-10-14,0,0,213.7415,250.78999999999999,True,4,True,True,1.6420664508227103,0,1,0,False,False,
2025-10-27,sh688498,2025-09-04,0,0,208.68940000000001,357.35399999999998,True,6,True,False,3.4804773759375629,0,1,0,False,False,
2025-10-28,sh688041,2025-10-14,0,0,213.7415,245.5,True,5,True,False,1.722390294240415,0.5,1,0,False,True,
2025-10-28,sh688498,2025-09-04,0,0,208.68940000000001,353.654,True,7,True,False,3.5268477000746978,0.5,1,0,False,True,
2025-10-29,sh688041,2025-10-14,0,0,213.7415,246.59999999999999,True,6,True,False,1.9348359547132785,0.5,0.74749700407080921,2,False,False,sz300308 sz300502
2025-10-29,sh688498,2025-09-04,0,0,208.68940000000001,350.71300000000002,True,8,True,False,3.4939584982933893,0.5,0.74749700407080921,2,False,False,sz300308 sz300502
2025-10-30,sh688041,2025-10-14,0,0,213.7415,237.96000000000001,False,0,False,False,1.7519697092231927,0.5,0.755765459104217,2,False,False,sz300308 sz300502
2025-10-30,sh688498,2025-09-04,0,0,208.68940000000001,358.89999999999998,True,9,True,False,3.5101304378243974,0.5,0.755765459104217,2,False,False,sz300308 sz300502
2025-10-31,sh688041,2025-10-14,0,0,213.7415,229.09,False,0,False,False,1.2111943196291346,0.5,0.77092064660294601,2,False,False,sz300308 sz300502
2025-10-31,sh688498,2025-09-04,0,0,208.68940000000001,350.25,True,10,True,False,3.2691957499969999,0.5,0.77092064660294601,2,False,False,sz300308 sz300502
2025-11-03,sh688498,2025-09-04,0,0,208.68940000000001,364.69900000000001,True,11,True,False,3.6732540378774154,0.5,0.76892384437047401,2,False,False,sz300308 sz300502
2025-11-04,sh688498,2025-09-04,0,0,208.68940000000001,355.75900000000001,True,12,True,False,4.7201782024764336,0.5,0.76907570288627747,2,True,False,sz300308 sz300502
2025-11-05,sh688498,2025-09-04,0,3505.0973247440888,208.68940000000001,365.03699999999998,True,13,True,False,5.1214123296785381,0.5,0.87330580631701893,1,False,True,sz300308
2025-11-21,sz300308,2025-11-21,2204.0967579747121,0,461.81999999999999,463.00999999999999,False,0,False,False,4.2454978568876394,0,0.71719127233212843,2,True,False,sh688498 sz300308
