symbol,entry,entry_signal,net_cash,buy_notional,buys,sells,entry_reason,exit,exit_signal,pnl,exit_reason,return_on_buys
sh688256,2023-02-07,2023-02-06,64710.092494694458,489747.16790999996,1,1,FUNDED_EXPECTED_RETURN_ENTRY,2023-02-17,2023-02-16,64710.092494694458,FULL_EXIT_RETRY,0.13212958998996421
sz300394,2023-02-07,2023-02-06,138666.21411192208,497146.64999999997,1,1,FUNDED_EXPECTED_RETURN_ENTRY,2023-03-06,2023-03-03,138666.21411192208,FULL_EXIT_RETRY,0.27892416475485066
sh688072,2023-02-20,2023-02-17,85089.066525065689,576065.73023999983,1,1,FUNDED_EXPECTED_RETURN_ENTRY,2023-04-06,2023-04-04,85089.066525065689,EXPECTED_RETURN_LEADER_REPLACEMENT,0.14770721821903202
sh688256,2023-03-07,2023-03-06,700356.66732338758,637181.54499999993,1,1,FUNDED_EXPECTED_RETURN_ENTRY,2023-04-14,2023-04-13,700356.66732338758,FULL_EXIT_RETRY,1.0991477590949179
sz300502,2023-04-07,2023-04-06,94369.568208297016,661160.5,1,1,FUNDED_EXPECTED_RETURN_ENTRY,2023-04-24,2023-04-21,94369.568208297016,FULL_EXIT_RETRY,0.14273322167355282
sh688498,2023-04-25,2023-04-24,-85869.223177035921,740240.60109999997,1,1,FUNDED_EXPECTED_RETURN_ENTRY,2023-04-26,2023-04-25,-85869.223177035921,FULL_EXIT_RETRY,-0.11600177435476246
sz002281,2023-02-07,2023-02-06,108321.91752425174,488237.75,1,1,FUNDED_EXPECTED_RETURN_ENTRY,2023-04-27,2023-04-26,108321.91752425174,FULL_EXIT_RETRY,0.22186305242528201
sh688256,2023-05-04,2023-04-28,-107877.78987770813,620916.79649999994,1,1,FUNDED_EXPECTED_RETURN_ENTRY,2023-05-08,2023-05-05,-107877.78987770813,FULL_EXIT_RETRY,-0.17373952594904257
sh688041,2023-05-04,2023-04-28,-102708.28537575365,623761.63849999988,1,1,FUNDED_EXPECTED_RETURN_ENTRY,2023-05-11,2023-05-10,-102708.28537575365,FULL_EXIT_RETRY,-0.16465950939647864
sh688072,2023-04-17,2023-04-14,-23144.974887224147,1338112.7759999998,1,1,FUNDED_EXPECTED_RETURN_ENTRY,2023-06-06,2023-06-05,-23144.974887224147,EXPECTED_RETURN_LEADER_REPLACEMENT,-0.01729672961976424
sh688037,2023-02-07,2023-02-06,154705.55148571252,500446.82687999995,1,1,FUNDED_EXPECTED_RETURN_ENTRY,2023-06-27,2023-06-26,154705.55148571252,FULL_EXIT_RETRY|OBSERVED_TREND_EXIT,0.30913484345622344
sz002371,2023-06-07,2023-06-06,-52654.735073182499,1301199.8999999999,1,1,FUNDED_EXPECTED_RETURN_ENTRY,2023-06-27,2023-06-26,-52654.735073182499,FULL_EXIT_RETRY|OBSERVED_TREND_EXIT,-0.040466291976492236
sh688072,2023-07-03,2023-06-30,-178187.77070260781,962011.04999999981,1,1,FUNDED_EXPECTED_RETURN_ENTRY,2023-07-06,2023-07-05,-178187.77070260781,FULL_EXIT_RETRY,-0.18522424529594317
sz300502,2023-07-07,2023-07-06,-96837.25793549791,782251.46999999997,1,1,FUNDED_EXPECTED_RETURN_ENTRY,2023-07-13,2023-07-12,-96837.25793549791,FULL_EXIT_RETRY,-0.12379300218572668
sh688120,2023-06-29,2023-06-28,-111077.06663512578,961942.98199999996,1,1,FUNDED_EXPECTED_RETURN_ENTRY|WAIT_FOR_OBSERVED_RISING_TREND,2023-07-18,2023-07-17,-111077.06663512578,FULL_EXIT_RETRY|OBSERVED_TREND_EXIT,-0.11547157026311751
sz300308,2023-05-16,2023-05-15,348830.86939302681,522978.45599999989,1,1,FUNDED_EXPECTED_RETURN_ENTRY,2023-07-21,2023-07-20,348830.86939302681,FULL_EXIT_RETRY,0.66700810595728799
sh688498,2023-07-19,2023-07-18,-190531.44263344153,858408.30075000005,1,1,FUNDED_EXPECTED_RETURN_ENTRY,2023-07-27,2023-07-26,-190531.44263344153,FULL_EXIT_RETRY|OBSERVED_TREND_EXIT,-0.2219589937177591
sz002409,2023-05-09,2023-05-08,-10382.61656929052,525973.44799999986,1,1,FUNDED_EXPECTED_RETURN_ENTRY,2023-07-31,2023-07-28,-10382.61656929052,FULL_EXIT_RETRY|OBSERVED_TREND_EXIT,-0.019739811218171078
sh603986,2023-07-14,2023-07-13,-84179.429443487898,679720.04099999997,1,1,FUNDED_EXPECTED_RETURN_ENTRY,2023-08-08,2023-08-07,-84179.429443487898,FULL_EXIT_RETRY|OBSERVED_TREND_EXIT,-0.12384426582397605
sh601869,2023-10-13,2023-10-12,-19958.123523845628,303375.07199999999,1,1,FUNDED_EXPECTED_RETURN_ENTRY,2023-10-20,2023-10-19,-19958.123523845628,FULL_EXIT_RETRY|OBSERVED_TREND_EXIT,-0.065786959331469497
sh688082,2023-10-13,2023-10-12,-50536.924927690299,653413.28051999991,1,1,FUNDED_EXPECTED_RETURN_ENTRY,2023-11-23,2023-11-22,-50536.924927690299,FULL_EXIT_RETRY|OBSERVED_TREND_EXIT,-0.077342971797989726
sh688019,2023-10-13,2023-10-12,-58737.295843250002,652322.39071999991,1,1,FUNDED_EXPECTED_RETURN_ENTRY,2023-12-05,2023-12-04,-58737.295843250002,FULL_EXIT_RETRY|OBSERVED_TREND_EXIT,-0.090043353836772019
sh600206,2023-11-09,2023-11-08,-19900.069398852764,553795.24199999997,1,1,FUNDED_EXPECTED_RETURN_ENTRY,2023-12-07,2023-12-06,-19900.069398852764,FULL_EXIT_RETRY|OBSERVED_TREND_EXIT,-0.035933984060579495
sh688012,2023-10-13,2023-10-12,-30767.218462982681,659793.13399999985,1,1,FUNDED_EXPECTED_RETURN_ENTRY,2023-12-11,2023-12-08,-30767.218462982681,FULL_EXIT_RETRY|OBSERVED_TREND_EXIT,-0.046631613573266874
sh688535,2023-12-12,2023-12-11,-11835.010251091677,588395.80799999996,1,1,FUNDED_EXPECTED_RETURN_ENTRY,2023-12-13,2023-12-12,-11835.010251091677,FULL_EXIT_RETRY,-0.020114028839395941
sh688008,2023-12-12,2023-12-11,-44530.583706170437,588249.70204,1,1,FUNDED_EXPECTED_RETURN_ENTRY,2023-12-27,2023-12-26,-44530.583706170437,FULL_EXIT_RETRY|OBSERVED_TREND_EXIT,-0.075700138141578582
sz300394,2023-12-12,2023-12-11,-98437.551264928945,577376.79999999993,1,1,FUNDED_EXPECTED_RETURN_ENTRY,2024-01-09,2024-01-08,-98437.551264928945,FULL_EXIT_RETRY|OBSERVED_TREND_EXIT,-0.17049100563952163
sh688041,2023-11-29,2023-11-28,-16868.298462818842,708453.8661199999,1,1,FUNDED_EXPECTED_RETURN_ENTRY,2024-01-10,2024-01-09,-16868.298462818842,FULL_EXIT_RETRY|OBSERVED_TREND_EXIT,-0.023810016811965061
sh688205,2024-03-06,2024-03-05,-36561.497668542375,497157.28061999992,1,1,FUNDED_EXPECTED_RETURN_ENTRY,2024-03-27,2024-03-26,-36561.497668542375,FULL_EXIT_RETRY|OBSERVED_TREND_EXIT,-0.073541108807552602
sh688300,2024-03-06,2024-03-05,-50557.035935254418,578772.89469999983,1,1,FUNDED_EXPECTED_RETURN_ENTRY,2024-03-27,2024-03-26,-50557.035935254418,FULL_EXIT_RETRY|OBSERVED_TREND_EXIT,-0.087352114099019912
sh688498,2024-03-01,2024-02-29,-47562.044554125285,581716.34520999994,1,1,FUNDED_EXPECTED_RETURN_ENTRY|WAIT_FOR_OBSERVED_RISING_TREND,2024-03-27,2024-03-26,-47562.044554125285,FULL_EXIT_RETRY|OBSERVED_TREND_EXIT,-0.0817615749424324
sh688535,2024-03-05,2024-03-04,-78889.487200956035,561835.17390000005,1,1,FUNDED_EXPECTED_RETURN_ENTRY|WAIT_FOR_OBSERVED_RISING_TREND,2024-03-28,2024-03-27,-78889.487200956035,FULL_EXIT_RETRY,-0.14041393430984694
sz002371,2024-05-06,2024-04-30,-9941.0251052111271,517476.96000000002,1,1,FUNDED_EXPECTED_RETURN_ENTRY,2024-05-07,2024-05-06,-9941.0251052111271,EXPECTED_RETURN_LEADER_REPLACEMENT,-0.019210565636025856
sz300502,2024-05-08,2024-05-07,11758.987288727891,508638.12999999989,1,1,FUNDED_EXPECTED_RETURN_ENTRY,2024-05-13,2024-05-10,11758.987288727891,FULL_EXIT_RETRY,0.02311857211477223
sz002281,2024-05-06,2024-04-30,-68034.791244275693,528377.84999999998,1,1,FUNDED_EXPECTED_RETURN_ENTRY,2024-05-15,2024-05-14,-68034.791244275693,FULL_EXIT_RETRY|OBSERVED_TREND_EXIT,-0.1287616262571864
sh688256,2024-05-06,2024-04-30,-20006.988837228972,536279.74399999995,1,1,FUNDED_EXPECTED_RETURN_ENTRY,2024-05-27,2024-05-24,-20006.988837228972,FULL_EXIT_RETRY,-0.037307000797757103
sz300776,2024-05-21,2024-05-20,-9769.1672071217326,952005.05399999977,1,1,FUNDED_EXPECTED_RETURN_ENTRY,2024-05-27,2024-05-24,-9769.1672071217326,FULL_EXIT_RETRY,-0.01026167578215581
sz002281,2024-05-23,2024-05-22,-3262.6445017652622,29565.535999999993,1,1,FUNDED_EXPECTED_RETURN_ENTRY,2024-05-30,2024-05-29,-3262.6445017652622,FULL_EXIT_RETRY|OBSERVED_TREND_EXIT,-0.11035296305012915
sh688249,2024-06-12,2024-06-11,-4025.5182926713023,159440.28099999999,1,1,FUNDED_EXPECTED_RETURN_ENTRY,2024-07-09,2024-07-08,-4025.5182926713023,FULL_EXIT_RETRY,-0.025247812330883326
sh688008,2024-05-31,2024-05-30,20848.240972399275,161175.39437999998,1,1,FUNDED_EXPECTED_RETURN_ENTRY|WAIT_FOR_OBSERVED_RISING_TREND,2024-07-24,2024-07-23,20848.240972399275,FULL_EXIT_RETRY,0.12935126389854396
sz002409,2024-05-06,2024-04-30,-50006.750959933444,499058.55999999982,1,1,FUNDED_EXPECTED_RETURN_ENTRY,2024-07-25,2024-07-24,-50006.750959933444,FULL_EXIT_RETRY|OBSERVED_TREND_EXIT,-0.10020217058281389
sh603986,2024-07-11,2024-07-10,-21037.676266083203,147597.44999999998,1,1,FUNDED_EXPECTED_RETURN_ENTRY,2024-07-26,2024-07-25,-21037.676266083203,FULL_EXIT_RETRY|OBSERVED_TREND_EXIT,-0.14253414449967264
sh688347,2024-08-02,2024-08-01,-18376.577013960021,252486.234,1,1,FUNDED_EXPECTED_RETURN_ENTRY,2024-08-06,2024-08-05,-18376.577013960021,FULL_EXIT_RETRY|OBSERVED_TREND_EXIT,-0.072782490842490929
sz002371,2024-05-28,2024-05-27,34732.691728056408,1167005.8399999999,1,1,FUNDED_EXPECTED_RETURN_ENTRY,2024-08-08,2024-08-07,34732.691728056408,FULL_EXIT_RETRY|OBSERVED_TREND_EXIT,0.029762226149662126
sh688072,2024-08-02,2024-08-01,-14703.449025577458,252930.17749999999,1,1,FUNDED_EXPECTED_RETURN_ENTRY,2024-08-16,2024-08-15,-14703.449025577458,FULL_EXIT_RETRY|OBSERVED_TREND_EXIT,-0.058132442600991964
sh688120,2024-08-02,2024-08-01,-28718.376228073175,250395.51536999995,1,1,FUNDED_EXPECTED_RETURN_ENTRY,2024-08-21,2024-08-20,-28718.376228073175,FULL_EXIT_RETRY|OBSERVED_TREND_EXIT,-0.11469205502996777
sh688205,2024-10-18,2024-10-17,388197.27848861518,780411.85221999988,1,1,FUNDED_EXPECTED_RETURN_ENTRY,2024-11-06,2024-11-05,388197.27848861518,FULL_EXIT_RETRY,0.4974261697645021
sh688535,2024-11-07,2024-11-06,194015.69637420541,594657.06299999997,1,1,FUNDED_EXPECTED_RETURN_ENTRY,2024-11-26,2024-11-25,194015.69637420541,FULL_EXIT_RETRY,0.32626484817217316
sh688019,2024-12-02,2024-11-29,-72064.407378879027,788564.97719999996,1,1,FUNDED_EXPECTED_RETURN_ENTRY,2024-12-18,2024-12-17,-72064.407378879027,FULL_EXIT_RETRY|OBSERVED_TREND_EXIT,-0.091386771493152011
sh688037,2024-11-07,2024-11-06,-31970.3942570691,577778.86165999982,1,1,FUNDED_EXPECTED_RETURN_ENTRY,2024-12-18,2024-12-17,-31970.3942570691,FULL_EXIT_RETRY|OBSERVED_TREND_EXIT,-0.055333270873247041
sz300776,2024-10-30,2024-10-29,-124039.81584163732,1081480.4000000001,1,1,FUNDED_EXPECTED_RETURN_ENTRY,2024-12-19,2024-12-18,-124039.81584163732,FULL_EXIT_RETRY|OBSERVED_TREND_EXIT,-0.1146944649589926
sh603986,2024-12-24,2024-12-23,240402.15565187566,854053.19999999995,1,1,FUNDED_EXPECTED_RETURN_ENTRY,2025-02-10,2025-02-07,240402.15565187566,FULL_EXIT_RETRY|OBSERVED_TREND_EXIT,0.28148381816481183
sh688300,2024-12-20,2024-12-19,-60068.835511116013,1360127.8891199999,1,2,FUNDED_EXPECTED_RETURN_ENTRY,2025-02-10,2025-02-07,-60068.835511116013,FULL_EXIT_RETRY|OBSERVED_TREND_EXIT,-0.044164108383940595
sh601869,2025-02-24,2025-02-21,-37305.397643183474,610712.10199999996,1,1,FUNDED_EXPECTED_RETURN_ENTRY,2025-03-03,2025-02-28,-37305.397643183474,FULL_EXIT_RETRY,-0.061085080058203067
sh688082,2025-02-13,2025-02-12,-10628.538160976255,610892.93264999997,1,1,FUNDED_EXPECTED_RETURN_ENTRY|WAIT_FOR_OBSERVED_RISING_TREND,2025-03-21,2025-03-20,-10628.538160976255,FULL_EXIT_RETRY|OBSERVED_TREND_EXIT,-0.017398364906384804
sz002281,2024-10-31,2024-10-30,4408.6170900326106,39540.500999999997,1,1,FUNDED_EXPECTED_RETURN_ENTRY,2025-03-21,2025-03-20,4408.6170900326106,FULL_EXIT_RETRY|OBSERVED_TREND_EXIT,0.11149623749159403
sh688072,2025-03-13,2025-03-12,-45873.593157853815,576370.35456000012,1,1,FUNDED_EXPECTED_RETURN_ENTRY,2025-03-24,2025-03-21,-45873.593157853815,FULL_EXIT_RETRY|OBSERVED_TREND_EXIT,-0.079590479966433411
sz002371,2025-02-12,2025-02-11,31400.419940391323,1175645.4709999997,1,1,FUNDED_EXPECTED_RETURN_ENTRY|WAIT_FOR_OBSERVED_RISING_TREND,2025-04-01,2025-03-31,31400.419940391323,FULL_EXIT_RETRY|OBSERVED_TREND_EXIT,0.02670908935980695
sh688205,2025-05-12,2025-05-09,221801.66441863729,808773.48551999987,1,1,FUNDED_EXPECTED_RETURN_ENTRY|WAIT_FOR_OBSERVED_RISING_TREND,2025-06-23,2025-06-20,221801.66441863729,FULL_EXIT_RETRY,0.27424448054949552
sh688498,2025-06-20,2025-06-19,53286.65174785041,394563.11894999992,1,1,FUNDED_EXPECTED_RETURN_ENTRY,2025-07-01,2025-06-30,53286.65174785041,EXPECTED_RETURN_LEADER_REPLACEMENT,0.13505228742528019
sz300308,2025-05-15,2025-05-14,319343.05081779382,774974.19999999995,1,1,FUNDED_EXPECTED_RETURN_ENTRY|WAIT_FOR_OBSERVED_RISING_TREND,2025-07-07,2025-07-04,319343.05081779382,FULL_EXIT_RETRY,0.41206926736115063
sz300394,2025-07-02,2025-07-01,38504.063824848621,431631.20000000001,1,1,FUNDED_EXPECTED_RETURN_ENTRY,2025-07-14,2025-07-11,38504.063824848621,FULL_EXIT_RETRY,0.089205932807564933
sz002281,2025-06-25,2025-06-24,380990.23244172032,1029298.2699999999,1,1,FUNDED_EXPECTED_RETURN_ENTRY,2025-09-03,2025-09-02,380990.23244172032,FULL_EXIT_RETRY,0.37014560652251011
sh603986,2025-09-04,2025-09-03,-80201.806970362435,693592.89999999991,1,1,FUNDED_EXPECTED_RETURN_ENTRY,2025-09-05,2025-09-04,-80201.806970362435,FULL_EXIT_RETRY,-0.11563239325310631
sh688008,2025-09-04,2025-09-03,-56242.00584004086,707649.44249999989,1,1,FUNDED_EXPECTED_RETURN_ENTRY,2025-09-05,2025-09-04,-56242.00584004086,FULL_EXIT_RETRY,-0.07947721352163839
sh688256,2025-07-28,2025-07-25,1280189.1100307475,1581784.2039999999,1,1,FUNDED_EXPECTED_RETURN_ENTRY,2025-09-05,2025-09-04,1280189.1100307475,FULL_EXIT_RETRY,0.80933233926184001
sh688300,2025-06-19,2025-06-18,68309.039296049508,403334.86192999996,1,1,FUNDED_EXPECTED_RETURN_ENTRY|WAIT_FOR_OBSERVED_RISING_TREND,2025-09-10,2025-09-09,68309.039296049508,FULL_EXIT_RETRY|OBSERVED_TREND_EXIT,0.16936061259169002
sz300604,2025-09-12,2025-09-11,373918.45240559173,1180893.7139999999,1,1,FUNDED_EXPECTED_RETURN_ENTRY,2025-09-23,2025-09-22,373918.45240559173,EXPECTED_RETURN_LEADER_REPLACEMENT,0.31664022593450081
sh688041,2025-09-24,2025-09-23,-97323.160766853252,1583343.9722099998,1,1,FUNDED_EXPECTED_RETURN_ENTRY,2025-10-13,2025-10-10,-97323.160766853252,FULL_EXIT_RETRY,-0.061466846418097978
sh688082,2025-09-12,2025-09-11,265583.23994557746,1139850.7119999996,1,1,FUNDED_EXPECTED_RETURN_ENTRY,2025-10-15,2025-10-14,265583.23994557746,FULL_EXIT_RETRY|OBSERVED_TREND_EXIT,0.23299826648314412
sz300776,2025-09-12,2025-09-11,-139056.35684549448,1149938.7899999998,1,1,FUNDED_EXPECTED_RETURN_ENTRY,2025-10-15,2025-10-14,-139056.35684549448,FULL_EXIT_RETRY|OBSERVED_TREND_EXIT,-0.12092500753496149
sz002409,2025-10-16,2025-10-15,80033.800333069637,1205629.4249999998,1,1,FUNDED_EXPECTED_RETURN_ENTRY,2025-10-29,2025-10-28,80033.800333069637,EXPECTED_RETURN_LEADER_REPLACEMENT,0.066383416556932195
sh601869,2025-09-12,2025-09-11,-39804.622961691581,1107614.5079999999,1,1,FUNDED_EXPECTED_RETURN_ENTRY,2025-10-31,2025-10-30,-39804.622961691581,FULL_EXIT_RETRY,-0.035937253145560621
sz300604,2025-10-30,2025-10-29,-188618.85423279554,1284252.97,1,1,FUNDED_EXPECTED_RETURN_ENTRY,2025-11-05,2025-11-04,-188618.85423279554,FULL_EXIT_RETRY,-0.14687048318276075
sh688268,2025-10-16,2025-10-15,-166325.48128664083,1205002.8991,1,2,FUNDED_EXPECTED_RETURN_ENTRY,2025-11-19,2025-11-18,-166325.48128664083,FULL_EXIT_RETRY|OBSERVED_TREND_EXIT,-0.13802911296799952
sh688249,2025-10-14,2025-10-13,-379193.72486901842,1486251.2064399999,1,1,FUNDED_EXPECTED_RETURN_ENTRY,2025-11-21,2025-11-20,-379193.72486901842,FULL_EXIT_RETRY,-0.2551343428526438
sz300054,2025-11-20,2025-11-19,-77625.605330756167,1049452.4039999999,1,1,FUNDED_EXPECTED_RETURN_ENTRY,2025-11-27,2025-11-26,-77625.605330756167,FULL_EXIT_RETRY|OBSERVED_TREND_EXIT,-0.073967723581255598
sh688072,2025-11-03,2025-10-31,-35313.166127770324,1056334.5292499999,1,1,FUNDED_EXPECTED_RETURN_ENTRY,2025-12-02,2025-12-01,-35313.166127770324,FULL_EXIT_RETRY,-0.033429907997841138
sh688012,2025-11-07,2025-11-06,-157072.62577028049,1103134.8127799996,1,1,FUNDED_EXPECTED_RETURN_ENTRY,2025-12-03,2025-12-02,-157072.62577028049,FULL_EXIT_RETRY|OBSERVED_TREND_EXIT,-0.14238751596864507
sz002371,2025-12-04,2025-12-03,158213.4381790366,1330205.8769999999,1,1,FUNDED_EXPECTED_RETURN_ENTRY,2025-12-24,2025-12-23,158213.4381790366,EXPECTED_RETURN_LEADER_REPLACEMENT,0.11893906117439039
sz300223,2025-12-04,2025-12-03,486232.15270060953,1313707.3949999998,1,1,FUNDED_EXPECTED_RETURN_ENTRY,2026-01-08,2026-01-07,486232.15270060953,FULL_EXIT_RETRY,0.37012210980254823
sh688535,2025-12-25,2025-12-24,211186.47849037638,1474092.6199999999,1,1,FUNDED_EXPECTED_RETURN_ENTRY,2026-01-23,2026-01-22,211186.47849037638,EXPECTED_RETURN_LEADER_REPLACEMENT,0.14326540654574094
sz300776,2026-01-26,2026-01-23,-204648.04125171504,1673159.4879999999,1,1,FUNDED_EXPECTED_RETURN_ENTRY,2026-01-27,2026-01-26,-204648.04125171504,FULL_EXIT_RETRY,-0.12231233347416254
sz300666,2025-12-15,2025-12-12,15222.67639240087,52858.80599999999,1,1,FUNDED_EXPECTED_RETURN_ENTRY,2026-02-06,2026-02-05,15222.67639240087,FULL_EXIT_RETRY,0.28798751890840807
sz002281,2026-01-28,2026-01-27,-107911.50017075939,1481129.6499999997,1,1,FUNDED_EXPECTED_RETURN_ENTRY,2026-02-09,2026-02-06,-107911.50017075939,FULL_EXIT_RETRY|OBSERVED_TREND_EXIT,-0.072857565285226328
sh688120,2026-01-09,2026-01-08,134551.00893929251,1815065.2519999999,1,1,FUNDED_EXPECTED_RETURN_ENTRY,2026-03-02,2026-02-27,134551.00893929251,EXPECTED_RETURN_LEADER_REPLACEMENT,0.074130122204164442
sh688300,2026-03-03,2026-03-02,613422.01120981853,1730799.0700000001,1,1,FUNDED_EXPECTED_RETURN_ENTRY,2026-03-12,2026-03-11,613422.01120981853,FULL_EXIT_RETRY,0.35441549619611162
bj920045,2026-02-10,2026-02-09,-117217.0864994307,719745.02599999995,1,1,FUNDED_EXPECTED_RETURN_ENTRY,2026-03-18,2026-03-17,-117217.0864994307,FULL_EXIT_RETRY,-0.16285918243974182
sz300776,2026-02-10,2026-02-09,-113338.58571682207,710665.95599999989,1,1,FUNDED_EXPECTED_RETURN_ENTRY,2026-03-19,2026-03-18,-113338.58571682207,FULL_EXIT_RETRY|OBSERVED_TREND_EXIT,-0.15948222193553632
sh688268,2026-03-13,2026-03-12,495005.96743309661,1753551.7999999998,1,1,FUNDED_EXPECTED_RETURN_ENTRY,2026-04-09,2026-04-08,495005.96743309661,FULL_EXIT_RETRY,0.28228762186158213
sz300502,2026-03-20,2026-03-19,467099.11224790942,2014412.3999999997,1,1,FUNDED_EXPECTED_RETURN_ENTRY,2026-04-21,2026-04-20,467099.11224790942,FULL_EXIT_RETRY,0.23187859260988936
sh688409,2026-04-10,2026-04-09,239096.4155363522,1120992.6727999998,1,1,FUNDED_EXPECTED_RETURN_ENTRY,2026-04-28,2026-04-27,239096.4155363522,EXPECTED_RETURN_LEADER_REPLACEMENT,0.2132899004050941
sh688347,2026-04-29,2026-04-28,820875.83629950369,1350639.2299399998,1,1,FUNDED_EXPECTED_RETURN_ENTRY,2026-05-28,2026-05-27,820875.83629950369,FULL_EXIT_RETRY,0.6077683944779021
sz300054,2025-12-04,2025-12-03,1262215.1455507965,1348034.6879999996,1,1,FUNDED_EXPECTED_RETURN_ENTRY,2026-06-01,2026-05-29,1262215.1455507965,FULL_EXIT_RETRY,0.93633728923064397
sh688019,2026-04-10,2026-04-09,408734.83344464074,1133362.7304999998,1,1,FUNDED_EXPECTED_RETURN_ENTRY,2026-06-29,2026-06-26,408734.83344464074,EXPECTED_RETURN_LEADER_REPLACEMENT,0.36063902795208491
sz300223,2026-06-02,2026-06-01,1764147.1285251006,2648701.0549999997,1,1,FUNDED_EXPECTED_RETURN_ENTRY,2026-07-03,2026-07-02,1764147.1285251006,FULL_EXIT_RETRY,0.66604237016287249
sh688037,2026-07-06,2026-07-03,225276.87150843535,4412177.2694999995,1,1,FUNDED_EXPECTED_RETURN_ENTRY,2026-07-13,2026-07-10,225276.87150843535,FULL_EXIT_RETRY,0.051057982884256226
sh688249,2026-06-30,2026-06-29,-170481.27222624933,1559338.4406599996,1,1,FUNDED_EXPECTED_RETURN_ENTRY,2026-07-13,2026-07-10,-170481.27222624933,FULL_EXIT_RETRY,-0.10932923076923062
sh688256,2026-04-22,2026-04-21,1487050.451122887,2461828.7093399996,1,1,FUNDED_EXPECTED_RETURN_ENTRY,2026-07-13,2026-07-10,1487050.451122887,FULL_EXIT_RETRY,0.60404302114161124
sz300308,2026-05-29,2026-05-28,-168164.80378631945,2144141.9999999995,1,1,FUNDED_EXPECTED_RETURN_ENTRY,2026-07-13,2026-07-10,-168164.80378631945,FULL_EXIT_RETRY,-0.078429881876442648
sh600206,2026-07-14,2026-07-13,-400561.33271047147,2936045.1119999997,1,1,FUNDED_EXPECTED_RETURN_ENTRY,2026-07-16,2026-07-15,-400561.33271047147,FULL_EXIT_RETRY,-0.13642887538523335
sh688072,2026-07-14,2026-07-13,-255608.90368865244,2849326.48,1,1,FUNDED_EXPECTED_RETURN_ENTRY,2026-07-16,2026-07-15,-255608.90368865244,FULL_EXIT_RETRY,-0.089708534800354803
sh688082,2026-07-14,2026-07-13,-487524.28359930683,2952172.9036799995,1,1,FUNDED_EXPECTED_RETURN_ENTRY,2026-07-16,2026-07-15,-487524.28359930683,FULL_EXIT_RETRY,-0.16514082999393045
sz002409,2026-07-14,2026-07-13,-409181.21532287961,3049286.2399999993,1,1,FUNDED_EXPECTED_RETURN_ENTRY,2026-07-16,2026-07-15,-409181.21532287961,FULL_EXIT_RETRY,-0.13418917842323641
sh688498,2026-07-17,2026-07-16,-222715.17574019916,5985729.7499999991,1,1,FUNDED_EXPECTED_RETURN_ENTRY,2026-07-20,2026-07-17,-222715.17574019916,FULL_EXIT_RETRY,-0.037207689795918236
sh688041,2026-07-22,2026-07-21,-802753.81174858194,4997590.5979999993,1,1,FUNDED_EXPECTED_RETURN_ENTRY,2026-07-30,2026-07-29,-802753.81174858194,FULL_EXIT_RETRY|OBSERVED_TREND_EXIT,-0.16062816591455858
sh688012,2026-07-22,2026-07-21,-698302.74979848228,4937589.8371799998,1,1,FUNDED_EXPECTED_RETURN_ENTRY,2026-08-03,2026-07-31,-698302.74979848228,FULL_EXIT_RETRY|OBSERVED_TREND_EXIT,-0.14142583179758469
sz002371,2026-07-23,2026-07-22,-24581.666532059928,229660.43099999995,1,1,FUNDED_EXPECTED_RETURN_ENTRY,2026-08-03,2026-07-31,-24581.666532059928,FULL_EXIT_RETRY|OBSERVED_TREND_EXIT,-0.10703483584449049
bj920045,2026-08-13,2026-08-12,-179084.648172474,2167700.4348999998,1,1,FUNDED_EXPECTED_RETURN_ENTRY|WAIT_FOR_OBSERVED_RISING_TREND,2026-08-20,2026-08-19,-179084.648172474,FULL_EXIT_RETRY,-0.082615035403051679
sh688019,2026-08-19,2026-08-18,-64590.83551982115,2080550.4719999996,1,1,FUNDED_EXPECTED_RETURN_ENTRY|WAIT_FOR_OBSERVED_RISING_TREND,2026-08-20,2026-08-19,-64590.83551982115,FULL_EXIT_RETRY,-0.03104507022977002
sh688120,2026-08-21,2026-08-20,-111630.15671633114,2060456.6482500001,1,1,FUNDED_EXPECTED_RETURN_ENTRY|WAIT_FOR_OBSERVED_RISING_TREND,2026-08-25,2026-08-24,-111630.15671633114,FULL_EXIT_RETRY,-0.054177386751204676
sh688498,2026-08-14,2026-08-13,-29619.992685887497,2185251.8687999998,1,1,FUNDED_EXPECTED_RETURN_ENTRY|WAIT_FOR_OBSERVED_RISING_TREND,2026-08-25,2026-08-24,-29619.992685887497,FULL_EXIT_RETRY,-0.013554498274907276
sz300394,2026-08-21,2026-08-20,-205401.66124499985,2072820.75,1,1,FUNDED_EXPECTED_RETURN_ENTRY|WAIT_FOR_OBSERVED_RISING_TREND,2026-08-25,2026-08-24,-205401.66124499985,FULL_EXIT_RETRY,-0.09909282374995515
sh688825,2026-08-28,2026-08-27,-1997012.5873097398,1996493.4989999998,1,0,FUNDED_EXPECTED_RETURN_ENTRY|WAIT_FOR_OBSERVED_RISING_TREND,OPEN,,-62859.967309739906,,-0.031485185071338871
sh601869,2026-08-31,2026-08-28,-1905898.9049099998,1905403.4999999998,1,0,FUNDED_EXPECTED_RETURN_ENTRY|WAIT_FOR_OBSERVED_RISING_TREND,OPEN,,321854.09509000019,,0.16891650250983598
